sample_id,subset,oil_label,surface_context,image_path,image_width,image_height,land_mask_path,safe_water_mask_path,mask_source,coast_buffer_pixels,polygon_count,land_pixels,land_ratio,safe_water_pixels,safe_water_ratio,excluded_pixels,excluded_ratio,generation_status,eligible_for_training,locked_test_used,land_ratio_for_selection,queue_index,annotation_status,manual_land_mask_path,manual_safe_water_mask_path,annotation_note,updated_at
nc:nc-0031-00-000031,nc,0,coast,data/external/dartis/raw/nc/nc-0031-00-000031.jpg,640,640,data/derived/v06_water_masks_homography/land/nc/nc-0031-00-000031.png,data/derived/v06_water_masks_homography/safe_water/nc/nc-0031-00-000031.png,OSM_GEOGRAPHIC_MASK,8,2,42867,0.10465576171875,358452,0.875126953125,51148,0.124873046875,SUCCESS,True,False,0.10465576171875,1,PENDING,,,,
nc:nc-0043-00-000043,nc,0,coast,data/external/dartis/raw/nc/nc-0043-00-000043.jpg,640,640,data/derived/v06_water_masks_homography/land/nc/nc-0043-00-000043.png,data/derived/v06_water_masks_homography/safe_water/nc/nc-0043-00-000043.png,OSM_GEOGRAPHIC_MASK,8,2,26666,0.0651025390625,377703,0.92212646484375,31897,0.07787353515625,SUCCESS,True,False,0.0651025390625,2,PENDING,,,,
nc:nc-0095-01-000019,nc,0,coast,data/external/dartis/raw/nc/nc-0095-01-000019.jpg,640,640,data/derived/v06_water_masks_homography/land/nc/nc-0095-01-000019.png,data/derived/v06_water_masks_homography/safe_water/nc/nc-0095-01-000019.png,OSM_GEOGRAPHIC_MASK,8,1,35280,0.0861328125,367371,0.89690185546875,42229,0.10309814453125,SUCCESS,True,False,0.0861328125,3,PENDING,,,,
nc:nc-0155-01-000079,nc,0,coast,data/external/dartis/raw/nc/nc-0155-01-000079.jpg,640,640,data/derived/v06_water_masks_homography/land/nc/nc-0155-01-000079.png,data/derived/v06_water_masks_homography/safe_water/nc/nc-0155-01-000079.png,OSM_GEOGRAPHIC_MASK,8,1,75059,0.18324951171875,328208,0.8012890625,81392,0.1987109375,SUCCESS,True,False,0.18324951171875,4,PENDING,,,,
nc:nc-0284-04-000005,nc,0,coast,data/external/dartis/raw/nc/nc-0284-04-000005.jpg,640,640,data/derived/v06_water_masks_homography/land/nc/nc-0284-04-000005.png,data/derived/v06_water_masks_homography/safe_water/nc/nc-0284-04-000005.png,OSM_GEOGRAPHIC_MASK,8,3,271917,0.66385986328125,107979,0.26362060546875,301621,0.73637939453125,SUCCESS,True,False,0.66385986328125,5,PENDING,,,,
nc:nc-0287-04-000008,nc,0,coast,data/external/dartis/raw/nc/nc-0287-04-000008.jpg,640,640,data/derived/v06_water_masks_homography/land/nc/nc-0287-04-000008.png,data/derived/v06_water_masks_homography/safe_water/nc/nc-0287-04-000008.png,OSM_GEOGRAPHIC_MASK,8,2,405594,0.9902197265625,988,0.002412109375,408612,0.997587890625,SUCCESS,True,False,0.9902197265625,6,PENDING,,,,
nc:nc-0313-04-000034,nc,0,coast,data/external/dartis/raw/nc/nc-0313-04-000034.jpg,640,640,data/derived/v06_water_masks_homography/land/nc/nc-0313-04-000034.png,data/derived/v06_water_masks_homography/safe_water/nc/nc-0313-04-000034.png,OSM_GEOGRAPHIC_MASK,8,20,28564,0.069736328125,364040,0.88876953125,45560,0.11123046875,SUCCESS,True,False,0.069736328125,7,PENDING,,,,
nc:nc-0339-04-000060,nc,0,coast,data/external/dartis/raw/nc/nc-0339-04-000060.jpg,640,640,data/derived/v06_water_masks_homography/land/nc/nc-0339-04-000060.png,data/derived/v06_water_masks_homography/safe_water/nc/nc-0339-04-000060.png,OSM_GEOGRAPHIC_MASK,8,1,27702,0.0676318359375,374466,0.9142236328125,35134,0.0857763671875,SUCCESS,True,False,0.0676318359375,8,PENDING,,,,
nc:nc-0172-02-000012,nc,0,coast,data/external/dartis/raw/nc/nc-0172-02-000012.jpg,640,640,data/derived/v06_water_masks_homography/land/nc/nc-0172-02-000012.png,data/derived/v06_water_masks_homography/safe_water/nc/nc-0172-02-000012.png,OSM_GEOGRAPHIC_MASK,8,3,53122,0.1296923828125,348479,0.85077880859375,61121,0.14922119140625,SUCCESS,True,False,0.1296923828125,9,PENDING,,,,
nc:nc-0055-00-000055,nc,0,coast,data/external/dartis/raw/nc/nc-0055-00-000055.jpg,640,640,data/derived/v06_water_masks_homography/land/nc/nc-0055-00-000055.png,data/derived/v06_water_masks_homography/safe_water/nc/nc-0055-00-000055.png,OSM_GEOGRAPHIC_MASK,8,1,110234,0.2691259765625,290841,0.71006103515625,118759,0.28993896484375,SUCCESS,True,False,0.2691259765625,10,PENDING,,,,
nc:nc-0063-00-000063,nc,0,coast,data/external/dartis/raw/nc/nc-0063-00-000063.jpg,640,640,data/derived/v06_water_masks_homography/land/nc/nc-0063-00-000063.png,data/derived/v06_water_masks_homography/safe_water/nc/nc-0063-00-000063.png,OSM_GEOGRAPHIC_MASK,8,4,145338,0.3548291015625,254029,0.62018798828125,155571,0.37981201171875,SUCCESS,True,False,0.3548291015625,11,PENDING,,,,
nc:nc-0116-01-000040,nc,0,coast,data/external/dartis/raw/nc/nc-0116-01-000040.jpg,640,640,data/derived/v06_water_masks_homography/land/nc/nc-0116-01-000040.png,data/derived/v06_water_masks_homography/safe_water/nc/nc-0116-01-000040.png,OSM_GEOGRAPHIC_MASK,8,2,187341,0.45737548828125,210580,0.514111328125,199020,0.485888671875,SUCCESS,True,False,0.45737548828125,12,PENDING,,,,
nc:nc-0029-00-000029,nc,0,coast,data/external/dartis/raw/nc/nc-0029-00-000029.jpg,640,640,data/derived/v06_water_masks_homography/land/nc/nc-0029-00-000029.png,data/derived/v06_water_masks_homography/safe_water/nc/nc-0029-00-000029.png,OSM_GEOGRAPHIC_MASK,8,2,230086,0.5617333984375,166476,0.406435546875,243124,0.593564453125,SUCCESS,True,False,0.5617333984375,13,PENDING,,,,
nc:nc-0242-03-000007,nc,0,coast,data/external/dartis/raw/nc/nc-0242-03-000007.jpg,640,640,data/derived/v06_water_masks_homography/land/nc/nc-0242-03-000007.png,data/derived/v06_water_masks_homography/safe_water/nc/nc-0242-03-000007.png,OSM_GEOGRAPHIC_MASK,8,1,255809,0.62453369140625,142600,0.34814453125,267000,0.65185546875,SUCCESS,True,False,0.62453369140625,14,PENDING,,,,
nc:nc-0129-01-000053,nc,0,coast,data/external/dartis/raw/nc/nc-0129-01-000053.jpg,640,640,data/derived/v06_water_masks_homography/land/nc/nc-0129-01-000053.png,data/derived/v06_water_masks_homography/safe_water/nc/nc-0129-01-000053.png,OSM_GEOGRAPHIC_MASK,8,2,321498,0.7849072265625,78844,0.192490234375,330756,0.807509765625,SUCCESS,True,False,0.7849072265625,15,PENDING,,,,
nc:nc-0099-01-000023,nc,0,coast,data/external/dartis/raw/nc/nc-0099-01-000023.jpg,640,640,data/derived/v06_water_masks_homography/land/nc/nc-0099-01-000023.png,data/derived/v06_water_masks_homography/safe_water/nc/nc-0099-01-000023.png,OSM_GEOGRAPHIC_MASK,8,1,336930,0.8225830078125,65086,0.1589013671875,344514,0.8410986328125,SUCCESS,True,False,0.8225830078125,16,PENDING,,,,
nc:nc-0293-04-000014,nc,0,coast,data/external/dartis/raw/nc/nc-0293-04-000014.jpg,640,640,data/derived/v06_water_masks_homography/land/nc/nc-0293-04-000014.png,data/derived/v06_water_masks_homography/safe_water/nc/nc-0293-04-000014.png,OSM_GEOGRAPHIC_MASK,8,1,398453,0.97278564453125,7771,0.01897216796875,401829,0.98102783203125,SUCCESS,True,False,0.97278564453125,17,PENDING,,,,
oc:oc-0373,oc,1,coast,data/external/dartis/raw/oc/oc-0373.jpg,1170,1170,data/derived/v06_water_masks_homography/land/oc/oc-0373.png,data/derived/v06_water_masks_homography/safe_water/oc/oc-0373.png,OSM_GEOGRAPHIC_MASK,8,6,85627,0.0625516838337351,1262637,0.9223734385272848,106263,0.0776265614727153,SUCCESS,True,False,0.0625516838337351,18,PENDING,,,,
oc:oc-0295,oc,1,coast,data/external/dartis/raw/oc/oc-0295.jpg,640,640,data/derived/v06_water_masks_homography/land/oc/oc-0295.png,data/derived/v06_water_masks_homography/safe_water/oc/oc-0295.png,OSM_GEOGRAPHIC_MASK,8,1,59140,0.144384765625,344088,0.84005859375,65512,0.15994140625,SUCCESS,True,False,0.144384765625,19,PENDING,,,,
oc:oc-0196,oc,1,coast,data/external/dartis/raw/oc/oc-0196.jpg,640,640,data/derived/v06_water_masks_homography/land/oc/oc-0196.png,data/derived/v06_water_masks_homography/safe_water/oc/oc-0196.png,OSM_GEOGRAPHIC_MASK,8,7,85824,0.20953125,293251,0.71594482421875,116349,0.28405517578125,SUCCESS,True,False,0.20953125,20,PENDING,,,,
oc:oc-0244,oc,1,coast,data/external/dartis/raw/oc/oc-0244.jpg,640,640,data/derived/v06_water_masks_homography/land/oc/oc-0244.png,data/derived/v06_water_masks_homography/safe_water/oc/oc-0244.png,OSM_GEOGRAPHIC_MASK,8,1,142312,0.34744140625,257224,0.62798828125,152376,0.37201171875,SUCCESS,True,False,0.34744140625,21,PENDING,,,,
oc:oc-0361,oc,1,coast,data/external/dartis/raw/oc/oc-0361.jpg,640,640,data/derived/v06_water_masks_homography/land/oc/oc-0361.png,data/derived/v06_water_masks_homography/safe_water/oc/oc-0361.png,OSM_GEOGRAPHIC_MASK,8,17,191219,0.46684326171875,197416,0.48197265625,212184,0.51802734375,SUCCESS,True,False,0.46684326171875,22,PENDING,,,,
oc:oc-0042,oc,1,coast,data/external/dartis/raw/oc/oc-0042.jpg,640,640,data/derived/v06_water_masks_homography/land/oc/oc-0042.png,data/derived/v06_water_masks_homography/safe_water/oc/oc-0042.png,OSM_GEOGRAPHIC_MASK,8,16,218949,0.53454345703125,172251,0.42053466796875,237349,0.57946533203125,SUCCESS,True,False,0.53454345703125,23,PENDING,,,,
oc:oc-0153,oc,1,coast,data/external/dartis/raw/oc/oc-0153.jpg,640,640,data/derived/v06_water_masks_homography/land/oc/oc-0153.png,data/derived/v06_water_masks_homography/safe_water/oc/oc-0153.png,OSM_GEOGRAPHIC_MASK,8,1,259485,0.63350830078125,141614,0.3457373046875,267986,0.6542626953125,SUCCESS,True,False,0.63350830078125,24,PENDING,,,,
oc:oc-0040,oc,1,coast,data/external/dartis/raw/oc/oc-0040.jpg,640,640,data/derived/v06_water_masks_homography/land/oc/oc-0040.png,data/derived/v06_water_masks_homography/safe_water/oc/oc-0040.png,OSM_GEOGRAPHIC_MASK,8,1,290894,0.7101904296875,110296,0.26927734375,299304,0.73072265625,SUCCESS,True,False,0.7101904296875,25,PENDING,,,,
oc:oc-0062,oc,1,coast,data/external/dartis/raw/oc/oc-0062.jpg,640,640,data/derived/v06_water_masks_homography/land/oc/oc-0062.png,data/derived/v06_water_masks_homography/safe_water/oc/oc-0062.png,OSM_GEOGRAPHIC_MASK,8,1,330866,0.8077783203125,71471,0.17448974609375,338129,0.82551025390625,SUCCESS,True,False,0.8077783203125,26,PENDING,,,,
nc:nc-0222-02-000062,nc,0,coast,data/external/dartis/raw/nc/nc-0222-02-000062.jpg,640,640,data/derived/v06_water_masks_homography/land/nc/nc-0222-02-000062.png,data/derived/v06_water_masks_homography/safe_water/nc/nc-0222-02-000062.png,OSM_GEOGRAPHIC_MASK,8,2,6604,0.016123046875,398236,0.972255859375,11364,0.027744140625,SUCCESS,True,False,0.016123046875,27,PENDING,,,,
nc:nc-0040-00-000040,nc,0,coast,data/external/dartis/raw/nc/nc-0040-00-000040.jpg,640,640,data/derived/v06_water_masks_homography/land/nc/nc-0040-00-000040.png,data/derived/v06_water_masks_homography/safe_water/nc/nc-0040-00-000040.png,OSM_GEOGRAPHIC_MASK,8,3,79025,0.19293212890625,319903,0.78101318359375,89697,0.21898681640625,SUCCESS,True,False,0.19293212890625,28,PENDING,,,,
nc:nc-0180-02-000020,nc,0,coast,data/external/dartis/raw/nc/nc-0180-02-000020.jpg,640,640,data/derived/v06_water_masks_homography/land/nc/nc-0180-02-000020.png,data/derived/v06_water_masks_homography/safe_water/nc/nc-0180-02-000020.png,OSM_GEOGRAPHIC_MASK,8,2,95502,0.2331591796875,304549,0.74352783203125,105051,0.25647216796875,SUCCESS,True,False,0.2331591796875,29,PENDING,,,,
nc:nc-0319-04-000040,nc,0,coast,data/external/dartis/raw/nc/nc-0319-04-000040.jpg,640,640,data/derived/v06_water_masks_homography/land/nc/nc-0319-04-000040.png,data/derived/v06_water_masks_homography/safe_water/nc/nc-0319-04-000040.png,OSM_GEOGRAPHIC_MASK,8,1,141671,0.34587646484375,258207,0.63038818359375,151393,0.36961181640625,SUCCESS,True,False,0.34587646484375,30,PENDING,,,,
nc:nc-0226-02-000066,nc,0,coast,data/external/dartis/raw/nc/nc-0226-02-000066.jpg,640,640,data/derived/v06_water_masks_homography/land/nc/nc-0226-02-000066.png,data/derived/v06_water_masks_homography/safe_water/nc/nc-0226-02-000066.png,OSM_GEOGRAPHIC_MASK,8,2,197041,0.48105712890625,202050,0.4932861328125,207550,0.5067138671875,SUCCESS,True,False,0.48105712890625,31,PENDING,,,,
nc:nc-0080-01-000004,nc,0,coast,data/external/dartis/raw/nc/nc-0080-01-000004.jpg,640,640,data/derived/v06_water_masks_homography/land/nc/nc-0080-01-000004.png,data/derived/v06_water_masks_homography/safe_water/nc/nc-0080-01-000004.png,OSM_GEOGRAPHIC_MASK,8,1,240619,0.58744873046875,160468,0.391767578125,249132,0.608232421875,SUCCESS,True,False,0.58744873046875,32,PENDING,,,,
nc:nc-0157-01-000081,nc,0,coast,data/external/dartis/raw/nc/nc-0157-01-000081.jpg,640,640,data/derived/v06_water_masks_homography/land/nc/nc-0157-01-000081.png,data/derived/v06_water_masks_homography/safe_water/nc/nc-0157-01-000081.png,OSM_GEOGRAPHIC_MASK,8,1,269671,0.65837646484375,127798,0.3120068359375,281802,0.6879931640625,SUCCESS,True,False,0.65837646484375,33,PENDING,,,,
nc:nc-0075-00-000075,nc,0,coast,data/external/dartis/raw/nc/nc-0075-00-000075.jpg,640,640,data/derived/v06_water_masks_homography/land/nc/nc-0075-00-000075.png,data/derived/v06_water_masks_homography/safe_water/nc/nc-0075-00-000075.png,OSM_GEOGRAPHIC_MASK,8,1,312227,0.76227294921875,90836,0.221767578125,318764,0.778232421875,SUCCESS,True,False,0.76227294921875,34,PENDING,,,,
nc:nc-0239-03-000004,nc,0,coast,data/external/dartis/raw/nc/nc-0239-03-000004.jpg,640,640,data/derived/v06_water_masks_homography/land/nc/nc-0239-03-000004.png,data/derived/v06_water_masks_homography/safe_water/nc/nc-0239-03-000004.png,OSM_GEOGRAPHIC_MASK,8,1,353789,0.86374267578125,48458,0.1183056640625,361142,0.8816943359375,SUCCESS,True,False,0.86374267578125,35,PENDING,,,,
nc:nc-0038-00-000038,nc,0,coast,data/external/dartis/raw/nc/nc-0038-00-000038.jpg,640,640,data/derived/v06_water_masks_homography/land/nc/nc-0038-00-000038.png,data/derived/v06_water_masks_homography/safe_water/nc/nc-0038-00-000038.png,OSM_GEOGRAPHIC_MASK,8,1,377492,0.921611328125,25137,0.06136962890625,384463,0.93863037109375,SUCCESS,True,False,0.921611328125,36,PENDING,,,,
oc:oc-0150,oc,1,coast,data/external/dartis/raw/oc/oc-0150.jpg,640,640,data/derived/v06_water_masks_homography/land/oc/oc-0150.png,data/derived/v06_water_masks_homography/safe_water/oc/oc-0150.png,OSM_GEOGRAPHIC_MASK,8,1,4467,0.01090576171875,403319,0.98466552734375,6281,0.01533447265625,SUCCESS,True,False,0.01090576171875,37,PENDING,,,,
oc:oc-0308,oc,1,coast,data/external/dartis/raw/oc/oc-0308.jpg,640,640,data/derived/v06_water_masks_homography/land/oc/oc-0308.png,data/derived/v06_water_masks_homography/safe_water/oc/oc-0308.png,OSM_GEOGRAPHIC_MASK,8,1,63940,0.156103515625,338077,0.82538330078125,71523,0.17461669921875,SUCCESS,True,False,0.156103515625,38,PENDING,,,,
oc:oc-0016,oc,1,coast,data/external/dartis/raw/oc/oc-0016.jpg,640,640,data/derived/v06_water_masks_homography/land/oc/oc-0016.png,data/derived/v06_water_masks_homography/safe_water/oc/oc-0016.png,OSM_GEOGRAPHIC_MASK,8,2,111883,0.27315185546875,289158,0.7059521484375,120442,0.2940478515625,SUCCESS,True,False,0.27315185546875,39,PENDING,,,,
oc:oc-0109,oc,1,coast,data/external/dartis/raw/oc/oc-0109.jpg,640,640,data/derived/v06_water_masks_homography/land/oc/oc-0109.png,data/derived/v06_water_masks_homography/safe_water/oc/oc-0109.png,OSM_GEOGRAPHIC_MASK,8,1,150232,0.36677734375,250422,0.6113818359375,159178,0.3886181640625,SUCCESS,True,False,0.36677734375,40,PENDING,,,,
oc:oc-0013,oc,1,coast,data/external/dartis/raw/oc/oc-0013.jpg,640,640,data/derived/v06_water_masks_homography/land/oc/oc-0013.png,data/derived/v06_water_masks_homography/safe_water/oc/oc-0013.png,OSM_GEOGRAPHIC_MASK,8,1,179538,0.4383251953125,221556,0.540908203125,188044,0.459091796875,SUCCESS,True,False,0.4383251953125,41,PENDING,,,,
oc:oc-0005,oc,1,coast,data/external/dartis/raw/oc/oc-0005.jpg,640,640,data/derived/v06_water_masks_homography/land/oc/oc-0005.png,data/derived/v06_water_masks_homography/safe_water/oc/oc-0005.png,OSM_GEOGRAPHIC_MASK,8,1,209374,0.5111669921875,175378,0.4281689453125,234222,0.5718310546875,SUCCESS,True,False,0.5111669921875,42,PENDING,,,,
oc:oc-0354,oc,1,coast,data/external/dartis/raw/oc/oc-0354.jpg,640,640,data/derived/v06_water_masks_homography/land/oc/oc-0354.png,data/derived/v06_water_masks_homography/safe_water/oc/oc-0354.png,OSM_GEOGRAPHIC_MASK,8,1,281071,0.68620849609375,121151,0.29577880859375,288449,0.70422119140625,SUCCESS,True,False,0.68620849609375,43,PENDING,,,,
oc:oc-0194,oc,1,coast,data/external/dartis/raw/oc/oc-0194.jpg,640,640,data/derived/v06_water_masks_homography/land/oc/oc-0194.png,data/derived/v06_water_masks_homography/safe_water/oc/oc-0194.png,OSM_GEOGRAPHIC_MASK,8,1,331729,0.80988525390625,70739,0.17270263671875,338861,0.82729736328125,SUCCESS,True,False,0.80988525390625,44,PENDING,,,,
nc:nc-0271-03-000036,nc,0,coast,data/external/dartis/raw/nc/nc-0271-03-000036.jpg,640,640,data/derived/v06_water_masks_homography/land/nc/nc-0271-03-000036.png,data/derived/v06_water_masks_homography/safe_water/nc/nc-0271-03-000036.png,OSM_GEOGRAPHIC_MASK,8,1,9954,0.0243017578125,397021,0.96928955078125,12579,0.03071044921875,SUCCESS,True,False,0.0243017578125,45,PENDING,,,,
nc:nc-0001-00-000001,nc,0,coast,data/external/dartis/raw/nc/nc-0001-00-000001.jpg,640,640,data/derived/v06_water_masks_homography/land/nc/nc-0001-00-000001.png,data/derived/v06_water_masks_homography/safe_water/nc/nc-0001-00-000001.png,OSM_GEOGRAPHIC_MASK,8,3,59152,0.1444140625,342898,0.8371533203125,66702,0.1628466796875,SUCCESS,True,False,0.1444140625,46,PENDING,,,,
nc:nc-0123-01-000047,nc,0,coast,data/external/dartis/raw/nc/nc-0123-01-000047.jpg,640,640,data/derived/v06_water_masks_homography/land/nc/nc-0123-01-000047.png,data/derived/v06_water_masks_homography/safe_water/nc/nc-0123-01-000047.png,OSM_GEOGRAPHIC_MASK,8,1,85998,0.2099560546875,316347,0.77233154296875,93253,0.22766845703125,SUCCESS,True,False,0.2099560546875,47,PENDING,,,,
nc:nc-0134-01-000058,nc,0,coast,data/external/dartis/raw/nc/nc-0134-01-000058.jpg,640,640,data/derived/v06_water_masks_homography/land/nc/nc-0134-01-000058.png,data/derived/v06_water_masks_homography/safe_water/nc/nc-0134-01-000058.png,OSM_GEOGRAPHIC_MASK,8,1,157589,0.38473876953125,234010,0.5713134765625,175590,0.4286865234375,SUCCESS,True,False,0.38473876953125,48,PENDING,,,,
nc:nc-0069-00-000069,nc,0,coast,data/external/dartis/raw/nc/nc-0069-00-000069.jpg,640,640,data/derived/v06_water_masks_homography/land/nc/nc-0069-00-000069.png,data/derived/v06_water_masks_homography/safe_water/nc/nc-0069-00-000069.png,OSM_GEOGRAPHIC_MASK,8,1,195606,0.4775537109375,203863,0.49771240234375,205737,0.50228759765625,SUCCESS,True,False,0.4775537109375,49,PENDING,,,,
nc:nc-0251-03-000016,nc,0,coast,data/external/dartis/raw/nc/nc-0251-03-000016.jpg,640,640,data/derived/v06_water_masks_homography/land/nc/nc-0251-03-000016.png,data/derived/v06_water_masks_homography/safe_water/nc/nc-0251-03-000016.png,OSM_GEOGRAPHIC_MASK,8,2,239096,0.58373046875,161051,0.39319091796875,248549,0.60680908203125,SUCCESS,True,False,0.58373046875,50,PENDING,,,,
nc:nc-0248-03-000013,nc,0,coast,data/external/dartis/raw/nc/nc-0248-03-000013.jpg,640,640,data/derived/v06_water_masks_homography/land/nc/nc-0248-03-000013.png,data/derived/v06_water_masks_homography/safe_water/nc/nc-0248-03-000013.png,OSM_GEOGRAPHIC_MASK,8,2,249600,0.609375,148119,0.36161865234375,261481,0.63838134765625,SUCCESS,True,False,0.609375,51,PENDING,,,,
nc:nc-0348-04-000069,nc,0,coast,data/external/dartis/raw/nc/nc-0348-04-000069.jpg,640,640,data/derived/v06_water_masks_homography/land/nc/nc-0348-04-000069.png,data/derived/v06_water_masks_homography/safe_water/nc/nc-0348-04-000069.png,OSM_GEOGRAPHIC_MASK,8,3,292012,0.712919921875,106526,0.2600732421875,303074,0.7399267578125,SUCCESS,True,False,0.712919921875,52,PENDING,,,,
nc:nc-0298-04-000019,nc,0,coast,data/external/dartis/raw/nc/nc-0298-04-000019.jpg,640,640,data/derived/v06_water_masks_homography/land/nc/nc-0298-04-000019.png,data/derived/v06_water_masks_homography/safe_water/nc/nc-0298-04-000019.png,OSM_GEOGRAPHIC_MASK,8,1,365539,0.89242919921875,37050,0.0904541015625,372550,0.9095458984375,SUCCESS,True,False,0.89242919921875,53,PENDING,,,,
nc:nc-0351-04-000072,nc,0,coast,data/external/dartis/raw/nc/nc-0351-04-000072.jpg,640,640,data/derived/v06_water_masks_homography/land/nc/nc-0351-04-000072.png,data/derived/v06_water_masks_homography/safe_water/nc/nc-0351-04-000072.png,OSM_GEOGRAPHIC_MASK,8,2,373848,0.91271484375,29754,0.0726416015625,379846,0.9273583984375,SUCCESS,True,False,0.91271484375,54,PENDING,,,,
oc:oc-0008,oc,1,coast,data/external/dartis/raw/oc/oc-0008.jpg,640,640,data/derived/v06_water_masks_homography/land/oc/oc-0008.png,data/derived/v06_water_masks_homography/safe_water/oc/oc-0008.png,OSM_GEOGRAPHIC_MASK,8,4,3174,0.0077490234375,401869,0.98112548828125,7731,0.01887451171875,SUCCESS,True,False,0.0077490234375,55,PENDING,,,,
oc:oc-0352,oc,1,coast,data/external/dartis/raw/oc/oc-0352.jpg,640,640,data/derived/v06_water_masks_homography/land/oc/oc-0352.png,data/derived/v06_water_masks_homography/safe_water/oc/oc-0352.png,OSM_GEOGRAPHIC_MASK,8,1,63131,0.15412841796875,339997,0.83007080078125,69603,0.16992919921875,SUCCESS,True,False,0.15412841796875,56,PENDING,,,,
oc:oc-0237,oc,1,coast,data/external/dartis/raw/oc/oc-0237.jpg,1753,1753,data/derived/v06_water_masks_homography/land/oc/oc-0237.png,data/derived/v06_water_masks_homography/safe_water/oc/oc-0237.png,OSM_GEOGRAPHIC_MASK,8,2,709236,0.2307952889171493,2341986,0.7621149173334669,731023,0.237885082666533,SUCCESS,True,False,0.2307952889171493,57,PENDING,,,,
oc:oc-0245,oc,1,coast,data/external/dartis/raw/oc/oc-0245.jpg,640,640,data/derived/v06_water_masks_homography/land/oc/oc-0245.png,data/derived/v06_water_masks_homography/safe_water/oc/oc-0245.png,OSM_GEOGRAPHIC_MASK,8,1,140394,0.3427587890625,261400,0.63818359375,148200,0.36181640625,SUCCESS,True,False,0.3427587890625,58,PENDING,,,,
oc:oc-0208,oc,1,coast,data/external/dartis/raw/oc/oc-0208.jpg,640,640,data/derived/v06_water_masks_homography/land/oc/oc-0208.png,data/derived/v06_water_masks_homography/safe_water/oc/oc-0208.png,OSM_GEOGRAPHIC_MASK,8,1,190066,0.4640283203125,206654,0.5045263671875,202946,0.4954736328125,SUCCESS,True,False,0.4640283203125,59,PENDING,,,,
oc:oc-0124,oc,1,coast,data/external/dartis/raw/oc/oc-0124.jpg,640,640,data/derived/v06_water_masks_homography/land/oc/oc-0124.png,data/derived/v06_water_masks_homography/safe_water/oc/oc-0124.png,OSM_GEOGRAPHIC_MASK,8,1,209603,0.51172607421875,192522,0.4700244140625,217078,0.5299755859375,SUCCESS,True,False,0.51172607421875,60,PENDING,,,,
oc:oc-0369,oc,1,coast,data/external/dartis/raw/oc/oc-0369.jpg,640,640,data/derived/v06_water_masks_homography/land/oc/oc-0369.png,data/derived/v06_water_masks_homography/safe_water/oc/oc-0369.png,OSM_GEOGRAPHIC_MASK,8,3,246486,0.6017724609375,150370,0.3671142578125,259230,0.6328857421875,SUCCESS,True,False,0.6017724609375,61,PENDING,,,,
nc:nc-0179-02-000019,nc,0,coast,data/external/dartis/raw/nc/nc-0179-02-000019.jpg,640,640,data/derived/v06_water_masks_homography/land/nc/nc-0179-02-000019.png,data/derived/v06_water_masks_homography/safe_water/nc/nc-0179-02-000019.png,OSM_GEOGRAPHIC_MASK,8,1,4185,0.01021728515625,401824,0.981015625,7776,0.018984375,SUCCESS,True,False,0.01021728515625,62,PENDING,,,,
nc:nc-0173-02-000013,nc,0,coast,data/external/dartis/raw/nc/nc-0173-02-000013.jpg,640,640,data/derived/v06_water_masks_homography/land/nc/nc-0173-02-000013.png,data/derived/v06_water_masks_homography/safe_water/nc/nc-0173-02-000013.png,OSM_GEOGRAPHIC_MASK,8,3,50503,0.12329833984375,352884,0.861533203125,56716,0.138466796875,SUCCESS,True,False,0.12329833984375,63,PENDING,,,,
nc:nc-0079-01-000003,nc,0,coast,data/external/dartis/raw/nc/nc-0079-01-000003.jpg,640,640,data/derived/v06_water_masks_homography/land/nc/nc-0079-01-000003.png,data/derived/v06_water_masks_homography/safe_water/nc/nc-0079-01-000003.png,OSM_GEOGRAPHIC_MASK,8,3,103417,0.25248291015625,297573,0.72649658203125,112027,0.27350341796875,SUCCESS,True,False,0.25248291015625,64,PENDING,,,,
nc:nc-0150-01-000074,nc,0,coast,data/external/dartis/raw/nc/nc-0150-01-000074.jpg,640,640,data/derived/v06_water_masks_homography/land/nc/nc-0150-01-000074.png,data/derived/v06_water_masks_homography/safe_water/nc/nc-0150-01-000074.png,OSM_GEOGRAPHIC_MASK,8,2,141437,0.34530517578125,260643,0.63633544921875,148957,0.36366455078125,SUCCESS,True,False,0.34530517578125,65,PENDING,,,,
nc:nc-0223-02-000063,nc,0,coast,data/external/dartis/raw/nc/nc-0223-02-000063.jpg,640,640,data/derived/v06_water_masks_homography/land/nc/nc-0223-02-000063.png,data/derived/v06_water_masks_homography/safe_water/nc/nc-0223-02-000063.png,OSM_GEOGRAPHIC_MASK,8,3,180557,0.44081298828125,215594,0.5263525390625,194006,0.4736474609375,SUCCESS,True,False,0.44081298828125,66,PENDING,,,,
nc:nc-0342-04-000063,nc,0,coast,data/external/dartis/raw/nc/nc-0342-04-000063.jpg,640,640,data/derived/v06_water_masks_homography/land/nc/nc-0342-04-000063.png,data/derived/v06_water_masks_homography/safe_water/nc/nc-0342-04-000063.png,OSM_GEOGRAPHIC_MASK,8,1,216608,0.528828125,180797,0.44139892578125,228803,0.55860107421875,SUCCESS,True,False,0.528828125,67,PENDING,,,,
nc:nc-0340-04-000061,nc,0,coast,data/external/dartis/raw/nc/nc-0340-04-000061.jpg,640,640,data/derived/v06_water_masks_homography/land/nc/nc-0340-04-000061.png,data/derived/v06_water_masks_homography/safe_water/nc/nc-0340-04-000061.png,OSM_GEOGRAPHIC_MASK,8,5,263101,0.64233642578125,131471,0.32097412109375,278129,0.67902587890625,SUCCESS,True,False,0.64233642578125,68,PENDING,,,,
nc:nc-0183-02-000023,nc,0,coast,data/external/dartis/raw/nc/nc-0183-02-000023.jpg,640,640,data/derived/v06_water_masks_homography/land/nc/nc-0183-02-000023.png,data/derived/v06_water_masks_homography/safe_water/nc/nc-0183-02-000023.png,OSM_GEOGRAPHIC_MASK,8,8,296838,0.7247021484375,84429,0.20612548828125,325171,0.79387451171875,SUCCESS,True,False,0.7247021484375,69,PENDING,,,,
nc:nc-0186-02-000026,nc,0,coast,data/external/dartis/raw/nc/nc-0186-02-000026.jpg,640,640,data/derived/v06_water_masks_homography/land/nc/nc-0186-02-000026.png,data/derived/v06_water_masks_homography/safe_water/nc/nc-0186-02-000026.png,OSM_GEOGRAPHIC_MASK,8,1,334089,0.81564697265625,67763,0.16543701171875,341837,0.83456298828125,SUCCESS,True,False,0.81564697265625,70,PENDING,,,,
nc:nc-0046-00-000046,nc,0,coast,data/external/dartis/raw/nc/nc-0046-00-000046.jpg,640,640,data/derived/v06_water_masks_homography/land/nc/nc-0046-00-000046.png,data/derived/v06_water_masks_homography/safe_water/nc/nc-0046-00-000046.png,OSM_GEOGRAPHIC_MASK,8,1,399912,0.97634765625,6407,0.01564208984375,403193,0.98435791015625,SUCCESS,True,False,0.97634765625,71,PENDING,,,,
oc:oc-0309,oc,1,coast,data/external/dartis/raw/oc/oc-0309.jpg,640,640,data/derived/v06_water_masks_homography/land/oc/oc-0309.png,data/derived/v06_water_masks_homography/safe_water/oc/oc-0309.png,OSM_GEOGRAPHIC_MASK,8,1,20572,0.050224609375,375172,0.915947265625,34428,0.084052734375,SUCCESS,True,False,0.050224609375,72,PENDING,,,,
oc:oc-0204,oc,1,coast,data/external/dartis/raw/oc/oc-0204.jpg,640,640,data/derived/v06_water_masks_homography/land/oc/oc-0204.png,data/derived/v06_water_masks_homography/safe_water/oc/oc-0204.png,OSM_GEOGRAPHIC_MASK,8,1,65636,0.160244140625,335304,0.81861328125,74296,0.18138671875,SUCCESS,True,False,0.160244140625,73,PENDING,,,,
oc:oc-0262,oc,1,coast,data/external/dartis/raw/oc/oc-0262.jpg,640,640,data/derived/v06_water_masks_homography/land/oc/oc-0262.png,data/derived/v06_water_masks_homography/safe_water/oc/oc-0262.png,OSM_GEOGRAPHIC_MASK,8,1,87818,0.2143994140625,314789,0.76852783203125,94811,0.23147216796875,SUCCESS,True,False,0.2143994140625,74,PENDING,,,,
oc:oc-0132,oc,1,coast,data/external/dartis/raw/oc/oc-0132.jpg,640,640,data/derived/v06_water_masks_homography/land/oc/oc-0132.png,data/derived/v06_water_masks_homography/safe_water/oc/oc-0132.png,OSM_GEOGRAPHIC_MASK,8,1,162325,0.39630126953125,238888,0.58322265625,170712,0.41677734375,SUCCESS,True,False,0.39630126953125,75,PENDING,,,,
oc:oc-0091,oc,1,coast,data/external/dartis/raw/oc/oc-0091.jpg,640,640,data/derived/v06_water_masks_homography/land/oc/oc-0091.png,data/derived/v06_water_masks_homography/safe_water/oc/oc-0091.png,OSM_GEOGRAPHIC_MASK,8,2,192980,0.471142578125,192774,0.4706396484375,216826,0.5293603515625,SUCCESS,True,False,0.471142578125,76,PENDING,,,,
oc:oc-0039,oc,1,coast,data/external/dartis/raw/oc/oc-0039.jpg,640,640,data/derived/v06_water_masks_homography/land/oc/oc-0039.png,data/derived/v06_water_masks_homography/safe_water/oc/oc-0039.png,OSM_GEOGRAPHIC_MASK,8,1,215837,0.52694580078125,184026,0.4492822265625,225574,0.5507177734375,SUCCESS,True,False,0.52694580078125,77,PENDING,,,,
oc:oc-0028,oc,1,coast,data/external/dartis/raw/oc/oc-0028.jpg,640,640,data/derived/v06_water_masks_homography/land/oc/oc-0028.png,data/derived/v06_water_masks_homography/safe_water/oc/oc-0028.png,OSM_GEOGRAPHIC_MASK,8,3,275389,0.67233642578125,123545,0.30162353515625,286055,0.69837646484375,SUCCESS,True,False,0.67233642578125,78,PENDING,,,,
nc:nc-0164-02-000004,nc,0,coast,data/external/dartis/raw/nc/nc-0164-02-000004.jpg,640,640,data/derived/v06_water_masks_homography/land/nc/nc-0164-02-000004.png,data/derived/v06_water_masks_homography/safe_water/nc/nc-0164-02-000004.png,OSM_GEOGRAPHIC_MASK,8,1,23715,0.05789794921875,382223,0.93316162109375,27377,0.06683837890625,SUCCESS,True,False,0.05789794921875,79,PENDING,,,,
nc:nc-0064-00-000064,nc,0,coast,data/external/dartis/raw/nc/nc-0064-00-000064.jpg,640,640,data/derived/v06_water_masks_homography/land/nc/nc-0064-00-000064.png,data/derived/v06_water_masks_homography/safe_water/nc/nc-0064-00-000064.png,OSM_GEOGRAPHIC_MASK,8,1,48088,0.11740234375,353285,0.86251220703125,56315,0.13748779296875,SUCCESS,True,False,0.11740234375,80,PENDING,,,,
nc:nc-0143-01-000067,nc,0,coast,data/external/dartis/raw/nc/nc-0143-01-000067.jpg,640,640,data/derived/v06_water_masks_homography/land/nc/nc-0143-01-000067.png,data/derived/v06_water_masks_homography/safe_water/nc/nc-0143-01-000067.png,OSM_GEOGRAPHIC_MASK,8,1,98800,0.2412109375,304313,0.74295166015625,105287,0.25704833984375,SUCCESS,True,False,0.2412109375,81,PENDING,,,,
nc:nc-0257-03-000022,nc,0,coast,data/external/dartis/raw/nc/nc-0257-03-000022.jpg,640,640,data/derived/v06_water_masks_homography/land/nc/nc-0257-03-000022.png,data/derived/v06_water_masks_homography/safe_water/nc/nc-0257-03-000022.png,OSM_GEOGRAPHIC_MASK,8,3,151935,0.37093505859375,250131,0.61067138671875,159469,0.38932861328125,SUCCESS,True,False,0.37093505859375,82,PENDING,,,,
nc:nc-0305-04-000026,nc,0,coast,data/external/dartis/raw/nc/nc-0305-04-000026.jpg,640,640,data/derived/v06_water_masks_homography/land/nc/nc-0305-04-000026.png,data/derived/v06_water_masks_homography/safe_water/nc/nc-0305-04-000026.png,OSM_GEOGRAPHIC_MASK,8,2,172197,0.42040283203125,224974,0.5492529296875,184626,0.4507470703125,SUCCESS,True,False,0.42040283203125,83,PENDING,,,,
nc:nc-0336-04-000057,nc,0,coast,data/external/dartis/raw/nc/nc-0336-04-000057.jpg,640,640,data/derived/v06_water_masks_homography/land/nc/nc-0336-04-000057.png,data/derived/v06_water_masks_homography/safe_water/nc/nc-0336-04-000057.png,OSM_GEOGRAPHIC_MASK,8,1,218443,0.53330810546875,178859,0.43666748046875,230741,0.56333251953125,SUCCESS,True,False,0.53330810546875,84,PENDING,,,,
nc:nc-0051-00-000051,nc,0,coast,data/external/dartis/raw/nc/nc-0051-00-000051.jpg,640,640,data/derived/v06_water_masks_homography/land/nc/nc-0051-00-000051.png,data/derived/v06_water_masks_homography/safe_water/nc/nc-0051-00-000051.png,OSM_GEOGRAPHIC_MASK,8,2,259703,0.63404052734375,140754,0.3436376953125,268846,0.6563623046875,SUCCESS,True,False,0.63404052734375,85,PENDING,,,,
nc:nc-0256-03-000021,nc,0,coast,data/external/dartis/raw/nc/nc-0256-03-000021.jpg,640,640,data/derived/v06_water_masks_homography/land/nc/nc-0256-03-000021.png,data/derived/v06_water_masks_homography/safe_water/nc/nc-0256-03-000021.png,OSM_GEOGRAPHIC_MASK,8,2,314457,0.76771728515625,88130,0.2151611328125,321470,0.7848388671875,SUCCESS,True,False,0.76771728515625,86,PENDING,,,,
nc:nc-0255-03-000020,nc,0,coast,data/external/dartis/raw/nc/nc-0255-03-000020.jpg,640,640,data/derived/v06_water_masks_homography/land/nc/nc-0255-03-000020.png,data/derived/v06_water_masks_homography/safe_water/nc/nc-0255-03-000020.png,OSM_GEOGRAPHIC_MASK,8,1,350479,0.85566162109375,52905,0.12916259765625,356695,0.87083740234375,SUCCESS,True,False,0.85566162109375,87,PENDING,,,,
nc:nc-0110-01-000034,nc,0,coast,data/external/dartis/raw/nc/nc-0110-01-000034.jpg,640,640,data/derived/v06_water_masks_homography/land/nc/nc-0110-01-000034.png,data/derived/v06_water_masks_homography/safe_water/nc/nc-0110-01-000034.png,OSM_GEOGRAPHIC_MASK,8,1,392778,0.9589306640625,10992,0.0268359375,398608,0.9731640625,SUCCESS,True,False,0.9589306640625,88,PENDING,,,,
oc:oc-0198,oc,1,coast,data/external/dartis/raw/oc/oc-0198.jpg,640,640,data/derived/v06_water_masks_homography/land/oc/oc-0198.png,data/derived/v06_water_masks_homography/safe_water/oc/oc-0198.png,OSM_GEOGRAPHIC_MASK,8,1,1014,0.0024755859375,406611,0.99270263671875,2989,0.00729736328125,SUCCESS,True,False,0.0024755859375,89,PENDING,,,,
oc:oc-0327,oc,1,coast,data/external/dartis/raw/oc/oc-0327.jpg,640,640,data/derived/v06_water_masks_homography/land/oc/oc-0327.png,data/derived/v06_water_masks_homography/safe_water/oc/oc-0327.png,OSM_GEOGRAPHIC_MASK,8,1,70808,0.17287109375,331226,0.8086572265625,78374,0.1913427734375,SUCCESS,True,False,0.17287109375,90,PENDING,,,,
oc:oc-0101,oc,1,coast,data/external/dartis/raw/oc/oc-0101.jpg,640,640,data/derived/v06_water_masks_homography/land/oc/oc-0101.png,data/derived/v06_water_masks_homography/safe_water/oc/oc-0101.png,OSM_GEOGRAPHIC_MASK,8,1,91544,0.22349609375,309955,0.75672607421875,99645,0.24327392578125,SUCCESS,True,False,0.22349609375,91,PENDING,,,,
oc:oc-0269,oc,1,coast,data/external/dartis/raw/oc/oc-0269.jpg,640,640,data/derived/v06_water_masks_homography/land/oc/oc-0269.png,data/derived/v06_water_masks_homography/safe_water/oc/oc-0269.png,OSM_GEOGRAPHIC_MASK,8,1,147182,0.3593310546875,253137,0.61801025390625,156463,0.38198974609375,SUCCESS,True,False,0.3593310546875,92,PENDING,,,,
oc:oc-0012,oc,1,coast,data/external/dartis/raw/oc/oc-0012.jpg,640,640,data/derived/v06_water_masks_homography/land/oc/oc-0012.png,data/derived/v06_water_masks_homography/safe_water/oc/oc-0012.png,OSM_GEOGRAPHIC_MASK,8,4,174084,0.425009765625,226063,0.55191162109375,183537,0.44808837890625,SUCCESS,True,False,0.425009765625,93,PENDING,,,,
oc:oc-0186,oc,1,coast,data/external/dartis/raw/oc/oc-0186.jpg,640,640,data/derived/v06_water_masks_homography/land/oc/oc-0186.png,data/derived/v06_water_masks_homography/safe_water/oc/oc-0186.png,OSM_GEOGRAPHIC_MASK,8,2,209975,0.51263427734375,185080,0.45185546875,224520,0.54814453125,SUCCESS,True,False,0.51263427734375,94,PENDING,,,,
nc:nc-0121-01-000045,nc,0,coast,data/external/dartis/raw/nc/nc-0121-01-000045.jpg,640,640,data/derived/v06_water_masks_homography/land/nc/nc-0121-01-000045.png,data/derived/v06_water_masks_homography/safe_water/nc/nc-0121-01-000045.png,OSM_GEOGRAPHIC_MASK,8,2,36761,0.08974853515625,365861,0.89321533203125,43739,0.10678466796875,SUCCESS,True,False,0.08974853515625,95,PENDING,,,,
nc:nc-0149-01-000073,nc,0,coast,data/external/dartis/raw/nc/nc-0149-01-000073.jpg,640,640,data/derived/v06_water_masks_homography/land/nc/nc-0149-01-000073.png,data/derived/v06_water_masks_homography/safe_water/nc/nc-0149-01-000073.png,OSM_GEOGRAPHIC_MASK,8,1,60638,0.1480419921875,342790,0.8368896484375,66810,0.1631103515625,SUCCESS,True,False,0.1480419921875,96,PENDING,,,,
nc:nc-0153-01-000077,nc,0,coast,data/external/dartis/raw/nc/nc-0153-01-000077.jpg,640,640,data/derived/v06_water_masks_homography/land/nc/nc-0153-01-000077.png,data/derived/v06_water_masks_homography/safe_water/nc/nc-0153-01-000077.png,OSM_GEOGRAPHIC_MASK,8,4,102321,0.24980712890625,298818,0.7295361328125,110782,0.2704638671875,SUCCESS,True,False,0.24980712890625,97,PENDING,,,,
nc:nc-0343-04-000064,nc,0,coast,data/external/dartis/raw/nc/nc-0343-04-000064.jpg,640,640,data/derived/v06_water_masks_homography/land/nc/nc-0343-04-000064.png,data/derived/v06_water_masks_homography/safe_water/nc/nc-0343-04-000064.png,OSM_GEOGRAPHIC_MASK,8,2,129802,0.3168994140625,253507,0.61891357421875,156093,0.38108642578125,SUCCESS,True,False,0.3168994140625,98,PENDING,,,,
nc:nc-0275-03-000040,nc,0,coast,data/external/dartis/raw/nc/nc-0275-03-000040.jpg,640,640,data/derived/v06_water_masks_homography/land/nc/nc-0275-03-000040.png,data/derived/v06_water_masks_homography/safe_water/nc/nc-0275-03-000040.png,OSM_GEOGRAPHIC_MASK,8,3,186247,0.45470458984375,213858,0.5221142578125,195742,0.4778857421875,SUCCESS,True,False,0.45470458984375,99,PENDING,,,,
nc:nc-0053-00-000053,nc,0,coast,data/external/dartis/raw/nc/nc-0053-00-000053.jpg,640,640,data/derived/v06_water_masks_homography/land/nc/nc-0053-00-000053.png,data/derived/v06_water_masks_homography/safe_water/nc/nc-0053-00-000053.png,OSM_GEOGRAPHIC_MASK,8,2,230303,0.56226318359375,171675,0.41912841796875,237925,0.58087158203125,SUCCESS,True,False,0.56226318359375,100,PENDING,,,,
nc:nc-0261-03-000026,nc,0,coast,data/external/dartis/raw/nc/nc-0261-03-000026.jpg,640,640,data/derived/v06_water_masks_homography/land/nc/nc-0261-03-000026.png,data/derived/v06_water_masks_homography/safe_water/nc/nc-0261-03-000026.png,OSM_GEOGRAPHIC_MASK,8,2,280070,0.6837646484375,117207,0.28614990234375,292393,0.71385009765625,SUCCESS,True,False,0.6837646484375,101,PENDING,,,,
nc:nc-0327-04-000048,nc,0,coast,data/external/dartis/raw/nc/nc-0327-04-000048.jpg,640,640,data/derived/v06_water_masks_homography/land/nc/nc-0327-04-000048.png,data/derived/v06_water_masks_homography/safe_water/nc/nc-0327-04-000048.png,OSM_GEOGRAPHIC_MASK,8,10,294024,0.71783203125,102908,0.251240234375,306692,0.748759765625,SUCCESS,True,False,0.71783203125,102,PENDING,,,,
nc:nc-0021-00-000021,nc,0,coast,data/external/dartis/raw/nc/nc-0021-00-000021.jpg,640,640,data/derived/v06_water_masks_homography/land/nc/nc-0021-00-000021.png,data/derived/v06_water_masks_homography/safe_water/nc/nc-0021-00-000021.png,OSM_GEOGRAPHIC_MASK,8,1,327720,0.80009765625,75160,0.18349609375,334440,0.81650390625,SUCCESS,True,False,0.80009765625,103,PENDING,,,,
nc:nc-0024-00-000024,nc,0,coast,data/external/dartis/raw/nc/nc-0024-00-000024.jpg,640,640,data/derived/v06_water_masks_homography/land/nc/nc-0024-00-000024.png,data/derived/v06_water_masks_homography/safe_water/nc/nc-0024-00-000024.png,OSM_GEOGRAPHIC_MASK,8,3,379884,0.927451171875,23965,0.05850830078125,385635,0.94149169921875,SUCCESS,True,False,0.927451171875,104,PENDING,,,,
oc:oc-0231,oc,1,coast,data/external/dartis/raw/oc/oc-0231.jpg,640,640,data/derived/v06_water_masks_homography/land/oc/oc-0231.png,data/derived/v06_water_masks_homography/safe_water/oc/oc-0231.png,OSM_GEOGRAPHIC_MASK,8,1,3855,0.00941162109375,404015,0.98636474609375,5585,0.01363525390625,SUCCESS,True,False,0.00941162109375,105,PENDING,,,,
oc:oc-0281,oc,1,coast,data/external/dartis/raw/oc/oc-0281.jpg,640,640,data/derived/v06_water_masks_homography/land/oc/oc-0281.png,data/derived/v06_water_masks_homography/safe_water/oc/oc-0281.png,OSM_GEOGRAPHIC_MASK,8,1,55916,0.136513671875,346382,0.8456591796875,63218,0.1543408203125,SUCCESS,True,False,0.136513671875,106,PENDING,,,,
oc:oc-0187,oc,1,coast,data/external/dartis/raw/oc/oc-0187.jpg,640,640,data/derived/v06_water_masks_homography/land/oc/oc-0187.png,data/derived/v06_water_masks_homography/safe_water/oc/oc-0187.png,OSM_GEOGRAPHIC_MASK,8,3,114305,0.27906494140625,270694,0.6608740234375,138906,0.3391259765625,SUCCESS,True,False,0.27906494140625,107,PENDING,,,,
oc:oc-0146,oc,1,coast,data/external/dartis/raw/oc/oc-0146.jpg,640,640,data/derived/v06_water_masks_homography/land/oc/oc-0146.png,data/derived/v06_water_masks_homography/safe_water/oc/oc-0146.png,OSM_GEOGRAPHIC_MASK,8,1,142499,0.34789794921875,258636,0.631435546875,150964,0.368564453125,SUCCESS,True,False,0.34789794921875,108,PENDING,,,,
oc:oc-0362,oc,1,coast,data/external/dartis/raw/oc/oc-0362.jpg,640,640,data/derived/v06_water_masks_homography/land/oc/oc-0362.png,data/derived/v06_water_masks_homography/safe_water/oc/oc-0362.png,OSM_GEOGRAPHIC_MASK,8,2,179416,0.43802734375,203711,0.49734130859375,205889,0.50265869140625,SUCCESS,True,False,0.43802734375,109,PENDING,,,,
oc:oc-0007,oc,1,coast,data/external/dartis/raw/oc/oc-0007.jpg,640,640,data/derived/v06_water_masks_homography/land/oc/oc-0007.png,data/derived/v06_water_masks_homography/safe_water/oc/oc-0007.png,OSM_GEOGRAPHIC_MASK,8,3,241681,0.59004150390625,148616,0.36283203125,260984,0.63716796875,SUCCESS,True,False,0.59004150390625,110,PENDING,,,,
nc:nc-0076-00-000076,nc,0,coast,data/external/dartis/raw/nc/nc-0076-00-000076.jpg,640,640,data/derived/v06_water_masks_homography/land/nc/nc-0076-00-000076.png,data/derived/v06_water_masks_homography/safe_water/nc/nc-0076-00-000076.png,OSM_GEOGRAPHIC_MASK,8,1,24706,0.0603173828125,377433,0.92146728515625,32167,0.07853271484375,SUCCESS,True,False,0.0603173828125,111,PENDING,,,,
nc:nc-0165-02-000005,nc,0,coast,data/external/dartis/raw/nc/nc-0165-02-000005.jpg,640,640,data/derived/v06_water_masks_homography/land/nc/nc-0165-02-000005.png,data/derived/v06_water_masks_homography/safe_water/nc/nc-0165-02-000005.png,OSM_GEOGRAPHIC_MASK,8,1,70190,0.1713623046875,331110,0.8083740234375,78490,0.1916259765625,SUCCESS,True,False,0.1713623046875,112,PENDING,,,,
nc:nc-0015-00-000015,nc,0,coast,data/external/dartis/raw/nc/nc-0015-00-000015.jpg,640,640,data/derived/v06_water_masks_homography/land/nc/nc-0015-00-000015.png,data/derived/v06_water_masks_homography/safe_water/nc/nc-0015-00-000015.png,OSM_GEOGRAPHIC_MASK,8,4,106219,0.25932373046875,296086,0.7228662109375,113514,0.2771337890625,SUCCESS,True,False,0.25932373046875,113,PENDING,,,,
nc:nc-0178-02-000018,nc,0,coast,data/external/dartis/raw/nc/nc-0178-02-000018.jpg,640,640,data/derived/v06_water_masks_homography/land/nc/nc-0178-02-000018.png,data/derived/v06_water_masks_homography/safe_water/nc/nc-0178-02-000018.png,OSM_GEOGRAPHIC_MASK,8,2,145571,0.35539794921875,255152,0.6229296875,154448,0.3770703125,SUCCESS,True,False,0.35539794921875,114,PENDING,,,,
nc:nc-0264-03-000029,nc,0,coast,data/external/dartis/raw/nc/nc-0264-03-000029.jpg,640,640,data/derived/v06_water_masks_homography/land/nc/nc-0264-03-000029.png,data/derived/v06_water_masks_homography/safe_water/nc/nc-0264-03-000029.png,OSM_GEOGRAPHIC_MASK,8,5,191125,0.46661376953125,209002,0.5102587890625,200598,0.4897412109375,SUCCESS,True,False,0.46661376953125,115,PENDING,,,,
nc:nc-0171-02-000011,nc,0,coast,data/external/dartis/raw/nc/nc-0171-02-000011.jpg,640,640,data/derived/v06_water_masks_homography/land/nc/nc-0171-02-000011.png,data/derived/v06_water_masks_homography/safe_water/nc/nc-0171-02-000011.png,OSM_GEOGRAPHIC_MASK,8,1,212509,0.51882080078125,189675,0.46307373046875,219925,0.53692626953125,SUCCESS,True,False,0.51882080078125,116,PENDING,,,,
nc:nc-0249-03-000014,nc,0,coast,data/external/dartis/raw/nc/nc-0249-03-000014.jpg,640,640,data/derived/v06_water_masks_homography/land/nc/nc-0249-03-000014.png,data/derived/v06_water_masks_homography/safe_water/nc/nc-0249-03-000014.png,OSM_GEOGRAPHIC_MASK,8,6,262834,0.6416845703125,132408,0.32326171875,277192,0.67673828125,SUCCESS,True,False,0.6416845703125,117,PENDING,,,,
nc:nc-0175-02-000015,nc,0,coast,data/external/dartis/raw/nc/nc-0175-02-000015.jpg,640,640,data/derived/v06_water_masks_homography/land/nc/nc-0175-02-000015.png,data/derived/v06_water_masks_homography/safe_water/nc/nc-0175-02-000015.png,OSM_GEOGRAPHIC_MASK,8,2,314004,0.766611328125,87187,0.21285888671875,322413,0.78714111328125,SUCCESS,True,False,0.766611328125,118,PENDING,,,,
nc:nc-0041-00-000041,nc,0,coast,data/external/dartis/raw/nc/nc-0041-00-000041.jpg,640,640,data/derived/v06_water_masks_homography/land/nc/nc-0041-00-000041.png,data/derived/v06_water_masks_homography/safe_water/nc/nc-0041-00-000041.png,OSM_GEOGRAPHIC_MASK,8,1,331663,0.80972412109375,71114,0.1736181640625,338486,0.8263818359375,SUCCESS,True,False,0.80972412109375,119,PENDING,,,,
nc:nc-0288-04-000009,nc,0,coast,data/external/dartis/raw/nc/nc-0288-04-000009.jpg,640,640,data/derived/v06_water_masks_homography/land/nc/nc-0288-04-000009.png,data/derived/v06_water_masks_homography/safe_water/nc/nc-0288-04-000009.png,OSM_GEOGRAPHIC_MASK,8,1,387894,0.9470068359375,17328,0.0423046875,392272,0.9576953125,SUCCESS,True,False,0.9470068359375,120,PENDING,,,,
oc:oc-0144,oc,1,coast,data/external/dartis/raw/oc/oc-0144.jpg,640,640,data/derived/v06_water_masks_homography/land/oc/oc-0144.png,data/derived/v06_water_masks_homography/safe_water/oc/oc-0144.png,OSM_GEOGRAPHIC_MASK,8,1,38080,0.09296875,363771,0.88811279296875,45829,0.11188720703125,SUCCESS,True,False,0.09296875,121,PENDING,,,,
oc:oc-0284,oc,1,coast,data/external/dartis/raw/oc/oc-0284.jpg,640,640,data/derived/v06_water_masks_homography/land/oc/oc-0284.png,data/derived/v06_water_masks_homography/safe_water/oc/oc-0284.png,OSM_GEOGRAPHIC_MASK,8,1,75378,0.1840283203125,326999,0.79833740234375,82601,0.20166259765625,SUCCESS,True,False,0.1840283203125,122,PENDING,,,,
oc:oc-0059,oc,1,coast,data/external/dartis/raw/oc/oc-0059.jpg,640,640,data/derived/v06_water_masks_homography/land/oc/oc-0059.png,data/derived/v06_water_masks_homography/safe_water/oc/oc-0059.png,OSM_GEOGRAPHIC_MASK,8,1,109297,0.26683837890625,289002,0.7055712890625,120598,0.2944287109375,SUCCESS,True,False,0.26683837890625,123,PENDING,,,,
oc:oc-0266,oc,1,coast,data/external/dartis/raw/oc/oc-0266.jpg,640,640,data/derived/v06_water_masks_homography/land/oc/oc-0266.png,data/derived/v06_water_masks_homography/safe_water/oc/oc-0266.png,OSM_GEOGRAPHIC_MASK,8,4,145284,0.354697265625,255958,0.6248974609375,153642,0.3751025390625,SUCCESS,True,False,0.354697265625,124,PENDING,,,,
oc:oc-0247,oc,1,coast,data/external/dartis/raw/oc/oc-0247.jpg,640,640,data/derived/v06_water_masks_homography/land/oc/oc-0247.png,data/derived/v06_water_masks_homography/safe_water/oc/oc-0247.png,OSM_GEOGRAPHIC_MASK,8,4,191811,0.46828857421875,208336,0.5086328125,201264,0.4913671875,SUCCESS,True,False,0.46828857421875,125,PENDING,,,,
oc:oc-0211,oc,1,coast,data/external/dartis/raw/oc/oc-0211.jpg,640,640,data/derived/v06_water_masks_homography/land/oc/oc-0211.png,data/derived/v06_water_masks_homography/safe_water/oc/oc-0211.png,OSM_GEOGRAPHIC_MASK,8,1,209554,0.5116064453125,190620,0.465380859375,218980,0.534619140625,SUCCESS,True,False,0.5116064453125,126,PENDING,,,,
nc:nc-0215-02-000055,nc,0,coast,data/external/dartis/raw/nc/nc-0215-02-000055.jpg,640,640,data/derived/v06_water_masks_homography/land/nc/nc-0215-02-000055.png,data/derived/v06_water_masks_homography/safe_water/nc/nc-0215-02-000055.png,OSM_GEOGRAPHIC_MASK,8,1,4295,0.01048583984375,403217,0.98441650390625,6383,0.01558349609375,SUCCESS,True,False,0.01048583984375,127,PENDING,,,,
nc:nc-0074-00-000074,nc,0,coast,data/external/dartis/raw/nc/nc-0074-00-000074.jpg,640,640,data/derived/v06_water_masks_homography/land/nc/nc-0074-00-000074.png,data/derived/v06_water_masks_homography/safe_water/nc/nc-0074-00-000074.png,OSM_GEOGRAPHIC_MASK,8,1,46646,0.1138818359375,357654,0.8731787109375,51946,0.1268212890625,SUCCESS,True,False,0.1138818359375,128,PENDING,,,,
nc:nc-0335-04-000056,nc,0,coast,data/external/dartis/raw/nc/nc-0335-04-000056.jpg,640,640,data/derived/v06_water_masks_homography/land/nc/nc-0335-04-000056.png,data/derived/v06_water_masks_homography/safe_water/nc/nc-0335-04-000056.png,OSM_GEOGRAPHIC_MASK,8,5,86790,0.2118896484375,288513,0.70437744140625,121087,0.29562255859375,SUCCESS,True,False,0.2118896484375,129,PENDING,,,,
nc:nc-0060-00-000060,nc,0,coast,data/external/dartis/raw/nc/nc-0060-00-000060.jpg,640,640,data/derived/v06_water_masks_homography/land/nc/nc-0060-00-000060.png,data/derived/v06_water_masks_homography/safe_water/nc/nc-0060-00-000060.png,OSM_GEOGRAPHIC_MASK,8,2,127159,0.31044677734375,272674,0.6657080078125,136926,0.3342919921875,SUCCESS,True,False,0.31044677734375,130,PENDING,,,,
nc:nc-0066-00-000066,nc,0,coast,data/external/dartis/raw/nc/nc-0066-00-000066.jpg,640,640,data/derived/v06_water_masks_homography/land/nc/nc-0066-00-000066.png,data/derived/v06_water_masks_homography/safe_water/nc/nc-0066-00-000066.png,OSM_GEOGRAPHIC_MASK,8,5,171690,0.4191650390625,209717,0.51200439453125,199883,0.48799560546875,SUCCESS,True,False,0.4191650390625,131,PENDING,,,,
nc:nc-0350-04-000071,nc,0,coast,data/external/dartis/raw/nc/nc-0350-04-000071.jpg,640,640,data/derived/v06_water_masks_homography/land/nc/nc-0350-04-000071.png,data/derived/v06_water_masks_homography/safe_water/nc/nc-0350-04-000071.png,OSM_GEOGRAPHIC_MASK,8,5,230032,0.5616015625,166543,0.40659912109375,243057,0.59340087890625,SUCCESS,True,False,0.5616015625,132,PENDING,,,,
nc:nc-0166-02-000006,nc,0,coast,data/external/dartis/raw/nc/nc-0166-02-000006.jpg,640,640,data/derived/v06_water_masks_homography/land/nc/nc-0166-02-000006.png,data/derived/v06_water_masks_homography/safe_water/nc/nc-0166-02-000006.png,OSM_GEOGRAPHIC_MASK,8,4,277108,0.676533203125,118335,0.28890380859375,291265,0.71109619140625,SUCCESS,True,False,0.676533203125,133,PENDING,,,,
nc:nc-0052-00-000052,nc,0,coast,data/external/dartis/raw/nc/nc-0052-00-000052.jpg,640,640,data/derived/v06_water_masks_homography/land/nc/nc-0052-00-000052.png,data/derived/v06_water_masks_homography/safe_water/nc/nc-0052-00-000052.png,OSM_GEOGRAPHIC_MASK,8,2,292547,0.71422607421875,109934,0.2683935546875,299666,0.7316064453125,SUCCESS,True,False,0.71422607421875,134,PENDING,,,,
nc:nc-0252-03-000017,nc,0,coast,data/external/dartis/raw/nc/nc-0252-03-000017.jpg,640,640,data/derived/v06_water_masks_homography/land/nc/nc-0252-03-000017.png,data/derived/v06_water_masks_homography/safe_water/nc/nc-0252-03-000017.png,OSM_GEOGRAPHIC_MASK,8,2,331745,0.80992431640625,71394,0.1743017578125,338206,0.8256982421875,SUCCESS,True,False,0.80992431640625,135,PENDING,,,,
nc:nc-0324-04-000045,nc,0,coast,data/external/dartis/raw/nc/nc-0324-04-000045.jpg,640,640,data/derived/v06_water_masks_homography/land/nc/nc-0324-04-000045.png,data/derived/v06_water_masks_homography/safe_water/nc/nc-0324-04-000045.png,OSM_GEOGRAPHIC_MASK,8,1,402406,0.9824365234375,4303,0.01050537109375,405297,0.98949462890625,SUCCESS,True,False,0.9824365234375,136,PENDING,,,,
oc:oc-0160,oc,1,coast,data/external/dartis/raw/oc/oc-0160.jpg,640,640,data/derived/v06_water_masks_homography/land/oc/oc-0160.png,data/derived/v06_water_masks_homography/safe_water/oc/oc-0160.png,OSM_GEOGRAPHIC_MASK,8,2,6756,0.016494140625,397321,0.97002197265625,12279,0.02997802734375,SUCCESS,True,False,0.016494140625,137,PENDING,,,,
oc:oc-0134,oc,1,coast,data/external/dartis/raw/oc/oc-0134.jpg,640,640,data/derived/v06_water_masks_homography/land/oc/oc-0134.png,data/derived/v06_water_masks_homography/safe_water/oc/oc-0134.png,OSM_GEOGRAPHIC_MASK,8,6,66716,0.162880859375,323442,0.7896533203125,86158,0.2103466796875,SUCCESS,True,False,0.162880859375,138,PENDING,,,,
oc:oc-0154,oc,1,coast,data/external/dartis/raw/oc/oc-0154.jpg,640,640,data/derived/v06_water_masks_homography/land/oc/oc-0154.png,data/derived/v06_water_masks_homography/safe_water/oc/oc-0154.png,OSM_GEOGRAPHIC_MASK,8,1,103646,0.2530419921875,297827,0.72711669921875,111773,0.27288330078125,SUCCESS,True,False,0.2530419921875,139,PENDING,,,,
oc:oc-0018,oc,1,coast,data/external/dartis/raw/oc/oc-0018.jpg,640,640,data/derived/v06_water_masks_homography/land/oc/oc-0018.png,data/derived/v06_water_masks_homography/safe_water/oc/oc-0018.png,OSM_GEOGRAPHIC_MASK,8,1,162982,0.3979052734375,238199,0.58154052734375,171401,0.41845947265625,SUCCESS,True,False,0.3979052734375,140,PENDING,,,,
oc:oc-0166,oc,1,coast,data/external/dartis/raw/oc/oc-0166.jpg,640,640,data/derived/v06_water_masks_homography/land/oc/oc-0166.png,data/derived/v06_water_masks_homography/safe_water/oc/oc-0166.png,OSM_GEOGRAPHIC_MASK,8,1,188196,0.459462890625,213786,0.5219384765625,195814,0.4780615234375,SUCCESS,True,False,0.459462890625,141,PENDING,,,,
oc:oc-0276,oc,1,coast,data/external/dartis/raw/oc/oc-0276.jpg,640,640,data/derived/v06_water_masks_homography/land/oc/oc-0276.png,data/derived/v06_water_masks_homography/safe_water/oc/oc-0276.png,OSM_GEOGRAPHIC_MASK,8,4,229218,0.5596142578125,161290,0.3937744140625,248310,0.6062255859375,SUCCESS,True,False,0.5596142578125,142,PENDING,,,,
nc:nc-0188-02-000028,nc,0,coast,data/external/dartis/raw/nc/nc-0188-02-000028.jpg,640,640,data/derived/v06_water_masks_homography/land/nc/nc-0188-02-000028.png,data/derived/v06_water_masks_homography/safe_water/nc/nc-0188-02-000028.png,OSM_GEOGRAPHIC_MASK,8,1,26016,0.063515625,378598,0.9243115234375,31002,0.0756884765625,SUCCESS,True,False,0.063515625,143,PENDING,,,,
nc:nc-0047-00-000047,nc,0,coast,data/external/dartis/raw/nc/nc-0047-00-000047.jpg,640,640,data/derived/v06_water_masks_homography/land/nc/nc-0047-00-000047.png,data/derived/v06_water_masks_homography/safe_water/nc/nc-0047-00-000047.png,OSM_GEOGRAPHIC_MASK,8,3,59523,0.14531982421875,333011,0.81301513671875,76589,0.18698486328125,SUCCESS,True,False,0.14531982421875,144,PENDING,,,,
nc:nc-0114-01-000038,nc,0,coast,data/external/dartis/raw/nc/nc-0114-01-000038.jpg,640,640,data/derived/v06_water_masks_homography/land/nc/nc-0114-01-000038.png,data/derived/v06_water_masks_homography/safe_water/nc/nc-0114-01-000038.png,OSM_GEOGRAPHIC_MASK,8,4,104052,0.254033203125,297108,0.725361328125,112492,0.274638671875,SUCCESS,True,False,0.254033203125,145,PENDING,,,,
nc:nc-0218-02-000058,nc,0,coast,data/external/dartis/raw/nc/nc-0218-02-000058.jpg,640,640,data/derived/v06_water_masks_homography/land/nc/nc-0218-02-000058.png,data/derived/v06_water_masks_homography/safe_water/nc/nc-0218-02-000058.png,OSM_GEOGRAPHIC_MASK,8,1,135677,0.33124267578125,265676,0.648623046875,143924,0.351376953125,SUCCESS,True,False,0.33124267578125,146,PENDING,,,,
nc:nc-0200-02-000040,nc,0,coast,data/external/dartis/raw/nc/nc-0200-02-000040.jpg,640,640,data/derived/v06_water_masks_homography/land/nc/nc-0200-02-000040.png,data/derived/v06_water_masks_homography/safe_water/nc/nc-0200-02-000040.png,OSM_GEOGRAPHIC_MASK,8,1,176379,0.43061279296875,226350,0.5526123046875,183250,0.4473876953125,SUCCESS,True,False,0.43061279296875,147,PENDING,,,,
nc:nc-0280-04-000001,nc,0,coast,data/external/dartis/raw/nc/nc-0280-04-000001.jpg,640,640,data/derived/v06_water_masks_homography/land/nc/nc-0280-04-000001.png,data/derived/v06_water_masks_homography/safe_water/nc/nc-0280-04-000001.png,OSM_GEOGRAPHIC_MASK,8,2,207639,0.50693115234375,188260,0.459619140625,221340,0.540380859375,SUCCESS,True,False,0.50693115234375,148,PENDING,,,,
nc:nc-0037-00-000037,nc,0,coast,data/external/dartis/raw/nc/nc-0037-00-000037.jpg,640,640,data/derived/v06_water_masks_homography/land/nc/nc-0037-00-000037.png,data/derived/v06_water_masks_homography/safe_water/nc/nc-0037-00-000037.png,OSM_GEOGRAPHIC_MASK,8,4,269768,0.65861328125,123976,0.30267578125,285624,0.69732421875,SUCCESS,True,False,0.65861328125,149,PENDING,,,,
nc:nc-0312-04-000033,nc,0,coast,data/external/dartis/raw/nc/nc-0312-04-000033.jpg,640,640,data/derived/v06_water_masks_homography/land/nc/nc-0312-04-000033.png,data/derived/v06_water_masks_homography/safe_water/nc/nc-0312-04-000033.png,OSM_GEOGRAPHIC_MASK,8,13,302231,0.73786865234375,93359,0.22792724609375,316241,0.77207275390625,SUCCESS,True,False,0.73786865234375,150,PENDING,,,,
