sample_key,dataset_group,split,image_path,mask_path,image_open_ok,mask_open_ok,same_shape,image_width,image_height,image_bands,mask_width,mask_height,mask_bands,mask_min,mask_max,mask_unique_preview,valid_pixel_ratio,inspection_error
Ghana_1078550,flood,test,data/external/sen1floods11/flood_sar/Ghana_1078550_S1Hand.tif,data/external/sen1floods11/flood_mask/Ghana_1078550_LabelHand.tif,True,True,True,512,512,2,512,512,1,0.0,1.0,0.0|1.0,1.0,
Ghana_141271,flood,test,data/external/sen1floods11/flood_sar/Ghana_141271_S1Hand.tif,data/external/sen1floods11/flood_mask/Ghana_141271_LabelHand.tif,True,True,True,512,512,2,512,512,1,0.0,1.0,0.0|1.0,1.0,
Ghana_167233,flood,test,data/external/sen1floods11/flood_sar/Ghana_167233_S1Hand.tif,data/external/sen1floods11/flood_mask/Ghana_167233_LabelHand.tif,True,True,True,512,512,2,512,512,1,0.0,0.0,0.0,1.0,
Ghana_313799,flood,test,data/external/sen1floods11/flood_sar/Ghana_313799_S1Hand.tif,data/external/sen1floods11/flood_mask/Ghana_313799_LabelHand.tif,True,True,True,512,512,2,512,512,1,-1.0,1.0,-1.0|0.0|1.0,1.0,
Ghana_319168,flood,test,data/external/sen1floods11/flood_sar/Ghana_319168_S1Hand.tif,data/external/sen1floods11/flood_mask/Ghana_319168_LabelHand.tif,True,True,True,512,512,2,512,512,1,-1.0,1.0,-1.0|0.0|1.0,1.0,
Ghana_359826,flood,test,data/external/sen1floods11/flood_sar/Ghana_359826_S1Hand.tif,data/external/sen1floods11/flood_mask/Ghana_359826_LabelHand.tif,True,True,True,512,512,2,512,512,1,0.0,1.0,0.0|1.0,1.0,
Ghana_406026,flood,test,data/external/sen1floods11/flood_sar/Ghana_406026_S1Hand.tif,data/external/sen1floods11/flood_mask/Ghana_406026_LabelHand.tif,True,True,True,512,512,2,512,512,1,0.0,1.0,0.0|1.0,1.0,
Ghana_53713,flood,test,data/external/sen1floods11/flood_sar/Ghana_53713_S1Hand.tif,data/external/sen1floods11/flood_mask/Ghana_53713_LabelHand.tif,True,True,True,512,512,2,512,512,1,0.0,0.0,0.0,1.0,
Ghana_83483,flood,test,data/external/sen1floods11/flood_sar/Ghana_83483_S1Hand.tif,data/external/sen1floods11/flood_mask/Ghana_83483_LabelHand.tif,True,True,True,512,512,2,512,512,1,-1.0,-1.0,-1.0,1.0,
Ghana_866994,flood,test,data/external/sen1floods11/flood_sar/Ghana_866994_S1Hand.tif,data/external/sen1floods11/flood_mask/Ghana_866994_LabelHand.tif,True,True,True,512,512,2,512,512,1,-1.0,1.0,-1.0|0.0|1.0,1.0,
Ghana_97059,flood,test,data/external/sen1floods11/flood_sar/Ghana_97059_S1Hand.tif,data/external/sen1floods11/flood_mask/Ghana_97059_LabelHand.tif,True,True,True,512,512,2,512,512,1,-1.0,0.0,-1.0|0.0,1.0,
India_1018327,flood,test,data/external/sen1floods11/flood_sar/India_1018327_S1Hand.tif,data/external/sen1floods11/flood_mask/India_1018327_LabelHand.tif,True,True,True,512,512,2,512,512,1,-1.0,1.0,-1.0|0.0|1.0,1.0,
India_399883,flood,test,data/external/sen1floods11/flood_sar/India_399883_S1Hand.tif,data/external/sen1floods11/flood_mask/India_399883_LabelHand.tif,True,True,True,512,512,2,512,512,1,-1.0,1.0,-1.0|0.0|1.0,1.0,
India_44475,flood,test,data/external/sen1floods11/flood_sar/India_44475_S1Hand.tif,data/external/sen1floods11/flood_mask/India_44475_LabelHand.tif,True,True,True,512,512,2,512,512,1,-1.0,0.0,-1.0|0.0,1.0,
India_570384,flood,test,data/external/sen1floods11/flood_sar/India_570384_S1Hand.tif,data/external/sen1floods11/flood_mask/India_570384_LabelHand.tif,True,True,True,512,512,2,512,512,1,-1.0,1.0,-1.0|0.0|1.0,1.0,
India_591317,flood,test,data/external/sen1floods11/flood_sar/India_591317_S1Hand.tif,data/external/sen1floods11/flood_mask/India_591317_LabelHand.tif,True,True,True,512,512,2,512,512,1,-1.0,1.0,-1.0|0.0|1.0,1.0,
India_592446,flood,test,data/external/sen1floods11/flood_sar/India_592446_S1Hand.tif,data/external/sen1floods11/flood_mask/India_592446_LabelHand.tif,True,True,True,512,512,2,512,512,1,-1.0,1.0,-1.0|0.0|1.0,1.0,
India_631692,flood,test,data/external/sen1floods11/flood_sar/India_631692_S1Hand.tif,data/external/sen1floods11/flood_mask/India_631692_LabelHand.tif,True,True,True,512,512,2,512,512,1,0.0,1.0,0.0|1.0,1.0,
India_747992,flood,test,data/external/sen1floods11/flood_sar/India_747992_S1Hand.tif,data/external/sen1floods11/flood_mask/India_747992_LabelHand.tif,True,True,True,512,512,2,512,512,1,-1.0,1.0,-1.0|0.0|1.0,1.0,
India_772630,flood,test,data/external/sen1floods11/flood_sar/India_772630_S1Hand.tif,data/external/sen1floods11/flood_mask/India_772630_LabelHand.tif,True,True,True,512,512,2,512,512,1,-1.0,1.0,-1.0|0.0|1.0,1.0,
India_79637,flood,test,data/external/sen1floods11/flood_sar/India_79637_S1Hand.tif,data/external/sen1floods11/flood_mask/India_79637_LabelHand.tif,True,True,True,512,512,2,512,512,1,0.0,1.0,0.0|1.0,1.0,
India_80221,flood,test,data/external/sen1floods11/flood_sar/India_80221_S1Hand.tif,data/external/sen1floods11/flood_mask/India_80221_LabelHand.tif,True,True,True,512,512,2,512,512,1,-1.0,1.0,-1.0|0.0|1.0,1.0,
India_828067,flood,test,data/external/sen1floods11/flood_sar/India_828067_S1Hand.tif,data/external/sen1floods11/flood_mask/India_828067_LabelHand.tif,True,True,True,512,512,2,512,512,1,-1.0,1.0,-1.0|0.0|1.0,1.0,
India_900498,flood,test,data/external/sen1floods11/flood_sar/India_900498_S1Hand.tif,data/external/sen1floods11/flood_mask/India_900498_LabelHand.tif,True,True,True,512,512,2,512,512,1,-1.0,1.0,-1.0|0.0|1.0,1.0,
India_952728,flood,test,data/external/sen1floods11/flood_sar/India_952728_S1Hand.tif,data/external/sen1floods11/flood_mask/India_952728_LabelHand.tif,True,True,True,512,512,2,512,512,1,-1.0,1.0,-1.0|0.0|1.0,1.0,
Mekong_1443339,flood,test,data/external/sen1floods11/flood_sar/Mekong_1443339_S1Hand.tif,data/external/sen1floods11/flood_mask/Mekong_1443339_LabelHand.tif,True,True,True,512,512,2,512,512,1,-1.0,1.0,-1.0|0.0|1.0,1.0,
Mekong_254910,flood,test,data/external/sen1floods11/flood_sar/Mekong_254910_S1Hand.tif,data/external/sen1floods11/flood_mask/Mekong_254910_LabelHand.tif,True,True,True,512,512,2,512,512,1,-1.0,1.0,-1.0|0.0|1.0,1.0,
Mekong_333434,flood,test,data/external/sen1floods11/flood_sar/Mekong_333434_S1Hand.tif,data/external/sen1floods11/flood_mask/Mekong_333434_LabelHand.tif,True,True,True,512,512,2,512,512,1,-1.0,1.0,-1.0|0.0|1.0,1.0,
Mekong_382276,flood,test,data/external/sen1floods11/flood_sar/Mekong_382276_S1Hand.tif,data/external/sen1floods11/flood_mask/Mekong_382276_LabelHand.tif,True,True,True,512,512,2,512,512,1,-1.0,1.0,-1.0|0.0|1.0,1.0,
Mekong_424793,flood,test,data/external/sen1floods11/flood_sar/Mekong_424793_S1Hand.tif,data/external/sen1floods11/flood_mask/Mekong_424793_LabelHand.tif,True,True,True,512,512,2,512,512,1,-1.0,1.0,-1.0|0.0|1.0,1.0,
Mekong_45934,flood,test,data/external/sen1floods11/flood_sar/Mekong_45934_S1Hand.tif,data/external/sen1floods11/flood_mask/Mekong_45934_LabelHand.tif,True,True,True,512,512,2,512,512,1,-1.0,1.0,-1.0|0.0|1.0,1.0,
Nigeria_22088,flood,test,data/external/sen1floods11/flood_sar/Nigeria_22088_S1Hand.tif,data/external/sen1floods11/flood_mask/Nigeria_22088_LabelHand.tif,True,True,True,512,512,2,512,512,1,-1.0,1.0,-1.0|0.0|1.0,1.0,
Nigeria_225131,flood,test,data/external/sen1floods11/flood_sar/Nigeria_225131_S1Hand.tif,data/external/sen1floods11/flood_mask/Nigeria_225131_LabelHand.tif,True,True,True,512,512,2,512,512,1,-1.0,1.0,-1.0|0.0|1.0,1.0,
Nigeria_417184,flood,test,data/external/sen1floods11/flood_sar/Nigeria_417184_S1Hand.tif,data/external/sen1floods11/flood_mask/Nigeria_417184_LabelHand.tif,True,True,True,512,512,2,512,512,1,-1.0,1.0,-1.0|0.0|1.0,1.0,
Nigeria_812045,flood,test,data/external/sen1floods11/flood_sar/Nigeria_812045_S1Hand.tif,data/external/sen1floods11/flood_mask/Nigeria_812045_LabelHand.tif,True,True,True,512,512,2,512,512,1,-1.0,1.0,-1.0|0.0|1.0,1.0,
Pakistan_167553,flood,test,data/external/sen1floods11/flood_sar/Pakistan_167553_S1Hand.tif,data/external/sen1floods11/flood_mask/Pakistan_167553_LabelHand.tif,True,True,True,512,512,2,512,512,1,-1.0,1.0,-1.0|0.0|1.0,1.0,
Pakistan_528249,flood,test,data/external/sen1floods11/flood_sar/Pakistan_528249_S1Hand.tif,data/external/sen1floods11/flood_mask/Pakistan_528249_LabelHand.tif,True,True,True,512,512,2,512,512,1,-1.0,0.0,-1.0|0.0,1.0,
Pakistan_664885,flood,test,data/external/sen1floods11/flood_sar/Pakistan_664885_S1Hand.tif,data/external/sen1floods11/flood_mask/Pakistan_664885_LabelHand.tif,True,True,True,512,512,2,512,512,1,-1.0,1.0,-1.0|0.0|1.0,1.0,
Pakistan_694942,flood,test,data/external/sen1floods11/flood_sar/Pakistan_694942_S1Hand.tif,data/external/sen1floods11/flood_mask/Pakistan_694942_LabelHand.tif,True,True,True,512,512,2,512,512,1,-1.0,1.0,-1.0|0.0|1.0,1.0,
Pakistan_70625,flood,test,data/external/sen1floods11/flood_sar/Pakistan_70625_S1Hand.tif,data/external/sen1floods11/flood_mask/Pakistan_70625_LabelHand.tif,True,True,True,512,512,2,512,512,1,0.0,1.0,0.0|1.0,1.0,
Pakistan_849790,flood,test,data/external/sen1floods11/flood_sar/Pakistan_849790_S1Hand.tif,data/external/sen1floods11/flood_mask/Pakistan_849790_LabelHand.tif,True,True,True,512,512,2,512,512,1,-1.0,1.0,-1.0|0.0|1.0,1.0,
Paraguay_1029191,flood,test,data/external/sen1floods11/flood_sar/Paraguay_1029191_S1Hand.tif,data/external/sen1floods11/flood_mask/Paraguay_1029191_LabelHand.tif,True,True,True,512,512,2,512,512,1,-1.0,1.0,-1.0|0.0|1.0,1.0,
Paraguay_232281,flood,test,data/external/sen1floods11/flood_sar/Paraguay_232281_S1Hand.tif,data/external/sen1floods11/flood_mask/Paraguay_232281_LabelHand.tif,True,True,True,512,512,2,512,512,1,0.0,1.0,0.0|1.0,1.0,
Paraguay_271769,flood,test,data/external/sen1floods11/flood_sar/Paraguay_271769_S1Hand.tif,data/external/sen1floods11/flood_mask/Paraguay_271769_LabelHand.tif,True,True,True,512,512,2,512,512,1,0.0,1.0,0.0|1.0,1.0,
Paraguay_280900,flood,test,data/external/sen1floods11/flood_sar/Paraguay_280900_S1Hand.tif,data/external/sen1floods11/flood_mask/Paraguay_280900_LabelHand.tif,True,True,True,512,512,2,512,512,1,-1.0,1.0,-1.0|0.0|1.0,1.0,
Paraguay_34417,flood,test,data/external/sen1floods11/flood_sar/Paraguay_34417_S1Hand.tif,data/external/sen1floods11/flood_mask/Paraguay_34417_LabelHand.tif,True,True,True,512,512,2,512,512,1,-1.0,1.0,-1.0|1.0,1.0,
Paraguay_40936,flood,test,data/external/sen1floods11/flood_sar/Paraguay_40936_S1Hand.tif,data/external/sen1floods11/flood_mask/Paraguay_40936_LabelHand.tif,True,True,True,512,512,2,512,512,1,-1.0,0.0,-1.0|0.0,1.0,
Paraguay_511199,flood,test,data/external/sen1floods11/flood_sar/Paraguay_511199_S1Hand.tif,data/external/sen1floods11/flood_mask/Paraguay_511199_LabelHand.tif,True,True,True,512,512,2,512,512,1,0.0,1.0,0.0|1.0,1.0,
Paraguay_59731,flood,test,data/external/sen1floods11/flood_sar/Paraguay_59731_S1Hand.tif,data/external/sen1floods11/flood_mask/Paraguay_59731_LabelHand.tif,True,True,True,512,512,2,512,512,1,-1.0,1.0,-1.0|0.0|1.0,1.0,
Paraguay_651904,flood,test,data/external/sen1floods11/flood_sar/Paraguay_651904_S1Hand.tif,data/external/sen1floods11/flood_mask/Paraguay_651904_LabelHand.tif,True,True,True,512,512,2,512,512,1,0.0,1.0,0.0|1.0,1.0,
Paraguay_683296,flood,test,data/external/sen1floods11/flood_sar/Paraguay_683296_S1Hand.tif,data/external/sen1floods11/flood_mask/Paraguay_683296_LabelHand.tif,True,True,True,512,512,2,512,512,1,-1.0,1.0,-1.0|0.0|1.0,1.0,
Paraguay_790830,flood,test,data/external/sen1floods11/flood_sar/Paraguay_790830_S1Hand.tif,data/external/sen1floods11/flood_mask/Paraguay_790830_LabelHand.tif,True,True,True,512,512,2,512,512,1,-1.0,1.0,-1.0|0.0|1.0,1.0,
Paraguay_80102,flood,test,data/external/sen1floods11/flood_sar/Paraguay_80102_S1Hand.tif,data/external/sen1floods11/flood_mask/Paraguay_80102_LabelHand.tif,True,True,True,512,512,2,512,512,1,-1.0,1.0,-1.0|0.0|1.0,1.0,
Paraguay_868895,flood,test,data/external/sen1floods11/flood_sar/Paraguay_868895_S1Hand.tif,data/external/sen1floods11/flood_mask/Paraguay_868895_LabelHand.tif,True,True,True,512,512,2,512,512,1,-1.0,1.0,-1.0|0.0|1.0,1.0,
Paraguay_913449,flood,test,data/external/sen1floods11/flood_sar/Paraguay_913449_S1Hand.tif,data/external/sen1floods11/flood_mask/Paraguay_913449_LabelHand.tif,True,True,True,512,512,2,512,512,1,0.0,1.0,0.0|1.0,1.0,
Somalia_166342,flood,test,data/external/sen1floods11/flood_sar/Somalia_166342_S1Hand.tif,data/external/sen1floods11/flood_mask/Somalia_166342_LabelHand.tif,True,True,True,512,512,2,512,512,1,-1.0,1.0,-1.0|0.0|1.0,1.0,
Somalia_322855,flood,test,data/external/sen1floods11/flood_sar/Somalia_322855_S1Hand.tif,data/external/sen1floods11/flood_mask/Somalia_322855_LabelHand.tif,True,True,True,512,512,2,512,512,1,-1.0,1.0,-1.0|0.0|1.0,1.0,
Somalia_60129,flood,test,data/external/sen1floods11/flood_sar/Somalia_60129_S1Hand.tif,data/external/sen1floods11/flood_mask/Somalia_60129_LabelHand.tif,True,True,True,512,512,2,512,512,1,-1.0,1.0,-1.0|0.0|1.0,1.0,
Somalia_685158,flood,test,data/external/sen1floods11/flood_sar/Somalia_685158_S1Hand.tif,data/external/sen1floods11/flood_mask/Somalia_685158_LabelHand.tif,True,True,True,512,512,2,512,512,1,-1.0,1.0,-1.0|0.0|1.0,1.0,
Somalia_699062,flood,test,data/external/sen1floods11/flood_sar/Somalia_699062_S1Hand.tif,data/external/sen1floods11/flood_mask/Somalia_699062_LabelHand.tif,True,True,True,512,512,2,512,512,1,-1.0,1.0,-1.0|0.0|1.0,1.0,
Somalia_94102,flood,test,data/external/sen1floods11/flood_sar/Somalia_94102_S1Hand.tif,data/external/sen1floods11/flood_mask/Somalia_94102_LabelHand.tif,True,True,True,512,512,2,512,512,1,-1.0,1.0,-1.0|0.0|1.0,1.0,
Spain_5650136,flood,test,data/external/sen1floods11/flood_sar/Spain_5650136_S1Hand.tif,data/external/sen1floods11/flood_mask/Spain_5650136_LabelHand.tif,True,True,True,512,512,2,512,512,1,-1.0,1.0,-1.0|0.0|1.0,1.0,
Spain_6095801,flood,test,data/external/sen1floods11/flood_sar/Spain_6095801_S1Hand.tif,data/external/sen1floods11/flood_mask/Spain_6095801_LabelHand.tif,True,True,True,512,512,2,512,512,1,-1.0,1.0,-1.0|0.0|1.0,1.0,
Spain_6860600,flood,test,data/external/sen1floods11/flood_sar/Spain_6860600_S1Hand.tif,data/external/sen1floods11/flood_mask/Spain_6860600_LabelHand.tif,True,True,True,512,512,2,512,512,1,-1.0,1.0,-1.0|0.0|1.0,1.0,
Spain_7370579,flood,test,data/external/sen1floods11/flood_sar/Spain_7370579_S1Hand.tif,data/external/sen1floods11/flood_mask/Spain_7370579_LabelHand.tif,True,True,True,512,512,2,512,512,1,-1.0,1.0,-1.0|0.0|1.0,1.0,
Spain_7387658,flood,test,data/external/sen1floods11/flood_sar/Spain_7387658_S1Hand.tif,data/external/sen1floods11/flood_mask/Spain_7387658_LabelHand.tif,True,True,True,512,512,2,512,512,1,-1.0,1.0,-1.0|0.0|1.0,1.0,
Spain_7558720,flood,test,data/external/sen1floods11/flood_sar/Spain_7558720_S1Hand.tif,data/external/sen1floods11/flood_mask/Spain_7558720_LabelHand.tif,True,True,True,512,512,2,512,512,1,-1.0,1.0,-1.0|0.0|1.0,1.0,
Sri-Lanka_1049830,flood,test,data/external/sen1floods11/flood_sar/Sri-Lanka_1049830_S1Hand.tif,data/external/sen1floods11/flood_mask/Sri-Lanka_1049830_LabelHand.tif,True,True,True,512,512,2,512,512,1,-1.0,1.0,-1.0|0.0|1.0,1.0,
Sri-Lanka_117737,flood,test,data/external/sen1floods11/flood_sar/Sri-Lanka_117737_S1Hand.tif,data/external/sen1floods11/flood_mask/Sri-Lanka_117737_LabelHand.tif,True,True,True,512,512,2,512,512,1,0.0,1.0,0.0|1.0,1.0,
Sri-Lanka_377277,flood,test,data/external/sen1floods11/flood_sar/Sri-Lanka_377277_S1Hand.tif,data/external/sen1floods11/flood_mask/Sri-Lanka_377277_LabelHand.tif,True,True,True,512,512,2,512,512,1,-1.0,1.0,-1.0|0.0|1.0,1.0,
Sri-Lanka_450918,flood,test,data/external/sen1floods11/flood_sar/Sri-Lanka_450918_S1Hand.tif,data/external/sen1floods11/flood_mask/Sri-Lanka_450918_LabelHand.tif,True,True,True,512,512,2,512,512,1,-1.0,1.0,-1.0|0.0|1.0,1.0,
Sri-Lanka_534068,flood,test,data/external/sen1floods11/flood_sar/Sri-Lanka_534068_S1Hand.tif,data/external/sen1floods11/flood_mask/Sri-Lanka_534068_LabelHand.tif,True,True,True,512,512,2,512,512,1,0.0,1.0,0.0|1.0,1.0,
Sri-Lanka_649970,flood,test,data/external/sen1floods11/flood_sar/Sri-Lanka_649970_S1Hand.tif,data/external/sen1floods11/flood_mask/Sri-Lanka_649970_LabelHand.tif,True,True,True,512,512,2,512,512,1,-1.0,1.0,-1.0|0.0|1.0,1.0,
Sri-Lanka_713926,flood,test,data/external/sen1floods11/flood_sar/Sri-Lanka_713926_S1Hand.tif,data/external/sen1floods11/flood_mask/Sri-Lanka_713926_LabelHand.tif,True,True,True,512,512,2,512,512,1,-1.0,1.0,-1.0|0.0|1.0,1.0,
Sri-Lanka_849649,flood,test,data/external/sen1floods11/flood_sar/Sri-Lanka_849649_S1Hand.tif,data/external/sen1floods11/flood_mask/Sri-Lanka_849649_LabelHand.tif,True,True,True,512,512,2,512,512,1,-1.0,1.0,-1.0|0.0|1.0,1.0,
Sri-Lanka_922192,flood,test,data/external/sen1floods11/flood_sar/Sri-Lanka_922192_S1Hand.tif,data/external/sen1floods11/flood_mask/Sri-Lanka_922192_LabelHand.tif,True,True,True,512,512,2,512,512,1,-1.0,1.0,-1.0|0.0|1.0,1.0,
USA_1049586,flood,test,data/external/sen1floods11/flood_sar/USA_1049586_S1Hand.tif,data/external/sen1floods11/flood_mask/USA_1049586_LabelHand.tif,True,True,True,512,512,2,512,512,1,-1.0,1.0,-1.0|0.0|1.0,1.0,
USA_350244,flood,test,data/external/sen1floods11/flood_sar/USA_350244_S1Hand.tif,data/external/sen1floods11/flood_mask/USA_350244_LabelHand.tif,True,True,True,512,512,2,512,512,1,-1.0,1.0,-1.0|0.0|1.0,1.0,
USA_430764,flood,test,data/external/sen1floods11/flood_sar/USA_430764_S1Hand.tif,data/external/sen1floods11/flood_mask/USA_430764_LabelHand.tif,True,True,True,512,512,2,512,512,1,-1.0,1.0,-1.0|0.0|1.0,1.0,
USA_504150,flood,test,data/external/sen1floods11/flood_sar/USA_504150_S1Hand.tif,data/external/sen1floods11/flood_mask/USA_504150_LabelHand.tif,True,True,True,512,512,2,512,512,1,-1.0,1.0,-1.0|0.0|1.0,1.0,
USA_519181,flood,test,data/external/sen1floods11/flood_sar/USA_519181_S1Hand.tif,data/external/sen1floods11/flood_mask/USA_519181_LabelHand.tif,True,True,True,512,512,2,512,512,1,-1.0,1.0,-1.0|0.0|1.0,1.0,
USA_527077,flood,test,data/external/sen1floods11/flood_sar/USA_527077_S1Hand.tif,data/external/sen1floods11/flood_mask/USA_527077_LabelHand.tif,True,True,True,512,512,2,512,512,1,-1.0,1.0,-1.0|0.0|1.0,1.0,
USA_595451,flood,test,data/external/sen1floods11/flood_sar/USA_595451_S1Hand.tif,data/external/sen1floods11/flood_mask/USA_595451_LabelHand.tif,True,True,True,512,512,2,512,512,1,-1.0,1.0,-1.0|0.0|1.0,1.0,
USA_66511,flood,test,data/external/sen1floods11/flood_sar/USA_66511_S1Hand.tif,data/external/sen1floods11/flood_mask/USA_66511_LabelHand.tif,True,True,True,512,512,2,512,512,1,-1.0,1.0,-1.0|0.0|1.0,1.0,
USA_670826,flood,test,data/external/sen1floods11/flood_sar/USA_670826_S1Hand.tif,data/external/sen1floods11/flood_mask/USA_670826_LabelHand.tif,True,True,True,512,512,2,512,512,1,-1.0,1.0,-1.0|0.0|1.0,1.0,
USA_67102,flood,test,data/external/sen1floods11/flood_sar/USA_67102_S1Hand.tif,data/external/sen1floods11/flood_mask/USA_67102_LabelHand.tif,True,True,True,512,512,2,512,512,1,-1.0,1.0,-1.0|0.0|1.0,1.0,
USA_758178,flood,test,data/external/sen1floods11/flood_sar/USA_758178_S1Hand.tif,data/external/sen1floods11/flood_mask/USA_758178_LabelHand.tif,True,True,True,512,512,2,512,512,1,-1.0,1.0,-1.0|0.0|1.0,1.0,
USA_778194,flood,test,data/external/sen1floods11/flood_sar/USA_778194_S1Hand.tif,data/external/sen1floods11/flood_mask/USA_778194_LabelHand.tif,True,True,True,512,512,2,512,512,1,-1.0,1.0,-1.0|0.0|1.0,1.0,
USA_905409,flood,test,data/external/sen1floods11/flood_sar/USA_905409_S1Hand.tif,data/external/sen1floods11/flood_mask/USA_905409_LabelHand.tif,True,True,True,512,512,2,512,512,1,-1.0,1.0,-1.0|0.0|1.0,1.0,
USA_933610,flood,test,data/external/sen1floods11/flood_sar/USA_933610_S1Hand.tif,data/external/sen1floods11/flood_mask/USA_933610_LabelHand.tif,True,True,True,512,512,2,512,512,1,-1.0,1.0,-1.0|0.0|1.0,1.0,
Ghana_103272,flood,train,data/external/sen1floods11/flood_sar/Ghana_103272_S1Hand.tif,data/external/sen1floods11/flood_mask/Ghana_103272_LabelHand.tif,True,True,True,512,512,2,512,512,1,-1.0,1.0,-1.0|0.0|1.0,1.0,
Ghana_1089161,flood,train,data/external/sen1floods11/flood_sar/Ghana_1089161_S1Hand.tif,data/external/sen1floods11/flood_mask/Ghana_1089161_LabelHand.tif,True,True,True,512,512,2,512,512,1,-1.0,1.0,-1.0|0.0|1.0,1.0,
Ghana_11745,flood,train,data/external/sen1floods11/flood_sar/Ghana_11745_S1Hand.tif,data/external/sen1floods11/flood_mask/Ghana_11745_LabelHand.tif,True,True,True,512,512,2,512,512,1,0.0,0.0,0.0,1.0,
Ghana_128663,flood,train,data/external/sen1floods11/flood_sar/Ghana_128663_S1Hand.tif,data/external/sen1floods11/flood_mask/Ghana_128663_LabelHand.tif,True,True,True,512,512,2,512,512,1,-1.0,0.0,-1.0|0.0,1.0,
Ghana_134751,flood,train,data/external/sen1floods11/flood_sar/Ghana_134751_S1Hand.tif,data/external/sen1floods11/flood_mask/Ghana_134751_LabelHand.tif,True,True,True,512,512,2,512,512,1,-1.0,0.0,-1.0|0.0,1.0,
Ghana_135389,flood,train,data/external/sen1floods11/flood_sar/Ghana_135389_S1Hand.tif,data/external/sen1floods11/flood_mask/Ghana_135389_LabelHand.tif,True,True,True,512,512,2,512,512,1,-1.0,1.0,-1.0|0.0|1.0,1.0,
Ghana_141910,flood,train,data/external/sen1floods11/flood_sar/Ghana_141910_S1Hand.tif,data/external/sen1floods11/flood_mask/Ghana_141910_LabelHand.tif,True,True,True,512,512,2,512,512,1,0.0,1.0,0.0|1.0,1.0,
Ghana_144050,flood,train,data/external/sen1floods11/flood_sar/Ghana_144050_S1Hand.tif,data/external/sen1floods11/flood_mask/Ghana_144050_LabelHand.tif,True,True,True,512,512,2,512,512,1,-1.0,0.0,-1.0|0.0,1.0,
Ghana_146222,flood,train,data/external/sen1floods11/flood_sar/Ghana_146222_S1Hand.tif,data/external/sen1floods11/flood_mask/Ghana_146222_LabelHand.tif,True,True,True,512,512,2,512,512,1,-1.0,0.0,-1.0|0.0,1.0,
Ghana_147015,flood,train,data/external/sen1floods11/flood_sar/Ghana_147015_S1Hand.tif,data/external/sen1floods11/flood_mask/Ghana_147015_LabelHand.tif,True,True,True,512,512,2,512,512,1,0.0,1.0,0.0|1.0,1.0,
Ghana_154838,flood,train,data/external/sen1floods11/flood_sar/Ghana_154838_S1Hand.tif,data/external/sen1floods11/flood_mask/Ghana_154838_LabelHand.tif,True,True,True,512,512,2,512,512,1,-1.0,0.0,-1.0|0.0,1.0,
Ghana_156478,flood,train,data/external/sen1floods11/flood_sar/Ghana_156478_S1Hand.tif,data/external/sen1floods11/flood_mask/Ghana_156478_LabelHand.tif,True,True,True,512,512,2,512,512,1,0.0,0.0,0.0,1.0,
Ghana_161233,flood,train,data/external/sen1floods11/flood_sar/Ghana_161233_S1Hand.tif,data/external/sen1floods11/flood_mask/Ghana_161233_LabelHand.tif,True,True,True,512,512,2,512,512,1,-1.0,0.0,-1.0|0.0,1.0,
Ghana_168875,flood,train,data/external/sen1floods11/flood_sar/Ghana_168875_S1Hand.tif,data/external/sen1floods11/flood_mask/Ghana_168875_LabelHand.tif,True,True,True,512,512,2,512,512,1,-1.0,0.0,-1.0|0.0,1.0,
Ghana_187318,flood,train,data/external/sen1floods11/flood_sar/Ghana_187318_S1Hand.tif,data/external/sen1floods11/flood_mask/Ghana_187318_LabelHand.tif,True,True,True,512,512,2,512,512,1,0.0,0.0,0.0,1.0,
Ghana_194723,flood,train,data/external/sen1floods11/flood_sar/Ghana_194723_S1Hand.tif,data/external/sen1floods11/flood_mask/Ghana_194723_LabelHand.tif,True,True,True,512,512,2,512,512,1,-1.0,0.0,-1.0|0.0,1.0,
Ghana_247288,flood,train,data/external/sen1floods11/flood_sar/Ghana_247288_S1Hand.tif,data/external/sen1floods11/flood_mask/Ghana_247288_LabelHand.tif,True,True,True,512,512,2,512,512,1,-1.0,1.0,-1.0|0.0|1.0,1.0,
Ghana_24858,flood,train,data/external/sen1floods11/flood_sar/Ghana_24858_S1Hand.tif,data/external/sen1floods11/flood_mask/Ghana_24858_LabelHand.tif,True,True,True,512,512,2,512,512,1,1.0,1.0,1.0,0.0018463134765625,
Ghana_26376,flood,train,data/external/sen1floods11/flood_sar/Ghana_26376_S1Hand.tif,data/external/sen1floods11/flood_mask/Ghana_26376_LabelHand.tif,True,True,True,512,512,2,512,512,1,-1.0,-1.0,-1.0,1.0,
Ghana_264787,flood,train,data/external/sen1floods11/flood_sar/Ghana_264787_S1Hand.tif,data/external/sen1floods11/flood_mask/Ghana_264787_LabelHand.tif,True,True,True,512,512,2,512,512,1,-1.0,0.0,-1.0|0.0,1.0,
Ghana_362274,flood,train,data/external/sen1floods11/flood_sar/Ghana_362274_S1Hand.tif,data/external/sen1floods11/flood_mask/Ghana_362274_LabelHand.tif,True,True,True,512,512,2,512,512,1,-1.0,1.0,-1.0|0.0|1.0,1.0,
Ghana_45911,flood,train,data/external/sen1floods11/flood_sar/Ghana_45911_S1Hand.tif,data/external/sen1floods11/flood_mask/Ghana_45911_LabelHand.tif,True,True,True,512,512,2,512,512,1,-1.0,0.0,-1.0|0.0,1.0,
Ghana_49890,flood,train,data/external/sen1floods11/flood_sar/Ghana_49890_S1Hand.tif,data/external/sen1floods11/flood_mask/Ghana_49890_LabelHand.tif,True,True,True,512,512,2,512,512,1,0.0,0.0,0.0,1.0,
Ghana_597288,flood,train,data/external/sen1floods11/flood_sar/Ghana_597288_S1Hand.tif,data/external/sen1floods11/flood_mask/Ghana_597288_LabelHand.tif,True,True,True,512,512,2,512,512,1,0.0,1.0,0.0|1.0,1.0,
Ghana_61925,flood,train,data/external/sen1floods11/flood_sar/Ghana_61925_S1Hand.tif,data/external/sen1floods11/flood_mask/Ghana_61925_LabelHand.tif,True,True,True,512,512,2,512,512,1,0.0,1.0,0.0|1.0,1.0,
Ghana_7496,flood,train,data/external/sen1floods11/flood_sar/Ghana_7496_S1Hand.tif,data/external/sen1floods11/flood_mask/Ghana_7496_LabelHand.tif,True,True,True,512,512,2,512,512,1,0.0,0.0,0.0,1.0,
Ghana_8090,flood,train,data/external/sen1floods11/flood_sar/Ghana_8090_S1Hand.tif,data/external/sen1floods11/flood_mask/Ghana_8090_LabelHand.tif,True,True,True,512,512,2,512,512,1,-1.0,1.0,-1.0|0.0|1.0,1.0,
Ghana_83200,flood,train,data/external/sen1floods11/flood_sar/Ghana_83200_S1Hand.tif,data/external/sen1floods11/flood_mask/Ghana_83200_LabelHand.tif,True,True,True,512,512,2,512,512,1,-1.0,1.0,-1.0|0.0|1.0,1.0,
Ghana_887131,flood,train,data/external/sen1floods11/flood_sar/Ghana_887131_S1Hand.tif,data/external/sen1floods11/flood_mask/Ghana_887131_LabelHand.tif,True,True,True,512,512,2,512,512,1,0.0,1.0,0.0|1.0,1.0,
Ghana_953791,flood,train,data/external/sen1floods11/flood_sar/Ghana_953791_S1Hand.tif,data/external/sen1floods11/flood_mask/Ghana_953791_LabelHand.tif,True,True,True,512,512,2,512,512,1,0.0,1.0,0.0|1.0,1.0,
Ghana_97516,flood,train,data/external/sen1floods11/flood_sar/Ghana_97516_S1Hand.tif,data/external/sen1floods11/flood_mask/Ghana_97516_LabelHand.tif,True,True,True,512,512,2,512,512,1,-1.0,1.0,-1.0|0.0|1.0,1.0,
India_1017769,flood,train,data/external/sen1floods11/flood_sar/India_1017769_S1Hand.tif,data/external/sen1floods11/flood_mask/India_1017769_LabelHand.tif,True,True,True,512,512,2,512,512,1,-1.0,1.0,-1.0|0.0|1.0,1.0,
India_103447,flood,train,data/external/sen1floods11/flood_sar/India_103447_S1Hand.tif,data/external/sen1floods11/flood_mask/India_103447_LabelHand.tif,True,True,True,512,512,2,512,512,1,-1.0,1.0,-1.0|0.0|1.0,1.0,
India_1072277,flood,train,data/external/sen1floods11/flood_sar/India_1072277_S1Hand.tif,data/external/sen1floods11/flood_mask/India_1072277_LabelHand.tif,True,True,True,512,512,2,512,512,1,-1.0,1.0,-1.0|0.0|1.0,1.0,
India_135434,flood,train,data/external/sen1floods11/flood_sar/India_135434_S1Hand.tif,data/external/sen1floods11/flood_mask/India_135434_LabelHand.tif,True,True,True,512,512,2,512,512,1,-1.0,1.0,-1.0|0.0|1.0,1.0,
India_136196,flood,train,data/external/sen1floods11/flood_sar/India_136196_S1Hand.tif,data/external/sen1floods11/flood_mask/India_136196_LabelHand.tif,True,True,True,512,512,2,512,512,1,-1.0,0.0,-1.0|0.0,1.0,
India_166709,flood,train,data/external/sen1floods11/flood_sar/India_166709_S1Hand.tif,data/external/sen1floods11/flood_mask/India_166709_LabelHand.tif,True,True,True,512,512,2,512,512,1,-1.0,1.0,-1.0|0.0|1.0,1.0,
India_177319,flood,train,data/external/sen1floods11/flood_sar/India_177319_S1Hand.tif,data/external/sen1floods11/flood_mask/India_177319_LabelHand.tif,True,True,True,512,512,2,512,512,1,-1.0,1.0,-1.0|0.0|1.0,1.0,
India_179238,flood,train,data/external/sen1floods11/flood_sar/India_179238_S1Hand.tif,data/external/sen1floods11/flood_mask/India_179238_LabelHand.tif,True,True,True,512,512,2,512,512,1,-1.0,1.0,-1.0|0.0|1.0,1.0,
India_207862,flood,train,data/external/sen1floods11/flood_sar/India_207862_S1Hand.tif,data/external/sen1floods11/flood_mask/India_207862_LabelHand.tif,True,True,True,512,512,2,512,512,1,-1.0,1.0,-1.0|0.0|1.0,1.0,
India_25540,flood,train,data/external/sen1floods11/flood_sar/India_25540_S1Hand.tif,data/external/sen1floods11/flood_mask/India_25540_LabelHand.tif,True,True,True,512,512,2,512,512,1,-1.0,1.0,-1.0|0.0|1.0,1.0,
India_265762,flood,train,data/external/sen1floods11/flood_sar/India_265762_S1Hand.tif,data/external/sen1floods11/flood_mask/India_265762_LabelHand.tif,True,True,True,512,512,2,512,512,1,-1.0,1.0,-1.0|0.0|1.0,1.0,
India_273873,flood,train,data/external/sen1floods11/flood_sar/India_273873_S1Hand.tif,data/external/sen1floods11/flood_mask/India_273873_LabelHand.tif,True,True,True,512,512,2,512,512,1,-1.0,1.0,-1.0|0.0|1.0,1.0,
India_285297,flood,train,data/external/sen1floods11/flood_sar/India_285297_S1Hand.tif,data/external/sen1floods11/flood_mask/India_285297_LabelHand.tif,True,True,True,512,512,2,512,512,1,-1.0,1.0,-1.0|0.0|1.0,1.0,
India_287642,flood,train,data/external/sen1floods11/flood_sar/India_287642_S1Hand.tif,data/external/sen1floods11/flood_mask/India_287642_LabelHand.tif,True,True,True,512,512,2,512,512,1,-1.0,1.0,-1.0|0.0|1.0,1.0,
India_324254,flood,train,data/external/sen1floods11/flood_sar/India_324254_S1Hand.tif,data/external/sen1floods11/flood_mask/India_324254_LabelHand.tif,True,True,True,512,512,2,512,512,1,0.0,1.0,0.0|1.0,1.0,
India_373039,flood,train,data/external/sen1floods11/flood_sar/India_373039_S1Hand.tif,data/external/sen1floods11/flood_mask/India_373039_LabelHand.tif,True,True,True,512,512,2,512,512,1,-1.0,1.0,-1.0|0.0|1.0,1.0,
India_383430,flood,train,data/external/sen1floods11/flood_sar/India_383430_S1Hand.tif,data/external/sen1floods11/flood_mask/India_383430_LabelHand.tif,True,True,True,512,512,2,512,512,1,-1.0,1.0,-1.0|0.0|1.0,1.0,
India_391908,flood,train,data/external/sen1floods11/flood_sar/India_391908_S1Hand.tif,data/external/sen1floods11/flood_mask/India_391908_LabelHand.tif,True,True,True,512,512,2,512,512,1,-1.0,1.0,-1.0|0.0|1.0,1.0,
India_500266,flood,train,data/external/sen1floods11/flood_sar/India_500266_S1Hand.tif,data/external/sen1floods11/flood_mask/India_500266_LabelHand.tif,True,True,True,512,512,2,512,512,1,-1.0,1.0,-1.0|0.0|1.0,1.0,
India_534470,flood,train,data/external/sen1floods11/flood_sar/India_534470_S1Hand.tif,data/external/sen1floods11/flood_mask/India_534470_LabelHand.tif,True,True,True,512,512,2,512,512,1,-1.0,1.0,-1.0|0.0|1.0,1.0,
India_56450,flood,train,data/external/sen1floods11/flood_sar/India_56450_S1Hand.tif,data/external/sen1floods11/flood_mask/India_56450_LabelHand.tif,True,True,True,512,512,2,512,512,1,-1.0,1.0,-1.0|0.0|1.0,1.0,
India_566697,flood,train,data/external/sen1floods11/flood_sar/India_566697_S1Hand.tif,data/external/sen1floods11/flood_mask/India_566697_LabelHand.tif,True,True,True,512,512,2,512,512,1,-1.0,1.0,-1.0|0.0|1.0,1.0,
India_591549,flood,train,data/external/sen1floods11/flood_sar/India_591549_S1Hand.tif,data/external/sen1floods11/flood_mask/India_591549_LabelHand.tif,True,True,True,512,512,2,512,512,1,-1.0,1.0,-1.0|0.0|1.0,1.0,
India_59460,flood,train,data/external/sen1floods11/flood_sar/India_59460_S1Hand.tif,data/external/sen1floods11/flood_mask/India_59460_LabelHand.tif,True,True,True,512,512,2,512,512,1,-1.0,1.0,-1.0|0.0|1.0,1.0,
India_624341,flood,train,data/external/sen1floods11/flood_sar/India_624341_S1Hand.tif,data/external/sen1floods11/flood_mask/India_624341_LabelHand.tif,True,True,True,512,512,2,512,512,1,-1.0,1.0,-1.0|0.0|1.0,1.0,
India_652725,flood,train,data/external/sen1floods11/flood_sar/India_652725_S1Hand.tif,data/external/sen1floods11/flood_mask/India_652725_LabelHand.tif,True,True,True,512,512,2,512,512,1,-1.0,1.0,-1.0|0.0|1.0,1.0,
India_664410,flood,train,data/external/sen1floods11/flood_sar/India_664410_S1Hand.tif,data/external/sen1floods11/flood_mask/India_664410_LabelHand.tif,True,True,True,512,512,2,512,512,1,-1.0,1.0,-1.0|0.0|1.0,1.0,
India_698338,flood,train,data/external/sen1floods11/flood_sar/India_698338_S1Hand.tif,data/external/sen1floods11/flood_mask/India_698338_LabelHand.tif,True,True,True,512,512,2,512,512,1,-1.0,1.0,-1.0|0.0|1.0,1.0,
India_707886,flood,train,data/external/sen1floods11/flood_sar/India_707886_S1Hand.tif,data/external/sen1floods11/flood_mask/India_707886_LabelHand.tif,True,True,True,512,512,2,512,512,1,-1.0,1.0,-1.0|0.0|1.0,1.0,
India_73419,flood,train,data/external/sen1floods11/flood_sar/India_73419_S1Hand.tif,data/external/sen1floods11/flood_mask/India_73419_LabelHand.tif,True,True,True,512,512,2,512,512,1,-1.0,1.0,-1.0|0.0|1.0,1.0,
India_747970,flood,train,data/external/sen1floods11/flood_sar/India_747970_S1Hand.tif,data/external/sen1floods11/flood_mask/India_747970_LabelHand.tif,True,True,True,512,512,2,512,512,1,-1.0,1.0,-1.0|0.0|1.0,1.0,
India_773682,flood,train,data/external/sen1floods11/flood_sar/India_773682_S1Hand.tif,data/external/sen1floods11/flood_mask/India_773682_LabelHand.tif,True,True,True,512,512,2,512,512,1,-1.0,1.0,-1.0|0.0|1.0,1.0,
India_774689,flood,train,data/external/sen1floods11/flood_sar/India_774689_S1Hand.tif,data/external/sen1floods11/flood_mask/India_774689_LabelHand.tif,True,True,True,512,512,2,512,512,1,-1.0,1.0,-1.0|0.0|1.0,1.0,
India_804466,flood,train,data/external/sen1floods11/flood_sar/India_804466_S1Hand.tif,data/external/sen1floods11/flood_mask/India_804466_LabelHand.tif,True,True,True,512,512,2,512,512,1,-1.0,1.0,-1.0|0.0|1.0,1.0,
India_842775,flood,train,data/external/sen1floods11/flood_sar/India_842775_S1Hand.tif,data/external/sen1floods11/flood_mask/India_842775_LabelHand.tif,True,True,True,512,512,2,512,512,1,-1.0,1.0,-1.0|0.0|1.0,1.0,
India_91379,flood,train,data/external/sen1floods11/flood_sar/India_91379_S1Hand.tif,data/external/sen1floods11/flood_mask/India_91379_LabelHand.tif,True,True,True,512,512,2,512,512,1,-1.0,1.0,-1.0|0.0|1.0,1.0,
India_943439,flood,train,data/external/sen1floods11/flood_sar/India_943439_S1Hand.tif,data/external/sen1floods11/flood_mask/India_943439_LabelHand.tif,True,True,True,512,512,2,512,512,1,-1.0,1.0,-1.0|0.0|1.0,1.0,
India_956930,flood,train,data/external/sen1floods11/flood_sar/India_956930_S1Hand.tif,data/external/sen1floods11/flood_mask/India_956930_LabelHand.tif,True,True,True,512,512,2,512,512,1,-1.0,1.0,-1.0|0.0|1.0,1.0,
India_979278,flood,train,data/external/sen1floods11/flood_sar/India_979278_S1Hand.tif,data/external/sen1floods11/flood_mask/India_979278_LabelHand.tif,True,True,True,512,512,2,512,512,1,-1.0,1.0,-1.0|0.0|1.0,1.0,
India_981708,flood,train,data/external/sen1floods11/flood_sar/India_981708_S1Hand.tif,data/external/sen1floods11/flood_mask/India_981708_LabelHand.tif,True,True,True,512,512,2,512,512,1,-1.0,1.0,-1.0|0.0|1.0,1.0,
Mekong_1111068,flood,train,data/external/sen1floods11/flood_sar/Mekong_1111068_S1Hand.tif,data/external/sen1floods11/flood_mask/Mekong_1111068_LabelHand.tif,True,True,True,512,512,2,512,512,1,-1.0,1.0,-1.0|0.0|1.0,1.0,
Mekong_1191208,flood,train,data/external/sen1floods11/flood_sar/Mekong_1191208_S1Hand.tif,data/external/sen1floods11/flood_mask/Mekong_1191208_LabelHand.tif,True,True,True,512,512,2,512,512,1,-1.0,1.0,-1.0|0.0|1.0,1.0,
Mekong_119477,flood,train,data/external/sen1floods11/flood_sar/Mekong_119477_S1Hand.tif,data/external/sen1floods11/flood_mask/Mekong_119477_LabelHand.tif,True,True,True,512,512,2,512,512,1,-1.0,1.0,-1.0|0.0|1.0,1.0,
Mekong_1248200,flood,train,data/external/sen1floods11/flood_sar/Mekong_1248200_S1Hand.tif,data/external/sen1floods11/flood_mask/Mekong_1248200_LabelHand.tif,True,True,True,512,512,2,512,512,1,-1.0,1.0,-1.0|0.0|1.0,1.0,
Mekong_1282475,flood,train,data/external/sen1floods11/flood_sar/Mekong_1282475_S1Hand.tif,data/external/sen1floods11/flood_mask/Mekong_1282475_LabelHand.tif,True,True,True,512,512,2,512,512,1,0.0,1.0,0.0|1.0,1.0,
Mekong_1395593,flood,train,data/external/sen1floods11/flood_sar/Mekong_1395593_S1Hand.tif,data/external/sen1floods11/flood_mask/Mekong_1395593_LabelHand.tif,True,True,True,512,512,2,512,512,1,-1.0,1.0,-1.0|0.0|1.0,1.0,
Mekong_1396181,flood,train,data/external/sen1floods11/flood_sar/Mekong_1396181_S1Hand.tif,data/external/sen1floods11/flood_mask/Mekong_1396181_LabelHand.tif,True,True,True,512,512,2,512,512,1,-1.0,1.0,-1.0|0.0|1.0,1.0,
Mekong_1439641,flood,train,data/external/sen1floods11/flood_sar/Mekong_1439641_S1Hand.tif,data/external/sen1floods11/flood_mask/Mekong_1439641_LabelHand.tif,True,True,True,512,512,2,512,512,1,-1.0,1.0,-1.0|0.0|1.0,1.0,
Mekong_16233,flood,train,data/external/sen1floods11/flood_sar/Mekong_16233_S1Hand.tif,data/external/sen1floods11/flood_mask/Mekong_16233_LabelHand.tif,True,True,True,512,512,2,512,512,1,-1.0,1.0,-1.0|0.0|1.0,1.0,
Mekong_213094,flood,train,data/external/sen1floods11/flood_sar/Mekong_213094_S1Hand.tif,data/external/sen1floods11/flood_mask/Mekong_213094_LabelHand.tif,True,True,True,512,512,2,512,512,1,-1.0,1.0,-1.0|0.0|1.0,1.0,
Mekong_221789,flood,train,data/external/sen1floods11/flood_sar/Mekong_221789_S1Hand.tif,data/external/sen1floods11/flood_mask/Mekong_221789_LabelHand.tif,True,True,True,512,512,2,512,512,1,-1.0,0.0,-1.0|0.0,1.0,
Mekong_269835,flood,train,data/external/sen1floods11/flood_sar/Mekong_269835_S1Hand.tif,data/external/sen1floods11/flood_mask/Mekong_269835_LabelHand.tif,True,True,True,512,512,2,512,512,1,-1.0,1.0,-1.0|0.0|1.0,1.0,
Mekong_342411,flood,train,data/external/sen1floods11/flood_sar/Mekong_342411_S1Hand.tif,data/external/sen1floods11/flood_mask/Mekong_342411_LabelHand.tif,True,True,True,512,512,2,512,512,1,-1.0,1.0,-1.0|0.0|1.0,1.0,
Mekong_52610,flood,train,data/external/sen1floods11/flood_sar/Mekong_52610_S1Hand.tif,data/external/sen1floods11/flood_mask/Mekong_52610_LabelHand.tif,True,True,True,512,512,2,512,512,1,0.0,1.0,0.0|1.0,1.0,
Mekong_596495,flood,train,data/external/sen1floods11/flood_sar/Mekong_596495_S1Hand.tif,data/external/sen1floods11/flood_mask/Mekong_596495_LabelHand.tif,True,True,True,512,512,2,512,512,1,-1.0,1.0,-1.0|0.0|1.0,1.0,
Mekong_774566,flood,train,data/external/sen1floods11/flood_sar/Mekong_774566_S1Hand.tif,data/external/sen1floods11/flood_mask/Mekong_774566_LabelHand.tif,True,True,True,512,512,2,512,512,1,-1.0,1.0,-1.0|0.0|1.0,1.0,
Mekong_846007,flood,train,data/external/sen1floods11/flood_sar/Mekong_846007_S1Hand.tif,data/external/sen1floods11/flood_mask/Mekong_846007_LabelHand.tif,True,True,True,512,512,2,512,512,1,-1.0,1.0,-1.0|0.0|1.0,1.0,
Mekong_922373,flood,train,data/external/sen1floods11/flood_sar/Mekong_922373_S1Hand.tif,data/external/sen1floods11/flood_mask/Mekong_922373_LabelHand.tif,True,True,True,512,512,2,512,512,1,-1.0,1.0,-1.0|0.0|1.0,1.0,
Nigeria_143329,flood,train,data/external/sen1floods11/flood_sar/Nigeria_143329_S1Hand.tif,data/external/sen1floods11/flood_mask/Nigeria_143329_LabelHand.tif,True,True,True,512,512,2,512,512,1,-1.0,1.0,-1.0|0.0|1.0,1.0,
Nigeria_35845,flood,train,data/external/sen1floods11/flood_sar/Nigeria_35845_S1Hand.tif,data/external/sen1floods11/flood_mask/Nigeria_35845_LabelHand.tif,True,True,True,512,512,2,512,512,1,-1.0,1.0,-1.0|0.0|1.0,1.0,
Nigeria_439488,flood,train,data/external/sen1floods11/flood_sar/Nigeria_439488_S1Hand.tif,data/external/sen1floods11/flood_mask/Nigeria_439488_LabelHand.tif,True,True,True,512,512,2,512,512,1,-1.0,1.0,-1.0|0.0|1.0,1.0,
Nigeria_529525,flood,train,data/external/sen1floods11/flood_sar/Nigeria_529525_S1Hand.tif,data/external/sen1floods11/flood_mask/Nigeria_529525_LabelHand.tif,True,True,True,512,512,2,512,512,1,0.0,1.0,0.0|1.0,1.0,
Nigeria_598959,flood,train,data/external/sen1floods11/flood_sar/Nigeria_598959_S1Hand.tif,data/external/sen1floods11/flood_mask/Nigeria_598959_LabelHand.tif,True,True,True,512,512,2,512,512,1,-1.0,1.0,-1.0|0.0|1.0,1.0,
Nigeria_600295,flood,train,data/external/sen1floods11/flood_sar/Nigeria_600295_S1Hand.tif,data/external/sen1floods11/flood_mask/Nigeria_600295_LabelHand.tif,True,True,True,512,512,2,512,512,1,-1.0,1.0,-1.0|0.0|1.0,1.0,
Nigeria_707067,flood,train,data/external/sen1floods11/flood_sar/Nigeria_707067_S1Hand.tif,data/external/sen1floods11/flood_mask/Nigeria_707067_LabelHand.tif,True,True,True,512,512,2,512,512,1,-1.0,1.0,-1.0|0.0|1.0,1.0,
Nigeria_78061,flood,train,data/external/sen1floods11/flood_sar/Nigeria_78061_S1Hand.tif,data/external/sen1floods11/flood_mask/Nigeria_78061_LabelHand.tif,True,True,True,512,512,2,512,512,1,-1.0,1.0,-1.0|0.0|1.0,1.0,
Nigeria_81933,flood,train,data/external/sen1floods11/flood_sar/Nigeria_81933_S1Hand.tif,data/external/sen1floods11/flood_mask/Nigeria_81933_LabelHand.tif,True,True,True,512,512,2,512,512,1,-1.0,1.0,-1.0|0.0|1.0,1.0,
Nigeria_952958,flood,train,data/external/sen1floods11/flood_sar/Nigeria_952958_S1Hand.tif,data/external/sen1floods11/flood_mask/Nigeria_952958_LabelHand.tif,True,True,True,512,512,2,512,512,1,-1.0,1.0,-1.0|0.0|1.0,1.0,
Pakistan_1036366,flood,train,data/external/sen1floods11/flood_sar/Pakistan_1036366_S1Hand.tif,data/external/sen1floods11/flood_mask/Pakistan_1036366_LabelHand.tif,True,True,True,512,512,2,512,512,1,-1.0,1.0,-1.0|0.0|1.0,1.0,
Pakistan_132143,flood,train,data/external/sen1floods11/flood_sar/Pakistan_132143_S1Hand.tif,data/external/sen1floods11/flood_mask/Pakistan_132143_LabelHand.tif,True,True,True,512,512,2,512,512,1,0.0,0.0,0.0,1.0,
Pakistan_211386,flood,train,data/external/sen1floods11/flood_sar/Pakistan_211386_S1Hand.tif,data/external/sen1floods11/flood_mask/Pakistan_211386_LabelHand.tif,True,True,True,512,512,2,512,512,1,-1.0,1.0,-1.0|0.0|1.0,1.0,
Pakistan_246510,flood,train,data/external/sen1floods11/flood_sar/Pakistan_246510_S1Hand.tif,data/external/sen1floods11/flood_mask/Pakistan_246510_LabelHand.tif,True,True,True,512,512,2,512,512,1,-1.0,1.0,-1.0|0.0|1.0,1.0,
Pakistan_246718,flood,train,data/external/sen1floods11/flood_sar/Pakistan_246718_S1Hand.tif,data/external/sen1floods11/flood_mask/Pakistan_246718_LabelHand.tif,True,True,True,512,512,2,512,512,1,-1.0,1.0,-1.0|0.0|1.0,1.0,
Pakistan_35915,flood,train,data/external/sen1floods11/flood_sar/Pakistan_35915_S1Hand.tif,data/external/sen1floods11/flood_mask/Pakistan_35915_LabelHand.tif,True,True,True,512,512,2,512,512,1,-1.0,1.0,-1.0|0.0|1.0,1.0,
Pakistan_366265,flood,train,data/external/sen1floods11/flood_sar/Pakistan_366265_S1Hand.tif,data/external/sen1floods11/flood_mask/Pakistan_366265_LabelHand.tif,True,True,True,512,512,2,512,512,1,-1.0,1.0,-1.0|0.0|1.0,1.0,
Pakistan_401863,flood,train,data/external/sen1floods11/flood_sar/Pakistan_401863_S1Hand.tif,data/external/sen1floods11/flood_mask/Pakistan_401863_LabelHand.tif,True,True,True,512,512,2,512,512,1,-1.0,1.0,-1.0|0.0|1.0,1.0,
Pakistan_474121,flood,train,data/external/sen1floods11/flood_sar/Pakistan_474121_S1Hand.tif,data/external/sen1floods11/flood_mask/Pakistan_474121_LabelHand.tif,True,True,True,512,512,2,512,512,1,-1.0,1.0,-1.0|0.0|1.0,1.0,
Pakistan_548910,flood,train,data/external/sen1floods11/flood_sar/Pakistan_548910_S1Hand.tif,data/external/sen1floods11/flood_mask/Pakistan_548910_LabelHand.tif,True,True,True,512,512,2,512,512,1,-1.0,1.0,-1.0|0.0|1.0,1.0,
Pakistan_65724,flood,train,data/external/sen1floods11/flood_sar/Pakistan_65724_S1Hand.tif,data/external/sen1floods11/flood_mask/Pakistan_65724_LabelHand.tif,True,True,True,512,512,2,512,512,1,-1.0,0.0,-1.0|0.0,1.0,
Pakistan_667363,flood,train,data/external/sen1floods11/flood_sar/Pakistan_667363_S1Hand.tif,data/external/sen1floods11/flood_mask/Pakistan_667363_LabelHand.tif,True,True,True,512,512,2,512,512,1,-1.0,1.0,-1.0|0.0|1.0,1.0,
Pakistan_712873,flood,train,data/external/sen1floods11/flood_sar/Pakistan_712873_S1Hand.tif,data/external/sen1floods11/flood_mask/Pakistan_712873_LabelHand.tif,True,True,True,512,512,2,512,512,1,-1.0,1.0,-1.0|0.0|1.0,1.0,
Pakistan_740461,flood,train,data/external/sen1floods11/flood_sar/Pakistan_740461_S1Hand.tif,data/external/sen1floods11/flood_mask/Pakistan_740461_LabelHand.tif,True,True,True,512,512,2,512,512,1,-1.0,0.0,-1.0|0.0,1.0,
Pakistan_760290,flood,train,data/external/sen1floods11/flood_sar/Pakistan_760290_S1Hand.tif,data/external/sen1floods11/flood_mask/Pakistan_760290_LabelHand.tif,True,True,True,512,512,2,512,512,1,-1.0,0.0,-1.0|0.0,1.0,
Pakistan_909806,flood,train,data/external/sen1floods11/flood_sar/Pakistan_909806_S1Hand.tif,data/external/sen1floods11/flood_mask/Pakistan_909806_LabelHand.tif,True,True,True,512,512,2,512,512,1,-1.0,1.0,-1.0|0.0|1.0,1.0,
Paraguay_1029042,flood,train,data/external/sen1floods11/flood_sar/Paraguay_1029042_S1Hand.tif,data/external/sen1floods11/flood_mask/Paraguay_1029042_LabelHand.tif,True,True,True,512,512,2,512,512,1,-1.0,1.0,-1.0|0.0|1.0,1.0,
Paraguay_1056717,flood,train,data/external/sen1floods11/flood_sar/Paraguay_1056717_S1Hand.tif,data/external/sen1floods11/flood_mask/Paraguay_1056717_LabelHand.tif,True,True,True,512,512,2,512,512,1,0.0,1.0,0.0|1.0,1.0,
Paraguay_1076204,flood,train,data/external/sen1floods11/flood_sar/Paraguay_1076204_S1Hand.tif,data/external/sen1floods11/flood_mask/Paraguay_1076204_LabelHand.tif,True,True,True,512,512,2,512,512,1,0.0,1.0,0.0|1.0,1.0,
Paraguay_11869,flood,train,data/external/sen1floods11/flood_sar/Paraguay_11869_S1Hand.tif,data/external/sen1floods11/flood_mask/Paraguay_11869_LabelHand.tif,True,True,True,512,512,2,512,512,1,-1.0,1.0,-1.0|0.0|1.0,1.0,
Paraguay_126224,flood,train,data/external/sen1floods11/flood_sar/Paraguay_126224_S1Hand.tif,data/external/sen1floods11/flood_mask/Paraguay_126224_LabelHand.tif,True,True,True,512,512,2,512,512,1,0.0,1.0,0.0|1.0,1.0,
Paraguay_12870,flood,train,data/external/sen1floods11/flood_sar/Paraguay_12870_S1Hand.tif,data/external/sen1floods11/flood_mask/Paraguay_12870_LabelHand.tif,True,True,True,512,512,2,512,512,1,0.0,0.0,0.0,1.0,
Paraguay_148318,flood,train,data/external/sen1floods11/flood_sar/Paraguay_148318_S1Hand.tif,data/external/sen1floods11/flood_mask/Paraguay_148318_LabelHand.tif,True,True,True,512,512,2,512,512,1,-1.0,1.0,-1.0|0.0|1.0,1.0,
Paraguay_149787,flood,train,data/external/sen1floods11/flood_sar/Paraguay_149787_S1Hand.tif,data/external/sen1floods11/flood_mask/Paraguay_149787_LabelHand.tif,True,True,True,512,512,2,512,512,1,0.0,1.0,0.0|1.0,1.0,
Paraguay_149830,flood,train,data/external/sen1floods11/flood_sar/Paraguay_149830_S1Hand.tif,data/external/sen1floods11/flood_mask/Paraguay_149830_LabelHand.tif,True,True,True,512,512,2,512,512,1,-1.0,1.0,-1.0|0.0|1.0,1.0,
Paraguay_179624,flood,train,data/external/sen1floods11/flood_sar/Paraguay_179624_S1Hand.tif,data/external/sen1floods11/flood_mask/Paraguay_179624_LabelHand.tif,True,True,True,512,512,2,512,512,1,-1.0,1.0,-1.0|0.0|1.0,1.0,
Paraguay_191503,flood,train,data/external/sen1floods11/flood_sar/Paraguay_191503_S1Hand.tif,data/external/sen1floods11/flood_mask/Paraguay_191503_LabelHand.tif,True,True,True,512,512,2,512,512,1,0.0,1.0,0.0|1.0,1.0,
Paraguay_198534,flood,train,data/external/sen1floods11/flood_sar/Paraguay_198534_S1Hand.tif,data/external/sen1floods11/flood_mask/Paraguay_198534_LabelHand.tif,True,True,True,512,512,2,512,512,1,-1.0,0.0,-1.0|0.0,1.0,
Paraguay_212687,flood,train,data/external/sen1floods11/flood_sar/Paraguay_212687_S1Hand.tif,data/external/sen1floods11/flood_mask/Paraguay_212687_LabelHand.tif,True,True,True,512,512,2,512,512,1,0.0,1.0,0.0|1.0,1.0,
Paraguay_215904,flood,train,data/external/sen1floods11/flood_sar/Paraguay_215904_S1Hand.tif,data/external/sen1floods11/flood_mask/Paraguay_215904_LabelHand.tif,True,True,True,512,512,2,512,512,1,-1.0,0.0,-1.0|0.0,1.0,
Paraguay_224845,flood,train,data/external/sen1floods11/flood_sar/Paraguay_224845_S1Hand.tif,data/external/sen1floods11/flood_mask/Paraguay_224845_LabelHand.tif,True,True,True,512,512,2,512,512,1,-1.0,0.0,-1.0|0.0,1.0,
Paraguay_225187,flood,train,data/external/sen1floods11/flood_sar/Paraguay_225187_S1Hand.tif,data/external/sen1floods11/flood_mask/Paraguay_225187_LabelHand.tif,True,True,True,512,512,2,512,512,1,0.0,1.0,0.0|1.0,1.0,
Paraguay_24341,flood,train,data/external/sen1floods11/flood_sar/Paraguay_24341_S1Hand.tif,data/external/sen1floods11/flood_mask/Paraguay_24341_LabelHand.tif,True,True,True,512,512,2,512,512,1,0.0,1.0,0.0|1.0,1.0,
Paraguay_246154,flood,train,data/external/sen1floods11/flood_sar/Paraguay_246154_S1Hand.tif,data/external/sen1floods11/flood_mask/Paraguay_246154_LabelHand.tif,True,True,True,512,512,2,512,512,1,0.0,1.0,0.0|1.0,1.0,
Paraguay_247656,flood,train,data/external/sen1floods11/flood_sar/Paraguay_247656_S1Hand.tif,data/external/sen1floods11/flood_mask/Paraguay_247656_LabelHand.tif,True,True,True,512,512,2,512,512,1,0.0,1.0,0.0|1.0,1.0,
Paraguay_339807,flood,train,data/external/sen1floods11/flood_sar/Paraguay_339807_S1Hand.tif,data/external/sen1floods11/flood_mask/Paraguay_339807_LabelHand.tif,True,True,True,512,512,2,512,512,1,-1.0,1.0,-1.0|0.0|1.0,1.0,
Paraguay_36015,flood,train,data/external/sen1floods11/flood_sar/Paraguay_36015_S1Hand.tif,data/external/sen1floods11/flood_mask/Paraguay_36015_LabelHand.tif,True,True,True,512,512,2,512,512,1,-1.0,0.0,-1.0|0.0,1.0,
Paraguay_36146,flood,train,data/external/sen1floods11/flood_sar/Paraguay_36146_S1Hand.tif,data/external/sen1floods11/flood_mask/Paraguay_36146_LabelHand.tif,True,True,True,512,512,2,512,512,1,0.0,0.0,0.0,1.0,
Paraguay_403081,flood,train,data/external/sen1floods11/flood_sar/Paraguay_403081_S1Hand.tif,data/external/sen1floods11/flood_mask/Paraguay_403081_LabelHand.tif,True,True,True,512,512,2,512,512,1,-1.0,1.0,-1.0|0.0|1.0,1.0,
Paraguay_44682,flood,train,data/external/sen1floods11/flood_sar/Paraguay_44682_S1Hand.tif,data/external/sen1floods11/flood_mask/Paraguay_44682_LabelHand.tif,True,True,True,512,512,2,512,512,1,0.0,1.0,0.0|1.0,1.0,
Paraguay_470303,flood,train,data/external/sen1floods11/flood_sar/Paraguay_470303_S1Hand.tif,data/external/sen1floods11/flood_mask/Paraguay_470303_LabelHand.tif,True,True,True,512,512,2,512,512,1,0.0,1.0,0.0|1.0,1.0,
Paraguay_482517,flood,train,data/external/sen1floods11/flood_sar/Paraguay_482517_S1Hand.tif,data/external/sen1floods11/flood_mask/Paraguay_482517_LabelHand.tif,True,True,True,512,512,2,512,512,1,-1.0,1.0,-1.0|0.0|1.0,1.0,
Paraguay_48673,flood,train,data/external/sen1floods11/flood_sar/Paraguay_48673_S1Hand.tif,data/external/sen1floods11/flood_mask/Paraguay_48673_LabelHand.tif,True,True,True,512,512,2,512,512,1,0.0,1.0,0.0|1.0,1.0,
Paraguay_54421,flood,train,data/external/sen1floods11/flood_sar/Paraguay_54421_S1Hand.tif,data/external/sen1floods11/flood_mask/Paraguay_54421_LabelHand.tif,True,True,True,512,512,2,512,512,1,0.0,1.0,0.0|1.0,1.0,
Paraguay_605682,flood,train,data/external/sen1floods11/flood_sar/Paraguay_605682_S1Hand.tif,data/external/sen1floods11/flood_mask/Paraguay_605682_LabelHand.tif,True,True,True,512,512,2,512,512,1,0.0,1.0,0.0|1.0,1.0,
Paraguay_62897,flood,train,data/external/sen1floods11/flood_sar/Paraguay_62897_S1Hand.tif,data/external/sen1floods11/flood_mask/Paraguay_62897_LabelHand.tif,True,True,True,512,512,2,512,512,1,0.0,1.0,0.0|1.0,1.0,
Paraguay_721886,flood,train,data/external/sen1floods11/flood_sar/Paraguay_721886_S1Hand.tif,data/external/sen1floods11/flood_mask/Paraguay_721886_LabelHand.tif,True,True,True,512,512,2,512,512,1,0.0,1.0,0.0|1.0,1.0,
Paraguay_791364,flood,train,data/external/sen1floods11/flood_sar/Paraguay_791364_S1Hand.tif,data/external/sen1floods11/flood_mask/Paraguay_791364_LabelHand.tif,True,True,True,512,512,2,512,512,1,-1.0,1.0,-1.0|0.0|1.0,1.0,
Paraguay_792268,flood,train,data/external/sen1floods11/flood_sar/Paraguay_792268_S1Hand.tif,data/external/sen1floods11/flood_mask/Paraguay_792268_LabelHand.tif,True,True,True,512,512,2,512,512,1,-1.0,1.0,-1.0|0.0|1.0,1.0,
Paraguay_795075,flood,train,data/external/sen1floods11/flood_sar/Paraguay_795075_S1Hand.tif,data/external/sen1floods11/flood_mask/Paraguay_795075_LabelHand.tif,True,True,True,512,512,2,512,512,1,-1.0,1.0,-1.0|0.0|1.0,1.0,
Paraguay_822142,flood,train,data/external/sen1floods11/flood_sar/Paraguay_822142_S1Hand.tif,data/external/sen1floods11/flood_mask/Paraguay_822142_LabelHand.tif,True,True,True,512,512,2,512,512,1,0.0,1.0,0.0|1.0,1.0,
Paraguay_892933,flood,train,data/external/sen1floods11/flood_sar/Paraguay_892933_S1Hand.tif,data/external/sen1floods11/flood_mask/Paraguay_892933_LabelHand.tif,True,True,True,512,512,2,512,512,1,0.0,1.0,0.0|1.0,1.0,
Paraguay_921838,flood,train,data/external/sen1floods11/flood_sar/Paraguay_921838_S1Hand.tif,data/external/sen1floods11/flood_mask/Paraguay_921838_LabelHand.tif,True,True,True,512,512,2,512,512,1,0.0,1.0,0.0|1.0,1.0,
Paraguay_989230,flood,train,data/external/sen1floods11/flood_sar/Paraguay_989230_S1Hand.tif,data/external/sen1floods11/flood_mask/Paraguay_989230_LabelHand.tif,True,True,True,512,512,2,512,512,1,-1.0,1.0,-1.0|0.0|1.0,1.0,
Paraguay_997480,flood,train,data/external/sen1floods11/flood_sar/Paraguay_997480_S1Hand.tif,data/external/sen1floods11/flood_mask/Paraguay_997480_LabelHand.tif,True,True,True,512,512,2,512,512,1,0.0,1.0,0.0|1.0,1.0,
Somalia_1068756,flood,train,data/external/sen1floods11/flood_sar/Somalia_1068756_S1Hand.tif,data/external/sen1floods11/flood_mask/Somalia_1068756_LabelHand.tif,True,True,True,512,512,2,512,512,1,-1.0,1.0,-1.0|0.0|1.0,1.0,
Somalia_1087508,flood,train,data/external/sen1floods11/flood_sar/Somalia_1087508_S1Hand.tif,data/external/sen1floods11/flood_mask/Somalia_1087508_LabelHand.tif,True,True,True,512,512,2,512,512,1,-1.0,1.0,-1.0|0.0|1.0,1.0,
Somalia_195014,flood,train,data/external/sen1floods11/flood_sar/Somalia_195014_S1Hand.tif,data/external/sen1floods11/flood_mask/Somalia_195014_LabelHand.tif,True,True,True,512,512,2,512,512,1,-1.0,0.0,-1.0|0.0,1.0,
Somalia_205466,flood,train,data/external/sen1floods11/flood_sar/Somalia_205466_S1Hand.tif,data/external/sen1floods11/flood_mask/Somalia_205466_LabelHand.tif,True,True,True,512,512,2,512,512,1,-1.0,1.0,-1.0|0.0|1.0,1.0,
Somalia_230192,flood,train,data/external/sen1floods11/flood_sar/Somalia_230192_S1Hand.tif,data/external/sen1floods11/flood_mask/Somalia_230192_LabelHand.tif,True,True,True,512,512,2,512,512,1,-1.0,1.0,-1.0|0.0|1.0,1.0,
Somalia_295782,flood,train,data/external/sen1floods11/flood_sar/Somalia_295782_S1Hand.tif,data/external/sen1floods11/flood_mask/Somalia_295782_LabelHand.tif,True,True,True,512,512,2,512,512,1,-1.0,1.0,-1.0|0.0|1.0,1.0,
Somalia_32375,flood,train,data/external/sen1floods11/flood_sar/Somalia_32375_S1Hand.tif,data/external/sen1floods11/flood_mask/Somalia_32375_LabelHand.tif,True,True,True,512,512,2,512,512,1,-1.0,1.0,-1.0|0.0|1.0,1.0,
Somalia_371421,flood,train,data/external/sen1floods11/flood_sar/Somalia_371421_S1Hand.tif,data/external/sen1floods11/flood_mask/Somalia_371421_LabelHand.tif,True,True,True,512,512,2,512,512,1,-1.0,1.0,-1.0|0.0|1.0,1.0,
Somalia_626316,flood,train,data/external/sen1floods11/flood_sar/Somalia_626316_S1Hand.tif,data/external/sen1floods11/flood_mask/Somalia_626316_LabelHand.tif,True,True,True,512,512,2,512,512,1,-1.0,1.0,-1.0|0.0|1.0,1.0,
Somalia_7931,flood,train,data/external/sen1floods11/flood_sar/Somalia_7931_S1Hand.tif,data/external/sen1floods11/flood_mask/Somalia_7931_LabelHand.tif,True,True,True,512,512,2,512,512,1,-1.0,0.0,-1.0|0.0,1.0,
Somalia_886726,flood,train,data/external/sen1floods11/flood_sar/Somalia_886726_S1Hand.tif,data/external/sen1floods11/flood_mask/Somalia_886726_LabelHand.tif,True,True,True,512,512,2,512,512,1,-1.0,1.0,-1.0|0.0|1.0,1.0,
Somalia_93023,flood,train,data/external/sen1floods11/flood_sar/Somalia_93023_S1Hand.tif,data/external/sen1floods11/flood_mask/Somalia_93023_LabelHand.tif,True,True,True,512,512,2,512,512,1,-1.0,0.0,-1.0|0.0,1.0,
Somalia_970508,flood,train,data/external/sen1floods11/flood_sar/Somalia_970508_S1Hand.tif,data/external/sen1floods11/flood_mask/Somalia_970508_LabelHand.tif,True,True,True,512,512,2,512,512,1,-1.0,1.0,-1.0|0.0|1.0,1.0,
Somalia_989553,flood,train,data/external/sen1floods11/flood_sar/Somalia_989553_S1Hand.tif,data/external/sen1floods11/flood_mask/Somalia_989553_LabelHand.tif,True,True,True,512,512,2,512,512,1,-1.0,1.0,-1.0|0.0|1.0,1.0,
Somalia_992457,flood,train,data/external/sen1floods11/flood_sar/Somalia_992457_S1Hand.tif,data/external/sen1floods11/flood_mask/Somalia_992457_LabelHand.tif,True,True,True,512,512,2,512,512,1,-1.0,1.0,-1.0|0.0|1.0,1.0,
Spain_1167260,flood,train,data/external/sen1floods11/flood_sar/Spain_1167260_S1Hand.tif,data/external/sen1floods11/flood_mask/Spain_1167260_LabelHand.tif,True,True,True,512,512,2,512,512,1,-1.0,1.0,-1.0|0.0|1.0,1.0,
Spain_2472849,flood,train,data/external/sen1floods11/flood_sar/Spain_2472849_S1Hand.tif,data/external/sen1floods11/flood_mask/Spain_2472849_LabelHand.tif,True,True,True,512,512,2,512,512,1,-1.0,1.0,-1.0|0.0|1.0,1.0,
Spain_2523247,flood,train,data/external/sen1floods11/flood_sar/Spain_2523247_S1Hand.tif,data/external/sen1floods11/flood_mask/Spain_2523247_LabelHand.tif,True,True,True,512,512,2,512,512,1,-1.0,1.0,-1.0|0.0|1.0,1.0,
Spain_2594119,flood,train,data/external/sen1floods11/flood_sar/Spain_2594119_S1Hand.tif,data/external/sen1floods11/flood_mask/Spain_2594119_LabelHand.tif,True,True,True,512,512,2,512,512,1,-1.0,1.0,-1.0|0.0|1.0,1.0,
Spain_2938657,flood,train,data/external/sen1floods11/flood_sar/Spain_2938657_S1Hand.tif,data/external/sen1floods11/flood_mask/Spain_2938657_LabelHand.tif,True,True,True,512,512,2,512,512,1,-1.0,1.0,-1.0|0.0|1.0,1.0,
Spain_3285448,flood,train,data/external/sen1floods11/flood_sar/Spain_3285448_S1Hand.tif,data/external/sen1floods11/flood_mask/Spain_3285448_LabelHand.tif,True,True,True,512,512,2,512,512,1,-1.0,1.0,-1.0|0.0|1.0,1.0,
Spain_337094,flood,train,data/external/sen1floods11/flood_sar/Spain_337094_S1Hand.tif,data/external/sen1floods11/flood_mask/Spain_337094_LabelHand.tif,True,True,True,512,512,2,512,512,1,-1.0,1.0,-1.0|0.0|1.0,1.0,
Spain_4915752,flood,train,data/external/sen1floods11/flood_sar/Spain_4915752_S1Hand.tif,data/external/sen1floods11/flood_mask/Spain_4915752_LabelHand.tif,True,True,True,512,512,2,512,512,1,-1.0,1.0,-1.0|0.0|1.0,1.0,
Spain_5678382,flood,train,data/external/sen1floods11/flood_sar/Spain_5678382_S1Hand.tif,data/external/sen1floods11/flood_mask/Spain_5678382_LabelHand.tif,True,True,True,512,512,2,512,512,1,-1.0,1.0,-1.0|0.0|1.0,1.0,
Spain_5816638,flood,train,data/external/sen1floods11/flood_sar/Spain_5816638_S1Hand.tif,data/external/sen1floods11/flood_mask/Spain_5816638_LabelHand.tif,True,True,True,512,512,2,512,512,1,-1.0,1.0,-1.0|0.0|1.0,1.0,
Spain_5923267,flood,train,data/external/sen1floods11/flood_sar/Spain_5923267_S1Hand.tif,data/external/sen1floods11/flood_mask/Spain_5923267_LabelHand.tif,True,True,True,512,512,2,512,512,1,-1.0,1.0,-1.0|0.0|1.0,1.0,
Spain_6199994,flood,train,data/external/sen1floods11/flood_sar/Spain_6199994_S1Hand.tif,data/external/sen1floods11/flood_mask/Spain_6199994_LabelHand.tif,True,True,True,512,512,2,512,512,1,-1.0,1.0,-1.0|0.0|1.0,1.0,
Spain_716716,flood,train,data/external/sen1floods11/flood_sar/Spain_716716_S1Hand.tif,data/external/sen1floods11/flood_mask/Spain_716716_LabelHand.tif,True,True,True,512,512,2,512,512,1,-1.0,1.0,-1.0|0.0|1.0,1.0,
Spain_7786924,flood,train,data/external/sen1floods11/flood_sar/Spain_7786924_S1Hand.tif,data/external/sen1floods11/flood_mask/Spain_7786924_LabelHand.tif,True,True,True,512,512,2,512,512,1,-1.0,1.0,-1.0|0.0|1.0,1.0,
Spain_7856615,flood,train,data/external/sen1floods11/flood_sar/Spain_7856615_S1Hand.tif,data/external/sen1floods11/flood_mask/Spain_7856615_LabelHand.tif,True,True,True,512,512,2,512,512,1,-1.0,1.0,-1.0|0.0|1.0,1.0,
Spain_8104659,flood,train,data/external/sen1floods11/flood_sar/Spain_8104659_S1Hand.tif,data/external/sen1floods11/flood_mask/Spain_8104659_LabelHand.tif,True,True,True,512,512,2,512,512,1,-1.0,1.0,-1.0|0.0|1.0,1.0,
Spain_8154154,flood,train,data/external/sen1floods11/flood_sar/Spain_8154154_S1Hand.tif,data/external/sen1floods11/flood_mask/Spain_8154154_LabelHand.tif,True,True,True,512,512,2,512,512,1,-1.0,1.0,-1.0|0.0|1.0,1.0,
Spain_8199661,flood,train,data/external/sen1floods11/flood_sar/Spain_8199661_S1Hand.tif,data/external/sen1floods11/flood_mask/Spain_8199661_LabelHand.tif,True,True,True,512,512,2,512,512,1,-1.0,1.0,-1.0|0.0|1.0,1.0,
Sri-Lanka_1038087,flood,train,data/external/sen1floods11/flood_sar/Sri-Lanka_1038087_S1Hand.tif,data/external/sen1floods11/flood_mask/Sri-Lanka_1038087_LabelHand.tif,True,True,True,512,512,2,512,512,1,-1.0,1.0,-1.0|0.0|1.0,1.0,
Sri-Lanka_120804,flood,train,data/external/sen1floods11/flood_sar/Sri-Lanka_120804_S1Hand.tif,data/external/sen1floods11/flood_mask/Sri-Lanka_120804_LabelHand.tif,True,True,True,512,512,2,512,512,1,0.0,1.0,0.0|1.0,1.0,
Sri-Lanka_135713,flood,train,data/external/sen1floods11/flood_sar/Sri-Lanka_135713_S1Hand.tif,data/external/sen1floods11/flood_mask/Sri-Lanka_135713_LabelHand.tif,True,True,True,512,512,2,512,512,1,-1.0,0.0,-1.0|0.0,1.0,
Sri-Lanka_14484,flood,train,data/external/sen1floods11/flood_sar/Sri-Lanka_14484_S1Hand.tif,data/external/sen1floods11/flood_mask/Sri-Lanka_14484_LabelHand.tif,True,True,True,512,512,2,512,512,1,-1.0,1.0,-1.0|0.0|1.0,1.0,
Sri-Lanka_152185,flood,train,data/external/sen1floods11/flood_sar/Sri-Lanka_152185_S1Hand.tif,data/external/sen1floods11/flood_mask/Sri-Lanka_152185_LabelHand.tif,True,True,True,512,512,2,512,512,1,0.0,1.0,0.0|1.0,1.0,
Sri-Lanka_163406,flood,train,data/external/sen1floods11/flood_sar/Sri-Lanka_163406_S1Hand.tif,data/external/sen1floods11/flood_mask/Sri-Lanka_163406_LabelHand.tif,True,True,True,512,512,2,512,512,1,0.0,1.0,0.0|1.0,1.0,
Sri-Lanka_178753,flood,train,data/external/sen1floods11/flood_sar/Sri-Lanka_178753_S1Hand.tif,data/external/sen1floods11/flood_mask/Sri-Lanka_178753_LabelHand.tif,True,True,True,512,512,2,512,512,1,-1.0,1.0,-1.0|0.0|1.0,1.0,
Sri-Lanka_233609,flood,train,data/external/sen1floods11/flood_sar/Sri-Lanka_233609_S1Hand.tif,data/external/sen1floods11/flood_mask/Sri-Lanka_233609_LabelHand.tif,True,True,True,512,512,2,512,512,1,-1.0,1.0,-1.0|0.0|1.0,1.0,
Sri-Lanka_249079,flood,train,data/external/sen1floods11/flood_sar/Sri-Lanka_249079_S1Hand.tif,data/external/sen1floods11/flood_mask/Sri-Lanka_249079_LabelHand.tif,True,True,True,512,512,2,512,512,1,-1.0,1.0,-1.0|0.0|1.0,1.0,
Sri-Lanka_400518,flood,train,data/external/sen1floods11/flood_sar/Sri-Lanka_400518_S1Hand.tif,data/external/sen1floods11/flood_mask/Sri-Lanka_400518_LabelHand.tif,True,True,True,512,512,2,512,512,1,0.0,1.0,0.0|1.0,1.0,
Sri-Lanka_49764,flood,train,data/external/sen1floods11/flood_sar/Sri-Lanka_49764_S1Hand.tif,data/external/sen1floods11/flood_mask/Sri-Lanka_49764_LabelHand.tif,True,True,True,512,512,2,512,512,1,-1.0,1.0,-1.0|0.0|1.0,1.0,
Sri-Lanka_52223,flood,train,data/external/sen1floods11/flood_sar/Sri-Lanka_52223_S1Hand.tif,data/external/sen1floods11/flood_mask/Sri-Lanka_52223_LabelHand.tif,True,True,True,512,512,2,512,512,1,0.0,0.0,0.0,1.0,
Sri-Lanka_523539,flood,train,data/external/sen1floods11/flood_sar/Sri-Lanka_523539_S1Hand.tif,data/external/sen1floods11/flood_mask/Sri-Lanka_523539_LabelHand.tif,True,True,True,512,512,2,512,512,1,-1.0,1.0,-1.0|0.0|1.0,1.0,
Sri-Lanka_551926,flood,train,data/external/sen1floods11/flood_sar/Sri-Lanka_551926_S1Hand.tif,data/external/sen1floods11/flood_mask/Sri-Lanka_551926_LabelHand.tif,True,True,True,512,512,2,512,512,1,0.0,1.0,0.0|1.0,1.0,
Sri-Lanka_55568,flood,train,data/external/sen1floods11/flood_sar/Sri-Lanka_55568_S1Hand.tif,data/external/sen1floods11/flood_mask/Sri-Lanka_55568_LabelHand.tif,True,True,True,512,512,2,512,512,1,-1.0,1.0,-1.0|0.0|1.0,1.0,
Sri-Lanka_579082,flood,train,data/external/sen1floods11/flood_sar/Sri-Lanka_579082_S1Hand.tif,data/external/sen1floods11/flood_mask/Sri-Lanka_579082_LabelHand.tif,True,True,True,512,512,2,512,512,1,-1.0,1.0,-1.0|0.0|1.0,1.0,
Sri-Lanka_653336,flood,train,data/external/sen1floods11/flood_sar/Sri-Lanka_653336_S1Hand.tif,data/external/sen1floods11/flood_mask/Sri-Lanka_653336_LabelHand.tif,True,True,True,512,512,2,512,512,1,-1.0,1.0,-1.0|0.0|1.0,1.0,
Sri-Lanka_748447,flood,train,data/external/sen1floods11/flood_sar/Sri-Lanka_748447_S1Hand.tif,data/external/sen1floods11/flood_mask/Sri-Lanka_748447_LabelHand.tif,True,True,True,512,512,2,512,512,1,-1.0,1.0,-1.0|0.0|1.0,1.0,
Sri-Lanka_845821,flood,train,data/external/sen1floods11/flood_sar/Sri-Lanka_845821_S1Hand.tif,data/external/sen1floods11/flood_mask/Sri-Lanka_845821_LabelHand.tif,True,True,True,512,512,2,512,512,1,-1.0,1.0,-1.0|0.0|1.0,1.0,
Sri-Lanka_847275,flood,train,data/external/sen1floods11/flood_sar/Sri-Lanka_847275_S1Hand.tif,data/external/sen1floods11/flood_mask/Sri-Lanka_847275_LabelHand.tif,True,True,True,512,512,2,512,512,1,-1.0,1.0,-1.0|0.0|1.0,1.0,
Sri-Lanka_883641,flood,train,data/external/sen1floods11/flood_sar/Sri-Lanka_883641_S1Hand.tif,data/external/sen1floods11/flood_mask/Sri-Lanka_883641_LabelHand.tif,True,True,True,512,512,2,512,512,1,0.0,1.0,0.0|1.0,1.0,
Sri-Lanka_916628,flood,train,data/external/sen1floods11/flood_sar/Sri-Lanka_916628_S1Hand.tif,data/external/sen1floods11/flood_mask/Sri-Lanka_916628_LabelHand.tif,True,True,True,512,512,2,512,512,1,-1.0,1.0,-1.0|0.0|1.0,1.0,
Sri-Lanka_92824,flood,train,data/external/sen1floods11/flood_sar/Sri-Lanka_92824_S1Hand.tif,data/external/sen1floods11/flood_mask/Sri-Lanka_92824_LabelHand.tif,True,True,True,512,512,2,512,512,1,-1.0,1.0,-1.0|0.0|1.0,1.0,
Sri-Lanka_956740,flood,train,data/external/sen1floods11/flood_sar/Sri-Lanka_956740_S1Hand.tif,data/external/sen1floods11/flood_mask/Sri-Lanka_956740_LabelHand.tif,True,True,True,512,512,2,512,512,1,-1.0,1.0,-1.0|0.0|1.0,1.0,
USA_1010394,flood,train,data/external/sen1floods11/flood_sar/USA_1010394_S1Hand.tif,data/external/sen1floods11/flood_mask/USA_1010394_LabelHand.tif,True,True,True,512,512,2,512,512,1,-1.0,1.0,-1.0|0.0|1.0,1.0,
USA_1068362,flood,train,data/external/sen1floods11/flood_sar/USA_1068362_S1Hand.tif,data/external/sen1floods11/flood_mask/USA_1068362_LabelHand.tif,True,True,True,512,512,2,512,512,1,-1.0,1.0,-1.0|0.0|1.0,1.0,
USA_11422,flood,train,data/external/sen1floods11/flood_sar/USA_11422_S1Hand.tif,data/external/sen1floods11/flood_mask/USA_11422_LabelHand.tif,True,True,True,512,512,2,512,512,1,-1.0,1.0,-1.0|0.0|1.0,1.0,
USA_114964,flood,train,data/external/sen1floods11/flood_sar/USA_114964_S1Hand.tif,data/external/sen1floods11/flood_mask/USA_114964_LabelHand.tif,True,True,True,512,512,2,512,512,1,-1.0,1.0,-1.0|0.0|1.0,1.0,
USA_115033,flood,train,data/external/sen1floods11/flood_sar/USA_115033_S1Hand.tif,data/external/sen1floods11/flood_mask/USA_115033_LabelHand.tif,True,True,True,512,512,2,512,512,1,-1.0,1.0,-1.0|0.0|1.0,1.0,
USA_170264,flood,train,data/external/sen1floods11/flood_sar/USA_170264_S1Hand.tif,data/external/sen1floods11/flood_mask/USA_170264_LabelHand.tif,True,True,True,512,512,2,512,512,1,-1.0,1.0,-1.0|0.0|1.0,1.0,
USA_179917,flood,train,data/external/sen1floods11/flood_sar/USA_179917_S1Hand.tif,data/external/sen1floods11/flood_mask/USA_179917_LabelHand.tif,True,True,True,512,512,2,512,512,1,-1.0,1.0,-1.0|0.0|1.0,1.0,
USA_181263,flood,train,data/external/sen1floods11/flood_sar/USA_181263_S1Hand.tif,data/external/sen1floods11/flood_mask/USA_181263_LabelHand.tif,True,True,True,512,512,2,512,512,1,-1.0,1.0,-1.0|0.0|1.0,1.0,
USA_181503,flood,train,data/external/sen1floods11/flood_sar/USA_181503_S1Hand.tif,data/external/sen1floods11/flood_mask/USA_181503_LabelHand.tif,True,True,True,512,512,2,512,512,1,-1.0,1.0,-1.0|0.0|1.0,1.0,
USA_198411,flood,train,data/external/sen1floods11/flood_sar/USA_198411_S1Hand.tif,data/external/sen1floods11/flood_mask/USA_198411_LabelHand.tif,True,True,True,512,512,2,512,512,1,-1.0,1.0,-1.0|0.0|1.0,1.0,
USA_211406,flood,train,data/external/sen1floods11/flood_sar/USA_211406_S1Hand.tif,data/external/sen1floods11/flood_mask/USA_211406_LabelHand.tif,True,True,True,512,512,2,512,512,1,-1.0,1.0,-1.0|0.0|1.0,1.0,
USA_217598,flood,train,data/external/sen1floods11/flood_sar/USA_217598_S1Hand.tif,data/external/sen1floods11/flood_mask/USA_217598_LabelHand.tif,True,True,True,512,512,2,512,512,1,-1.0,1.0,-1.0|0.0|1.0,1.0,
USA_224165,flood,train,data/external/sen1floods11/flood_sar/USA_224165_S1Hand.tif,data/external/sen1floods11/flood_mask/USA_224165_LabelHand.tif,True,True,True,512,512,2,512,512,1,-1.0,1.0,-1.0|0.0|1.0,1.0,
USA_231124,flood,train,data/external/sen1floods11/flood_sar/USA_231124_S1Hand.tif,data/external/sen1floods11/flood_mask/USA_231124_LabelHand.tif,True,True,True,512,512,2,512,512,1,-1.0,1.0,-1.0|0.0|1.0,1.0,
USA_232060,flood,train,data/external/sen1floods11/flood_sar/USA_232060_S1Hand.tif,data/external/sen1floods11/flood_mask/USA_232060_LabelHand.tif,True,True,True,512,512,2,512,512,1,-1.0,1.0,-1.0|0.0|1.0,1.0,
USA_260929,flood,train,data/external/sen1floods11/flood_sar/USA_260929_S1Hand.tif,data/external/sen1floods11/flood_mask/USA_260929_LabelHand.tif,True,True,True,512,512,2,512,512,1,-1.0,1.0,-1.0|0.0|1.0,1.0,
USA_347609,flood,train,data/external/sen1floods11/flood_sar/USA_347609_S1Hand.tif,data/external/sen1floods11/flood_mask/USA_347609_LabelHand.tif,True,True,True,512,512,2,512,512,1,-1.0,1.0,-1.0|0.0|1.0,1.0,
USA_348639,flood,train,data/external/sen1floods11/flood_sar/USA_348639_S1Hand.tif,data/external/sen1floods11/flood_mask/USA_348639_LabelHand.tif,True,True,True,512,512,2,512,512,1,-1.0,1.0,-1.0|0.0|1.0,1.0,
USA_354981,flood,train,data/external/sen1floods11/flood_sar/USA_354981_S1Hand.tif,data/external/sen1floods11/flood_mask/USA_354981_LabelHand.tif,True,True,True,512,512,2,512,512,1,-1.0,1.0,-1.0|0.0|1.0,1.0,
USA_375183,flood,train,data/external/sen1floods11/flood_sar/USA_375183_S1Hand.tif,data/external/sen1floods11/flood_mask/USA_375183_LabelHand.tif,True,True,True,512,512,2,512,512,1,-1.0,1.0,-1.0|0.0|1.0,1.0,
USA_387945,flood,train,data/external/sen1floods11/flood_sar/USA_387945_S1Hand.tif,data/external/sen1floods11/flood_mask/USA_387945_LabelHand.tif,True,True,True,512,512,2,512,512,1,-1.0,1.0,-1.0|0.0|1.0,1.0,
USA_438959,flood,train,data/external/sen1floods11/flood_sar/USA_438959_S1Hand.tif,data/external/sen1floods11/flood_mask/USA_438959_LabelHand.tif,True,True,True,512,512,2,512,512,1,-1.0,1.0,-1.0|0.0|1.0,1.0,
USA_486103,flood,train,data/external/sen1floods11/flood_sar/USA_486103_S1Hand.tif,data/external/sen1floods11/flood_mask/USA_486103_LabelHand.tif,True,True,True,512,512,2,512,512,1,-1.0,1.0,-1.0|0.0|1.0,1.0,
USA_58086,flood,train,data/external/sen1floods11/flood_sar/USA_58086_S1Hand.tif,data/external/sen1floods11/flood_mask/USA_58086_LabelHand.tif,True,True,True,512,512,2,512,512,1,-1.0,1.0,-1.0|0.0|1.0,1.0,
USA_604222,flood,train,data/external/sen1floods11/flood_sar/USA_604222_S1Hand.tif,data/external/sen1floods11/flood_mask/USA_604222_LabelHand.tif,True,True,True,512,512,2,512,512,1,-1.0,1.0,-1.0|0.0|1.0,1.0,
USA_605492,flood,train,data/external/sen1floods11/flood_sar/USA_605492_S1Hand.tif,data/external/sen1floods11/flood_mask/USA_605492_LabelHand.tif,True,True,True,512,512,2,512,512,1,-1.0,1.0,-1.0|0.0|1.0,1.0,
USA_638521,flood,train,data/external/sen1floods11/flood_sar/USA_638521_S1Hand.tif,data/external/sen1floods11/flood_mask/USA_638521_LabelHand.tif,True,True,True,512,512,2,512,512,1,-1.0,1.0,-1.0|0.0|1.0,1.0,
USA_652955,flood,train,data/external/sen1floods11/flood_sar/USA_652955_S1Hand.tif,data/external/sen1floods11/flood_mask/USA_652955_LabelHand.tif,True,True,True,512,512,2,512,512,1,-1.0,1.0,-1.0|0.0|1.0,1.0,
USA_655230,flood,train,data/external/sen1floods11/flood_sar/USA_655230_S1Hand.tif,data/external/sen1floods11/flood_mask/USA_655230_LabelHand.tif,True,True,True,512,512,2,512,512,1,-1.0,1.0,-1.0|0.0|1.0,1.0,
USA_66026,flood,train,data/external/sen1floods11/flood_sar/USA_66026_S1Hand.tif,data/external/sen1floods11/flood_mask/USA_66026_LabelHand.tif,True,True,True,512,512,2,512,512,1,-1.0,1.0,-1.0|0.0|1.0,1.0,
USA_664261,flood,train,data/external/sen1floods11/flood_sar/USA_664261_S1Hand.tif,data/external/sen1floods11/flood_mask/USA_664261_LabelHand.tif,True,True,True,512,512,2,512,512,1,-1.0,1.0,-1.0|0.0|1.0,1.0,
USA_693819,flood,train,data/external/sen1floods11/flood_sar/USA_693819_S1Hand.tif,data/external/sen1floods11/flood_mask/USA_693819_LabelHand.tif,True,True,True,512,512,2,512,512,1,-1.0,1.0,-1.0|0.0|1.0,1.0,
USA_770353,flood,train,data/external/sen1floods11/flood_sar/USA_770353_S1Hand.tif,data/external/sen1floods11/flood_mask/USA_770353_LabelHand.tif,True,True,True,512,512,2,512,512,1,-1.0,1.0,-1.0|0.0|1.0,1.0,
USA_788696,flood,train,data/external/sen1floods11/flood_sar/USA_788696_S1Hand.tif,data/external/sen1floods11/flood_mask/USA_788696_LabelHand.tif,True,True,True,512,512,2,512,512,1,-1.0,1.0,-1.0|0.0|1.0,1.0,
USA_806273,flood,train,data/external/sen1floods11/flood_sar/USA_806273_S1Hand.tif,data/external/sen1floods11/flood_mask/USA_806273_LabelHand.tif,True,True,True,512,512,2,512,512,1,-1.0,1.0,-1.0|0.0|1.0,1.0,
USA_831672,flood,train,data/external/sen1floods11/flood_sar/USA_831672_S1Hand.tif,data/external/sen1floods11/flood_mask/USA_831672_LabelHand.tif,True,True,True,512,512,2,512,512,1,-1.0,1.0,-1.0|0.0|1.0,1.0,
USA_84195,flood,train,data/external/sen1floods11/flood_sar/USA_84195_S1Hand.tif,data/external/sen1floods11/flood_mask/USA_84195_LabelHand.tif,True,True,True,512,512,2,512,512,1,-1.0,1.0,-1.0|0.0|1.0,1.0,
USA_86502,flood,train,data/external/sen1floods11/flood_sar/USA_86502_S1Hand.tif,data/external/sen1floods11/flood_mask/USA_86502_LabelHand.tif,True,True,True,512,512,2,512,512,1,-1.0,1.0,-1.0|0.0|1.0,1.0,
USA_908474,flood,train,data/external/sen1floods11/flood_sar/USA_908474_S1Hand.tif,data/external/sen1floods11/flood_mask/USA_908474_LabelHand.tif,True,True,True,512,512,2,512,512,1,-1.0,1.0,-1.0|0.0|1.0,1.0,
USA_955053,flood,train,data/external/sen1floods11/flood_sar/USA_955053_S1Hand.tif,data/external/sen1floods11/flood_mask/USA_955053_LabelHand.tif,True,True,True,512,512,2,512,512,1,-1.0,1.0,-1.0|0.0|1.0,1.0,
USA_994009,flood,train,data/external/sen1floods11/flood_sar/USA_994009_S1Hand.tif,data/external/sen1floods11/flood_mask/USA_994009_LabelHand.tif,True,True,True,512,512,2,512,512,1,-1.0,1.0,-1.0|0.0|1.0,1.0,
Bolivia_103757,flood,unspecified,data/external/sen1floods11/flood_sar/Bolivia_103757_S1Hand.tif,data/external/sen1floods11/flood_mask/Bolivia_103757_LabelHand.tif,True,True,True,512,512,2,512,512,1,-1.0,1.0,-1.0|0.0|1.0,1.0,
Bolivia_129334,flood,unspecified,data/external/sen1floods11/flood_sar/Bolivia_129334_S1Hand.tif,data/external/sen1floods11/flood_mask/Bolivia_129334_LabelHand.tif,True,True,True,512,512,2,512,512,1,-1.0,1.0,-1.0|0.0|1.0,1.0,
Bolivia_195474,flood,unspecified,data/external/sen1floods11/flood_sar/Bolivia_195474_S1Hand.tif,data/external/sen1floods11/flood_mask/Bolivia_195474_LabelHand.tif,True,True,True,512,512,2,512,512,1,-1.0,1.0,-1.0|0.0|1.0,1.0,
Bolivia_23014,flood,unspecified,data/external/sen1floods11/flood_sar/Bolivia_23014_S1Hand.tif,data/external/sen1floods11/flood_mask/Bolivia_23014_LabelHand.tif,True,True,True,512,512,2,512,512,1,-1.0,1.0,-1.0|0.0|1.0,1.0,
Bolivia_233925,flood,unspecified,data/external/sen1floods11/flood_sar/Bolivia_233925_S1Hand.tif,data/external/sen1floods11/flood_mask/Bolivia_233925_LabelHand.tif,True,True,True,512,512,2,512,512,1,-1.0,1.0,-1.0|0.0|1.0,1.0,
Bolivia_242570,flood,unspecified,data/external/sen1floods11/flood_sar/Bolivia_242570_S1Hand.tif,data/external/sen1floods11/flood_mask/Bolivia_242570_LabelHand.tif,True,True,True,512,512,2,512,512,1,-1.0,1.0,-1.0|0.0|1.0,1.0,
Bolivia_290290,flood,unspecified,data/external/sen1floods11/flood_sar/Bolivia_290290_S1Hand.tif,data/external/sen1floods11/flood_mask/Bolivia_290290_LabelHand.tif,True,True,True,512,512,2,512,512,1,-1.0,1.0,-1.0|0.0|1.0,1.0,
Bolivia_294583,flood,unspecified,data/external/sen1floods11/flood_sar/Bolivia_294583_S1Hand.tif,data/external/sen1floods11/flood_mask/Bolivia_294583_LabelHand.tif,True,True,True,512,512,2,512,512,1,-1.0,1.0,-1.0|0.0|1.0,1.0,
Bolivia_312675,flood,unspecified,data/external/sen1floods11/flood_sar/Bolivia_312675_S1Hand.tif,data/external/sen1floods11/flood_mask/Bolivia_312675_LabelHand.tif,True,True,True,512,512,2,512,512,1,-1.0,1.0,-1.0|0.0|1.0,1.0,
Bolivia_314919,flood,unspecified,data/external/sen1floods11/flood_sar/Bolivia_314919_S1Hand.tif,data/external/sen1floods11/flood_mask/Bolivia_314919_LabelHand.tif,True,True,True,512,512,2,512,512,1,-1.0,1.0,-1.0|0.0|1.0,1.0,
Bolivia_360519,flood,unspecified,data/external/sen1floods11/flood_sar/Bolivia_360519_S1Hand.tif,data/external/sen1floods11/flood_mask/Bolivia_360519_LabelHand.tif,True,True,True,512,512,2,512,512,1,-1.0,1.0,-1.0|0.0|1.0,1.0,
Bolivia_379434,flood,unspecified,data/external/sen1floods11/flood_sar/Bolivia_379434_S1Hand.tif,data/external/sen1floods11/flood_mask/Bolivia_379434_LabelHand.tif,True,True,True,512,512,2,512,512,1,0.0,1.0,0.0|1.0,1.0,
Bolivia_432776,flood,unspecified,data/external/sen1floods11/flood_sar/Bolivia_432776_S1Hand.tif,data/external/sen1floods11/flood_mask/Bolivia_432776_LabelHand.tif,True,True,True,512,512,2,512,512,1,-1.0,1.0,-1.0|0.0|1.0,1.0,
Bolivia_60373,flood,unspecified,data/external/sen1floods11/flood_sar/Bolivia_60373_S1Hand.tif,data/external/sen1floods11/flood_mask/Bolivia_60373_LabelHand.tif,True,True,True,512,512,2,512,512,1,-1.0,1.0,-1.0|0.0|1.0,1.0,
Bolivia_76104,flood,unspecified,data/external/sen1floods11/flood_sar/Bolivia_76104_S1Hand.tif,data/external/sen1floods11/flood_mask/Bolivia_76104_LabelHand.tif,True,True,True,512,512,2,512,512,1,-1.0,1.0,-1.0|0.0|1.0,1.0,
Ghana_1033830,flood,validation,data/external/sen1floods11/flood_sar/Ghana_1033830_S1Hand.tif,data/external/sen1floods11/flood_mask/Ghana_1033830_LabelHand.tif,True,True,True,512,512,2,512,512,1,-1.0,1.0,-1.0|0.0|1.0,1.0,
Ghana_124834,flood,validation,data/external/sen1floods11/flood_sar/Ghana_124834_S1Hand.tif,data/external/sen1floods11/flood_mask/Ghana_124834_LabelHand.tif,True,True,True,512,512,2,512,512,1,0.0,0.0,0.0,1.0,
Ghana_132163,flood,validation,data/external/sen1floods11/flood_sar/Ghana_132163_S1Hand.tif,data/external/sen1floods11/flood_mask/Ghana_132163_LabelHand.tif,True,True,True,512,512,2,512,512,1,-1.0,0.0,-1.0|0.0,1.0,
Ghana_142312,flood,validation,data/external/sen1floods11/flood_sar/Ghana_142312_S1Hand.tif,data/external/sen1floods11/flood_mask/Ghana_142312_LabelHand.tif,True,True,True,512,512,2,512,512,1,0.0,0.0,0.0,1.0,
Ghana_234935,flood,validation,data/external/sen1floods11/flood_sar/Ghana_234935_S1Hand.tif,data/external/sen1floods11/flood_mask/Ghana_234935_LabelHand.tif,True,True,True,512,512,2,512,512,1,-1.0,-1.0,-1.0,1.0,
Ghana_277,flood,validation,data/external/sen1floods11/flood_sar/Ghana_277_S1Hand.tif,data/external/sen1floods11/flood_mask/Ghana_277_LabelHand.tif,True,True,True,512,512,2,512,512,1,-1.0,-1.0,-1.0,1.0,
Ghana_308249,flood,validation,data/external/sen1floods11/flood_sar/Ghana_308249_S1Hand.tif,data/external/sen1floods11/flood_mask/Ghana_308249_LabelHand.tif,True,True,True,512,512,2,512,512,1,0.0,1.0,0.0|1.0,1.0,
Ghana_495107,flood,validation,data/external/sen1floods11/flood_sar/Ghana_495107_S1Hand.tif,data/external/sen1floods11/flood_mask/Ghana_495107_LabelHand.tif,True,True,True,512,512,2,512,512,1,0.0,1.0,0.0|1.0,1.0,
Ghana_5079,flood,validation,data/external/sen1floods11/flood_sar/Ghana_5079_S1Hand.tif,data/external/sen1floods11/flood_mask/Ghana_5079_LabelHand.tif,True,True,True,512,512,2,512,512,1,-1.0,-1.0,-1.0,1.0,
Ghana_868803,flood,validation,data/external/sen1floods11/flood_sar/Ghana_868803_S1Hand.tif,data/external/sen1floods11/flood_mask/Ghana_868803_LabelHand.tif,True,True,True,512,512,2,512,512,1,0.0,1.0,0.0|1.0,1.0,
Ghana_895194,flood,validation,data/external/sen1floods11/flood_sar/Ghana_895194_S1Hand.tif,data/external/sen1floods11/flood_mask/Ghana_895194_LabelHand.tif,True,True,True,512,512,2,512,512,1,-1.0,1.0,-1.0|0.0|1.0,1.0,
India_1018317,flood,validation,data/external/sen1floods11/flood_sar/India_1018317_S1Hand.tif,data/external/sen1floods11/flood_mask/India_1018317_LabelHand.tif,True,True,True,512,512,2,512,512,1,-1.0,1.0,-1.0|0.0|1.0,1.0,
India_1050276,flood,validation,data/external/sen1floods11/flood_sar/India_1050276_S1Hand.tif,data/external/sen1floods11/flood_mask/India_1050276_LabelHand.tif,True,True,True,512,512,2,512,512,1,-1.0,1.0,-1.0|0.0|1.0,1.0,
India_1068117,flood,validation,data/external/sen1floods11/flood_sar/India_1068117_S1Hand.tif,data/external/sen1floods11/flood_mask/India_1068117_LabelHand.tif,True,True,True,512,512,2,512,512,1,-1.0,1.0,-1.0|0.0|1.0,1.0,
India_118868,flood,validation,data/external/sen1floods11/flood_sar/India_118868_S1Hand.tif,data/external/sen1floods11/flood_mask/India_118868_LabelHand.tif,True,True,True,512,512,2,512,512,1,-1.0,1.0,-1.0|0.0|1.0,1.0,
India_164336,flood,validation,data/external/sen1floods11/flood_sar/India_164336_S1Hand.tif,data/external/sen1floods11/flood_mask/India_164336_LabelHand.tif,True,True,True,512,512,2,512,512,1,-1.0,1.0,-1.0|0.0|1.0,1.0,
India_180633,flood,validation,data/external/sen1floods11/flood_sar/India_180633_S1Hand.tif,data/external/sen1floods11/flood_mask/India_180633_LabelHand.tif,True,True,True,512,512,2,512,512,1,-1.0,1.0,-1.0|0.0|1.0,1.0,
India_244057,flood,validation,data/external/sen1floods11/flood_sar/India_244057_S1Hand.tif,data/external/sen1floods11/flood_mask/India_244057_LabelHand.tif,True,True,True,512,512,2,512,512,1,-1.0,1.0,-1.0|0.0|1.0,1.0,
India_533192,flood,validation,data/external/sen1floods11/flood_sar/India_533192_S1Hand.tif,data/external/sen1floods11/flood_mask/India_533192_LabelHand.tif,True,True,True,512,512,2,512,512,1,-1.0,1.0,-1.0|0.0|1.0,1.0,
India_691027,flood,validation,data/external/sen1floods11/flood_sar/India_691027_S1Hand.tif,data/external/sen1floods11/flood_mask/India_691027_LabelHand.tif,True,True,True,512,512,2,512,512,1,-1.0,1.0,-1.0|0.0|1.0,1.0,
India_70352,flood,validation,data/external/sen1floods11/flood_sar/India_70352_S1Hand.tif,data/external/sen1floods11/flood_mask/India_70352_LabelHand.tif,True,True,True,512,512,2,512,512,1,-1.0,1.0,-1.0|0.0|1.0,1.0,
India_764946,flood,validation,data/external/sen1floods11/flood_sar/India_764946_S1Hand.tif,data/external/sen1floods11/flood_mask/India_764946_LabelHand.tif,True,True,True,512,512,2,512,512,1,-1.0,1.0,-1.0|0.0|1.0,1.0,
India_769408,flood,validation,data/external/sen1floods11/flood_sar/India_769408_S1Hand.tif,data/external/sen1floods11/flood_mask/India_769408_LabelHand.tif,True,True,True,512,512,2,512,512,1,-1.0,1.0,-1.0|0.0|1.0,1.0,
India_833266,flood,validation,data/external/sen1floods11/flood_sar/India_833266_S1Hand.tif,data/external/sen1floods11/flood_mask/India_833266_LabelHand.tif,True,True,True,512,512,2,512,512,1,-1.0,1.0,-1.0|0.0|1.0,1.0,
India_869358,flood,validation,data/external/sen1floods11/flood_sar/India_869358_S1Hand.tif,data/external/sen1floods11/flood_mask/India_869358_LabelHand.tif,True,True,True,512,512,2,512,512,1,0.0,1.0,0.0|1.0,1.0,
Mekong_1149855,flood,validation,data/external/sen1floods11/flood_sar/Mekong_1149855_S1Hand.tif,data/external/sen1floods11/flood_mask/Mekong_1149855_LabelHand.tif,True,True,True,512,512,2,512,512,1,-1.0,1.0,-1.0|0.0|1.0,1.0,
Mekong_1413877,flood,validation,data/external/sen1floods11/flood_sar/Mekong_1413877_S1Hand.tif,data/external/sen1floods11/flood_mask/Mekong_1413877_LabelHand.tif,True,True,True,512,512,2,512,512,1,-1.0,1.0,-1.0|0.0|1.0,1.0,
Mekong_293769,flood,validation,data/external/sen1floods11/flood_sar/Mekong_293769_S1Hand.tif,data/external/sen1floods11/flood_mask/Mekong_293769_LabelHand.tif,True,True,True,512,512,2,512,512,1,-1.0,1.0,-1.0|0.0|1.0,1.0,
Mekong_474783,flood,validation,data/external/sen1floods11/flood_sar/Mekong_474783_S1Hand.tif,data/external/sen1floods11/flood_mask/Mekong_474783_LabelHand.tif,True,True,True,512,512,2,512,512,1,-1.0,1.0,-1.0|0.0|1.0,1.0,
Mekong_977338,flood,validation,data/external/sen1floods11/flood_sar/Mekong_977338_S1Hand.tif,data/external/sen1floods11/flood_mask/Mekong_977338_LabelHand.tif,True,True,True,512,512,2,512,512,1,-1.0,1.0,-1.0|0.0|1.0,1.0,
Mekong_98310,flood,validation,data/external/sen1floods11/flood_sar/Mekong_98310_S1Hand.tif,data/external/sen1floods11/flood_mask/Mekong_98310_LabelHand.tif,True,True,True,512,512,2,512,512,1,-1.0,1.0,-1.0|0.0|1.0,1.0,
Nigeria_1095404,flood,validation,data/external/sen1floods11/flood_sar/Nigeria_1095404_S1Hand.tif,data/external/sen1floods11/flood_mask/Nigeria_1095404_LabelHand.tif,True,True,True,512,512,2,512,512,1,-1.0,1.0,-1.0|0.0|1.0,1.0,
Nigeria_31096,flood,validation,data/external/sen1floods11/flood_sar/Nigeria_31096_S1Hand.tif,data/external/sen1floods11/flood_mask/Nigeria_31096_LabelHand.tif,True,True,True,512,512,2,512,512,1,-1.0,1.0,-1.0|0.0|1.0,1.0,
Nigeria_820924,flood,validation,data/external/sen1floods11/flood_sar/Nigeria_820924_S1Hand.tif,data/external/sen1floods11/flood_mask/Nigeria_820924_LabelHand.tif,True,True,True,512,512,2,512,512,1,-1.0,1.0,-1.0|0.0|1.0,1.0,
Nigeria_984831,flood,validation,data/external/sen1floods11/flood_sar/Nigeria_984831_S1Hand.tif,data/external/sen1floods11/flood_mask/Nigeria_984831_LabelHand.tif,True,True,True,512,512,2,512,512,1,-1.0,1.0,-1.0|0.0|1.0,1.0,
Pakistan_1027214,flood,validation,data/external/sen1floods11/flood_sar/Pakistan_1027214_S1Hand.tif,data/external/sen1floods11/flood_mask/Pakistan_1027214_LabelHand.tif,True,True,True,512,512,2,512,512,1,-1.0,1.0,-1.0|0.0|1.0,1.0,
Pakistan_210595,flood,validation,data/external/sen1floods11/flood_sar/Pakistan_210595_S1Hand.tif,data/external/sen1floods11/flood_mask/Pakistan_210595_LabelHand.tif,True,True,True,512,512,2,512,512,1,0.0,0.0,0.0,1.0,
Pakistan_336228,flood,validation,data/external/sen1floods11/flood_sar/Pakistan_336228_S1Hand.tif,data/external/sen1floods11/flood_mask/Pakistan_336228_LabelHand.tif,True,True,True,512,512,2,512,512,1,-1.0,0.0,-1.0|0.0,1.0,
Pakistan_43105,flood,validation,data/external/sen1floods11/flood_sar/Pakistan_43105_S1Hand.tif,data/external/sen1floods11/flood_mask/Pakistan_43105_LabelHand.tif,True,True,True,512,512,2,512,512,1,-1.0,1.0,-1.0|0.0|1.0,1.0,
Pakistan_94095,flood,validation,data/external/sen1floods11/flood_sar/Pakistan_94095_S1Hand.tif,data/external/sen1floods11/flood_mask/Pakistan_94095_LabelHand.tif,True,True,True,512,512,2,512,512,1,-1.0,1.0,-1.0|0.0|1.0,1.0,
Pakistan_9684,flood,validation,data/external/sen1floods11/flood_sar/Pakistan_9684_S1Hand.tif,data/external/sen1floods11/flood_mask/Pakistan_9684_LabelHand.tif,True,True,True,512,512,2,512,512,1,-1.0,1.0,-1.0|0.0|1.0,1.0,
Paraguay_1019808,flood,validation,data/external/sen1floods11/flood_sar/Paraguay_1019808_S1Hand.tif,data/external/sen1floods11/flood_mask/Paraguay_1019808_LabelHand.tif,True,True,True,512,512,2,512,512,1,0.0,1.0,0.0|1.0,1.0,
Paraguay_153941,flood,validation,data/external/sen1floods11/flood_sar/Paraguay_153941_S1Hand.tif,data/external/sen1floods11/flood_mask/Paraguay_153941_LabelHand.tif,True,True,True,512,512,2,512,512,1,0.0,1.0,0.0|1.0,1.0,
Paraguay_172476,flood,validation,data/external/sen1floods11/flood_sar/Paraguay_172476_S1Hand.tif,data/external/sen1floods11/flood_mask/Paraguay_172476_LabelHand.tif,True,True,True,512,512,2,512,512,1,-1.0,1.0,-1.0|0.0|1.0,1.0,
Paraguay_205585,flood,validation,data/external/sen1floods11/flood_sar/Paraguay_205585_S1Hand.tif,data/external/sen1floods11/flood_mask/Paraguay_205585_LabelHand.tif,True,True,True,512,512,2,512,512,1,0.0,0.0,0.0,1.0,
Paraguay_252217,flood,validation,data/external/sen1floods11/flood_sar/Paraguay_252217_S1Hand.tif,data/external/sen1floods11/flood_mask/Paraguay_252217_LabelHand.tif,True,True,True,512,512,2,512,512,1,-1.0,1.0,-1.0|0.0|1.0,1.0,
Paraguay_284928,flood,validation,data/external/sen1floods11/flood_sar/Paraguay_284928_S1Hand.tif,data/external/sen1floods11/flood_mask/Paraguay_284928_LabelHand.tif,True,True,True,512,512,2,512,512,1,0.0,0.0,0.0,1.0,
Paraguay_305760,flood,validation,data/external/sen1floods11/flood_sar/Paraguay_305760_S1Hand.tif,data/external/sen1floods11/flood_mask/Paraguay_305760_LabelHand.tif,True,True,True,512,512,2,512,512,1,0.0,1.0,0.0|1.0,1.0,
Paraguay_581976,flood,validation,data/external/sen1floods11/flood_sar/Paraguay_581976_S1Hand.tif,data/external/sen1floods11/flood_mask/Paraguay_581976_LabelHand.tif,True,True,True,512,512,2,512,512,1,0.0,1.0,0.0|1.0,1.0,
Paraguay_648632,flood,validation,data/external/sen1floods11/flood_sar/Paraguay_648632_S1Hand.tif,data/external/sen1floods11/flood_mask/Paraguay_648632_LabelHand.tif,True,True,True,512,512,2,512,512,1,0.0,1.0,0.0|1.0,1.0,
Paraguay_657443,flood,validation,data/external/sen1floods11/flood_sar/Paraguay_657443_S1Hand.tif,data/external/sen1floods11/flood_mask/Paraguay_657443_LabelHand.tif,True,True,True,512,512,2,512,512,1,0.0,1.0,0.0|1.0,1.0,
Paraguay_76868,flood,validation,data/external/sen1floods11/flood_sar/Paraguay_76868_S1Hand.tif,data/external/sen1floods11/flood_mask/Paraguay_76868_LabelHand.tif,True,True,True,512,512,2,512,512,1,-1.0,1.0,-1.0|0.0|1.0,1.0,
Paraguay_7894,flood,validation,data/external/sen1floods11/flood_sar/Paraguay_7894_S1Hand.tif,data/external/sen1floods11/flood_mask/Paraguay_7894_LabelHand.tif,True,True,True,512,512,2,512,512,1,-1.0,0.0,-1.0|0.0,1.0,
Paraguay_896458,flood,validation,data/external/sen1floods11/flood_sar/Paraguay_896458_S1Hand.tif,data/external/sen1floods11/flood_mask/Paraguay_896458_LabelHand.tif,True,True,True,512,512,2,512,512,1,-1.0,1.0,-1.0|0.0|1.0,1.0,
Paraguay_934240,flood,validation,data/external/sen1floods11/flood_sar/Paraguay_934240_S1Hand.tif,data/external/sen1floods11/flood_mask/Paraguay_934240_LabelHand.tif,True,True,True,512,512,2,512,512,1,0.0,1.0,0.0|1.0,1.0,
Somalia_12849,flood,validation,data/external/sen1floods11/flood_sar/Somalia_12849_S1Hand.tif,data/external/sen1floods11/flood_mask/Somalia_12849_LabelHand.tif,True,True,True,512,512,2,512,512,1,-1.0,1.0,-1.0|0.0|1.0,1.0,
Somalia_167787,flood,validation,data/external/sen1floods11/flood_sar/Somalia_167787_S1Hand.tif,data/external/sen1floods11/flood_mask/Somalia_167787_LabelHand.tif,True,True,True,512,512,2,512,512,1,-1.0,1.0,-1.0|0.0|1.0,1.0,
Somalia_256539,flood,validation,data/external/sen1floods11/flood_sar/Somalia_256539_S1Hand.tif,data/external/sen1floods11/flood_mask/Somalia_256539_LabelHand.tif,True,True,True,512,512,2,512,512,1,-1.0,1.0,-1.0|0.0|1.0,1.0,
Somalia_61368,flood,validation,data/external/sen1floods11/flood_sar/Somalia_61368_S1Hand.tif,data/external/sen1floods11/flood_mask/Somalia_61368_LabelHand.tif,True,True,True,512,512,2,512,512,1,-1.0,0.0,-1.0|0.0,1.0,
Somalia_649376,flood,validation,data/external/sen1floods11/flood_sar/Somalia_649376_S1Hand.tif,data/external/sen1floods11/flood_mask/Somalia_649376_LabelHand.tif,True,True,True,512,512,2,512,512,1,-1.0,1.0,-1.0|0.0|1.0,1.0,
Spain_1199913,flood,validation,data/external/sen1floods11/flood_sar/Spain_1199913_S1Hand.tif,data/external/sen1floods11/flood_mask/Spain_1199913_LabelHand.tif,True,True,True,512,512,2,512,512,1,-1.0,1.0,-1.0|0.0|1.0,1.0,
Spain_4282030,flood,validation,data/external/sen1floods11/flood_sar/Spain_4282030_S1Hand.tif,data/external/sen1floods11/flood_mask/Spain_4282030_LabelHand.tif,True,True,True,512,512,2,512,512,1,-1.0,1.0,-1.0|0.0|1.0,1.0,
Spain_6537196,flood,validation,data/external/sen1floods11/flood_sar/Spain_6537196_S1Hand.tif,data/external/sen1floods11/flood_mask/Spain_6537196_LabelHand.tif,True,True,True,512,512,2,512,512,1,-1.0,1.0,-1.0|0.0|1.0,1.0,
Spain_7604243,flood,validation,data/external/sen1floods11/flood_sar/Spain_7604243_S1Hand.tif,data/external/sen1floods11/flood_mask/Spain_7604243_LabelHand.tif,True,True,True,512,512,2,512,512,1,-1.0,1.0,-1.0|0.0|1.0,1.0,
Spain_8372658,flood,validation,data/external/sen1floods11/flood_sar/Spain_8372658_S1Hand.tif,data/external/sen1floods11/flood_mask/Spain_8372658_LabelHand.tif,True,True,True,512,512,2,512,512,1,-1.0,1.0,-1.0|0.0|1.0,1.0,
Spain_8565131,flood,validation,data/external/sen1floods11/flood_sar/Spain_8565131_S1Hand.tif,data/external/sen1floods11/flood_mask/Spain_8565131_LabelHand.tif,True,True,True,512,512,2,512,512,1,-1.0,1.0,-1.0|0.0|1.0,1.0,
Sri-Lanka_101973,flood,validation,data/external/sen1floods11/flood_sar/Sri-Lanka_101973_S1Hand.tif,data/external/sen1floods11/flood_mask/Sri-Lanka_101973_LabelHand.tif,True,True,True,512,512,2,512,512,1,-1.0,1.0,-1.0|0.0|1.0,1.0,
Sri-Lanka_132922,flood,validation,data/external/sen1floods11/flood_sar/Sri-Lanka_132922_S1Hand.tif,data/external/sen1floods11/flood_mask/Sri-Lanka_132922_LabelHand.tif,True,True,True,512,512,2,512,512,1,0.0,1.0,0.0|1.0,1.0,
Sri-Lanka_236030,flood,validation,data/external/sen1floods11/flood_sar/Sri-Lanka_236030_S1Hand.tif,data/external/sen1floods11/flood_mask/Sri-Lanka_236030_LabelHand.tif,True,True,True,512,512,2,512,512,1,-1.0,1.0,-1.0|0.0|1.0,1.0,
Sri-Lanka_236628,flood,validation,data/external/sen1floods11/flood_sar/Sri-Lanka_236628_S1Hand.tif,data/external/sen1floods11/flood_mask/Sri-Lanka_236628_LabelHand.tif,True,True,True,512,512,2,512,512,1,-1.0,1.0,-1.0|0.0|1.0,1.0,
Sri-Lanka_31559,flood,validation,data/external/sen1floods11/flood_sar/Sri-Lanka_31559_S1Hand.tif,data/external/sen1floods11/flood_mask/Sri-Lanka_31559_LabelHand.tif,True,True,True,512,512,2,512,512,1,-1.0,1.0,-1.0|0.0|1.0,1.0,
Sri-Lanka_321316,flood,validation,data/external/sen1floods11/flood_sar/Sri-Lanka_321316_S1Hand.tif,data/external/sen1floods11/flood_mask/Sri-Lanka_321316_LabelHand.tif,True,True,True,512,512,2,512,512,1,-1.0,1.0,-1.0|0.0|1.0,1.0,
Sri-Lanka_612594,flood,validation,data/external/sen1floods11/flood_sar/Sri-Lanka_612594_S1Hand.tif,data/external/sen1floods11/flood_mask/Sri-Lanka_612594_LabelHand.tif,True,True,True,512,512,2,512,512,1,0.0,1.0,0.0|1.0,1.0,
Sri-Lanka_63307,flood,validation,data/external/sen1floods11/flood_sar/Sri-Lanka_63307_S1Hand.tif,data/external/sen1floods11/flood_mask/Sri-Lanka_63307_LabelHand.tif,True,True,True,512,512,2,512,512,1,0.0,1.0,0.0|1.0,1.0,
Sri-Lanka_85652,flood,validation,data/external/sen1floods11/flood_sar/Sri-Lanka_85652_S1Hand.tif,data/external/sen1floods11/flood_mask/Sri-Lanka_85652_LabelHand.tif,True,True,True,512,512,2,512,512,1,-1.0,1.0,-1.0|0.0|1.0,1.0,
USA_1039203,flood,validation,data/external/sen1floods11/flood_sar/USA_1039203_S1Hand.tif,data/external/sen1floods11/flood_mask/USA_1039203_LabelHand.tif,True,True,True,512,512,2,512,512,1,-1.0,1.0,-1.0|0.0|1.0,1.0,
USA_1082482,flood,validation,data/external/sen1floods11/flood_sar/USA_1082482_S1Hand.tif,data/external/sen1floods11/flood_mask/USA_1082482_LabelHand.tif,True,True,True,512,512,2,512,512,1,-1.0,1.0,-1.0|0.0|1.0,1.0,
USA_19225,flood,validation,data/external/sen1floods11/flood_sar/USA_19225_S1Hand.tif,data/external/sen1floods11/flood_mask/USA_19225_LabelHand.tif,True,True,True,512,512,2,512,512,1,-1.0,1.0,-1.0|0.0|1.0,1.0,
USA_225017,flood,validation,data/external/sen1floods11/flood_sar/USA_225017_S1Hand.tif,data/external/sen1floods11/flood_mask/USA_225017_LabelHand.tif,True,True,True,512,512,2,512,512,1,-1.0,1.0,-1.0|0.0|1.0,1.0,
USA_251323,flood,validation,data/external/sen1floods11/flood_sar/USA_251323_S1Hand.tif,data/external/sen1floods11/flood_mask/USA_251323_LabelHand.tif,True,True,True,512,512,2,512,512,1,-1.0,1.0,-1.0|0.0|1.0,1.0,
USA_275372,flood,validation,data/external/sen1floods11/flood_sar/USA_275372_S1Hand.tif,data/external/sen1floods11/flood_mask/USA_275372_LabelHand.tif,True,True,True,512,512,2,512,512,1,-1.0,1.0,-1.0|0.0|1.0,1.0,
USA_308150,flood,validation,data/external/sen1floods11/flood_sar/USA_308150_S1Hand.tif,data/external/sen1floods11/flood_mask/USA_308150_LabelHand.tif,True,True,True,512,512,2,512,512,1,-1.0,1.0,-1.0|0.0|1.0,1.0,
USA_366607,flood,validation,data/external/sen1floods11/flood_sar/USA_366607_S1Hand.tif,data/external/sen1floods11/flood_mask/USA_366607_LabelHand.tif,True,True,True,512,512,2,512,512,1,-1.0,1.0,-1.0|0.0|1.0,1.0,
USA_646878,flood,validation,data/external/sen1floods11/flood_sar/USA_646878_S1Hand.tif,data/external/sen1floods11/flood_mask/USA_646878_LabelHand.tif,True,True,True,512,512,2,512,512,1,-1.0,1.0,-1.0|0.0|1.0,1.0,
USA_741073,flood,validation,data/external/sen1floods11/flood_sar/USA_741073_S1Hand.tif,data/external/sen1floods11/flood_mask/USA_741073_LabelHand.tif,True,True,True,512,512,2,512,512,1,-1.0,1.0,-1.0|0.0|1.0,1.0,
USA_741178,flood,validation,data/external/sen1floods11/flood_sar/USA_741178_S1Hand.tif,data/external/sen1floods11/flood_mask/USA_741178_LabelHand.tif,True,True,True,512,512,2,512,512,1,-1.0,1.0,-1.0|0.0|1.0,1.0,
USA_761032,flood,validation,data/external/sen1floods11/flood_sar/USA_761032_S1Hand.tif,data/external/sen1floods11/flood_mask/USA_761032_LabelHand.tif,True,True,True,512,512,2,512,512,1,-1.0,1.0,-1.0|0.0|1.0,1.0,
USA_826217,flood,validation,data/external/sen1floods11/flood_sar/USA_826217_S1Hand.tif,data/external/sen1floods11/flood_mask/USA_826217_LabelHand.tif,True,True,True,512,512,2,512,512,1,-1.0,1.0,-1.0|0.0|1.0,1.0,
USA_986268,flood,validation,data/external/sen1floods11/flood_sar/USA_986268_S1Hand.tif,data/external/sen1floods11/flood_mask/USA_986268_LabelHand.tif,True,True,True,512,512,2,512,512,1,-1.0,1.0,-1.0|0.0|1.0,1.0,
