sample_id,group,split_role,image_path,water_decision,safe_water_fraction,uncertain_fraction,oil_analysis_executed,candidate_count,accepted_candidate_count,scene_false_alarm
nc-0038-00-000038,nc,train,data/external/dartis/raw/nc/nc-0038-00-000038.jpg,UNCERTAIN_BLOCK,0.01442138671875,0.05322021484375,False,0,0,False
nc-0292-04-000013,nc,train,data/external/dartis/raw/nc/nc-0292-04-000013.jpg,ACCEPT_WATER,0.6914306640625,0.041064453125,True,1,1,True
nc-0337-04-000058,nc,calibration,data/external/dartis/raw/nc/nc-0337-04-000058.jpg,UNCERTAIN_BLOCK,0.0493701171875,0.14459228515625,False,0,0,False
nc-0289-04-000010,nc,train,data/external/dartis/raw/nc/nc-0289-04-000010.jpg,ACCEPT_WATER,0.34119384765625,0.06414794921875,True,4,3,True
nc-0278-03-000043,nc,locked_test,data/external/dartis/raw/nc/nc-0278-03-000043.jpg,UNCERTAIN_BLOCK,0.00164794921875,0.05635498046875,False,0,0,False
nc-0222-02-000062,nc,calibration,data/external/dartis/raw/nc/nc-0222-02-000062.jpg,ACCEPT_WATER,0.96890625,0.0159912109375,True,0,0,False
nc-0202-02-000042,nc,train,data/external/dartis/raw/nc/nc-0202-02-000042.jpg,ACCEPT_WATER,0.970830078125,0.02914306640625,True,0,0,False
nc-0152-01-000076,nc,train,data/external/dartis/raw/nc/nc-0152-01-000076.jpg,ACCEPT_WATER,0.64014892578125,0.011279296875,True,10,10,True
nc-0184-02-000024,nc,locked_test,data/external/dartis/raw/nc/nc-0184-02-000024.jpg,ACCEPT_WATER,0.8905322265625,0.07371826171875,True,3,3,True
nc-0149-01-000073,nc,locked_test,data/external/dartis/raw/nc/nc-0149-01-000073.jpg,ACCEPT_WATER,0.750009765625,0.1305859375,True,0,0,False
nc-0268-03-000033,nc,train,data/external/dartis/raw/nc/nc-0268-03-000033.jpg,ACCEPT_WATER,0.46904296875,0.026357421875,True,3,3,True
nc-0296-04-000017,nc,train,data/external/dartis/raw/nc/nc-0296-04-000017.jpg,ACCEPT_WATER,0.857421875,0.06877685546875,True,0,0,False
nc-0333-04-000054,nc,train,data/external/dartis/raw/nc/nc-0333-04-000054.jpg,ACCEPT_WATER,0.83448974609375,0.134755859375,True,0,0,False
nc-0087-01-000011,nc,calibration,data/external/dartis/raw/nc/nc-0087-01-000011.jpg,ACCEPT_WATER,0.5736279296875,0.0873681640625,True,0,0,False
nc-0269-03-000034,nc,train,data/external/dartis/raw/nc/nc-0269-03-000034.jpg,ACCEPT_WATER,0.52037841796875,0.02217529296875,True,0,0,False
nc-0273-03-000038,nc,train,data/external/dartis/raw/nc/nc-0273-03-000038.jpg,UNCERTAIN_BLOCK,5.126953125e-05,0.09668701171875,False,0,0,False
nc-0244-03-000009,nc,train,data/external/dartis/raw/nc/nc-0244-03-000009.jpg,UNCERTAIN_BLOCK,0.01033447265625,0.2781201171875,False,0,0,False
nc-0066-00-000066,nc,locked_test,data/external/dartis/raw/nc/nc-0066-00-000066.jpg,ACCEPT_WATER,0.6100146484375,0.03546630859375,True,3,3,True
nc-0009-00-000009,nc,locked_test,data/external/dartis/raw/nc/nc-0009-00-000009.jpg,UNCERTAIN_BLOCK,0.081611328125,0.3878466796875,False,0,0,False
nc-0092-01-000016,nc,train,data/external/dartis/raw/nc/nc-0092-01-000016.jpg,ACCEPT_WATER,0.5337109375,0.15488037109375,True,4,4,True
nc-0001-00-000001,nc,train,data/external/dartis/raw/nc/nc-0001-00-000001.jpg,ACCEPT_WATER,0.78340576171875,0.0374853515625,True,0,0,False
nc-0227-02-000067,nc,train,data/external/dartis/raw/nc/nc-0227-02-000067.jpg,UNCERTAIN_BLOCK,0.00947998046875,0.15218017578125,False,0,0,False
nc-0245-03-000010,nc,train,data/external/dartis/raw/nc/nc-0245-03-000010.jpg,UNCERTAIN_BLOCK,0.00010498046875,0.196845703125,False,0,0,False
nc-0294-04-000015,nc,train,data/external/dartis/raw/nc/nc-0294-04-000015.jpg,ACCEPT_WATER,0.68629150390625,0.20115966796875,True,0,0,False
nc-0328-04-000049,nc,train,data/external/dartis/raw/nc/nc-0328-04-000049.jpg,ACCEPT_WATER,0.673779296875,0.16056396484375,True,6,6,True
nc-0342-04-000063,nc,train,data/external/dartis/raw/nc/nc-0342-04-000063.jpg,UNCERTAIN_BLOCK,0.26758056640625,0.26460205078125,False,0,0,False
nc-0016-00-000016,nc,locked_test,data/external/dartis/raw/nc/nc-0016-00-000016.jpg,ACCEPT_WATER,0.73180419921875,0.0609716796875,True,1,1,True
nc-0305-04-000026,nc,train,data/external/dartis/raw/nc/nc-0305-04-000026.jpg,UNCERTAIN_BLOCK,0.01145751953125,0.14349609375,False,0,0,False
nc-0263-03-000028,nc,train,data/external/dartis/raw/nc/nc-0263-03-000028.jpg,ACCEPT_WATER,0.2384423828125,0.14184814453125,True,0,0,False
nc-0339-04-000060,nc,calibration,data/external/dartis/raw/nc/nc-0339-04-000060.jpg,ACCEPT_WATER,0.89904541015625,0.04518798828125,True,0,0,False
nc-0017-00-000017,nc,locked_test,data/external/dartis/raw/nc/nc-0017-00-000017.jpg,ACCEPT_WATER,0.9126513671875,0.04289794921875,True,1,1,True
nc-0002-00-000002,nc,locked_test,data/external/dartis/raw/nc/nc-0002-00-000002.jpg,ACCEPT_WATER,0.587041015625,0.0614453125,True,1,0,False
nc-0288-04-000009,nc,train,data/external/dartis/raw/nc/nc-0288-04-000009.jpg,ACCEPT_WATER,0.3428466796875,0.1111328125,True,11,11,True
nc-0233-02-000073,nc,calibration,data/external/dartis/raw/nc/nc-0233-02-000073.jpg,ACCEPT_WATER,0.1283154296875,0.2191357421875,True,0,0,False
nc-0048-00-000048,nc,train,data/external/dartis/raw/nc/nc-0048-00-000048.jpg,ACCEPT_WATER,0.1715966796875,0.14947265625,True,0,0,False
nc-0106-01-000030,nc,train,data/external/dartis/raw/nc/nc-0106-01-000030.jpg,ACCEPT_WATER,0.962080078125,0.01972900390625,True,0,0,False
nc-0327-04-000048,nc,train,data/external/dartis/raw/nc/nc-0327-04-000048.jpg,UNCERTAIN_BLOCK,0.02180908203125,0.22068603515625,False,0,0,False
nc-0321-04-000042,nc,train,data/external/dartis/raw/nc/nc-0321-04-000042.jpg,ACCEPT_WATER,0.6318798828125,0.0169580078125,True,0,0,False
nc-0015-00-000015,nc,locked_test,data/external/dartis/raw/nc/nc-0015-00-000015.jpg,ACCEPT_WATER,0.6967041015625,0.07078125,True,0,0,False
nc-0220-02-000060,nc,train,data/external/dartis/raw/nc/nc-0220-02-000060.jpg,UNCERTAIN_BLOCK,0.04879638671875,0.11180419921875,False,0,0,False
nc-0347-04-000068,nc,train,data/external/dartis/raw/nc/nc-0347-04-000068.jpg,UNCERTAIN_BLOCK,0.14859619140625,0.298720703125,False,0,0,False
nc-0104-01-000028,nc,calibration,data/external/dartis/raw/nc/nc-0104-01-000028.jpg,ACCEPT_WATER,0.8802734375,0.08720703125,True,0,0,False
nc-0049-00-000049,nc,train,data/external/dartis/raw/nc/nc-0049-00-000049.jpg,ACCEPT_WATER,0.94050537109375,0.04948486328125,True,0,0,False
nc-0303-04-000024,nc,calibration,data/external/dartis/raw/nc/nc-0303-04-000024.jpg,ACCEPT_WATER,0.63881591796875,0.2186669921875,True,0,0,False
nc-0129-01-000053,nc,train,data/external/dartis/raw/nc/nc-0129-01-000053.jpg,ACCEPT_WATER,0.46747314453125,0.048798828125,True,18,17,True
nc-0026-00-000026,nc,train,data/external/dartis/raw/nc/nc-0026-00-000026.jpg,UNCERTAIN_BLOCK,0.31467041015625,0.31935546875,False,0,0,False
nc-0029-00-000029,nc,train,data/external/dartis/raw/nc/nc-0029-00-000029.jpg,ACCEPT_WATER,0.057490234375,0.1188330078125,True,0,0,False
nc-0175-02-000015,nc,locked_test,data/external/dartis/raw/nc/nc-0175-02-000015.jpg,UNCERTAIN_BLOCK,0.00907958984375,0.25834716796875,False,0,0,False
nc-0279-03-000044,nc,train,data/external/dartis/raw/nc/nc-0279-03-000044.jpg,ACCEPT_WATER,0.50758544921875,0.0171923828125,True,4,3,True
nc-0270-03-000035,nc,train,data/external/dartis/raw/nc/nc-0270-03-000035.jpg,ACCEPT_WATER,0.13140625,0.167958984375,True,1,1,True
nc-0196-02-000036,nc,train,data/external/dartis/raw/nc/nc-0196-02-000036.jpg,UNCERTAIN_BLOCK,8.30078125e-05,0.16240234375,False,0,0,False
nc-0172-02-000012,nc,train,data/external/dartis/raw/nc/nc-0172-02-000012.jpg,UNCERTAIN_BLOCK,0.1808837890625,0.4899267578125,False,0,0,False
nc-0343-04-000064,nc,train,data/external/dartis/raw/nc/nc-0343-04-000064.jpg,UNCERTAIN_BLOCK,0.0142138671875,0.095693359375,False,0,0,False
nc-0006-00-000006,nc,train,data/external/dartis/raw/nc/nc-0006-00-000006.jpg,ACCEPT_WATER,0.14888671875,0.08588623046875,True,1,0,False
nc-0312-04-000033,nc,train,data/external/dartis/raw/nc/nc-0312-04-000033.jpg,UNCERTAIN_BLOCK,0.0159326171875,0.16576416015625,False,0,0,False
nc-0170-02-000010,nc,train,data/external/dartis/raw/nc/nc-0170-02-000010.jpg,ACCEPT_WATER,0.17598876953125,0.2175830078125,True,11,10,True
nc-0336-04-000057,nc,train,data/external/dartis/raw/nc/nc-0336-04-000057.jpg,UNCERTAIN_BLOCK,0.20442626953125,0.26011474609375,False,0,0,False
nc-0067-00-000067,nc,train,data/external/dartis/raw/nc/nc-0067-00-000067.jpg,ACCEPT_WATER,0.36545166015625,0.11495361328125,True,3,3,True
nc-0063-00-000063,nc,calibration,data/external/dartis/raw/nc/nc-0063-00-000063.jpg,ACCEPT_WATER,0.6447119140625,0.0317626953125,True,1,1,True
nc-0024-00-000024,nc,train,data/external/dartis/raw/nc/nc-0024-00-000024.jpg,UNCERTAIN_BLOCK,0.00625,0.09026123046875,False,0,0,False
nc-0167-02-000007,nc,train,data/external/dartis/raw/nc/nc-0167-02-000007.jpg,ACCEPT_WATER,0.9455810546875,0.0471630859375,True,0,0,False
nc-0293-04-000014,nc,train,data/external/dartis/raw/nc/nc-0293-04-000014.jpg,ACCEPT_WATER,0.4196923828125,0.05982421875,True,13,11,True
nc-0070-00-000070,nc,calibration,data/external/dartis/raw/nc/nc-0070-00-000070.jpg,ACCEPT_WATER,0.82290771484375,0.09875732421875,True,0,0,False
nc-0150-01-000074,nc,train,data/external/dartis/raw/nc/nc-0150-01-000074.jpg,ACCEPT_WATER,0.7152734375,0.0410009765625,True,7,7,True
nc-0323-04-000044,nc,train,data/external/dartis/raw/nc/nc-0323-04-000044.jpg,ACCEPT_WATER,0.546796875,0.162197265625,True,14,11,True
nc-0260-03-000025,nc,train,data/external/dartis/raw/nc/nc-0260-03-000025.jpg,UNCERTAIN_BLOCK,0.015908203125,0.2559228515625,False,0,0,False
nc-0047-00-000047,nc,calibration,data/external/dartis/raw/nc/nc-0047-00-000047.jpg,ACCEPT_WATER,0.94232421875,0.0501708984375,True,0,0,False
nc-0019-00-000019,nc,train,data/external/dartis/raw/nc/nc-0019-00-000019.jpg,UNCERTAIN_BLOCK,0.45080810546875,0.33813232421875,False,0,0,False
nc-0259-03-000024,nc,train,data/external/dartis/raw/nc/nc-0259-03-000024.jpg,UNCERTAIN_BLOCK,0.040498046875,0.31685302734375,False,0,0,False
nc-0027-00-000027,nc,train,data/external/dartis/raw/nc/nc-0027-00-000027.jpg,ACCEPT_WATER,0.9379296875,0.04782958984375,True,2,2,True
nc-0158-01-000082,nc,train,data/external/dartis/raw/nc/nc-0158-01-000082.jpg,ACCEPT_WATER,0.89771240234375,0.05830322265625,True,0,0,False
nc-0174-02-000014,nc,calibration,data/external/dartis/raw/nc/nc-0174-02-000014.jpg,ACCEPT_WATER,0.6871630859375,0.0392236328125,True,11,11,True
nc-0180-02-000020,nc,locked_test,data/external/dartis/raw/nc/nc-0180-02-000020.jpg,ACCEPT_WATER,0.47831298828125,0.2085693359375,True,0,0,False
nc-0037-00-000037,nc,train,data/external/dartis/raw/nc/nc-0037-00-000037.jpg,UNCERTAIN_BLOCK,0.00272705078125,0.16123046875,False,0,0,False
nc-0103-01-000027,nc,train,data/external/dartis/raw/nc/nc-0103-01-000027.jpg,ACCEPT_WATER,0.7508203125,0.01364990234375,True,10,9,True
nc-0115-01-000039,nc,train,data/external/dartis/raw/nc/nc-0115-01-000039.jpg,UNCERTAIN_BLOCK,0.19958251953125,0.37377197265625,False,0,0,False
nc-0060-00-000060,nc,train,data/external/dartis/raw/nc/nc-0060-00-000060.jpg,ACCEPT_WATER,0.69070556640625,0.0262646484375,True,3,3,True
nc-0287-04-000008,nc,locked_test,data/external/dartis/raw/nc/nc-0287-04-000008.jpg,ACCEPT_WATER,0.22998046875,0.1016455078125,True,3,3,True
nc-0314-04-000035,nc,calibration,data/external/dartis/raw/nc/nc-0314-04-000035.jpg,ACCEPT_WATER,0.8849658203125,0.01947509765625,True,11,11,True
nc-0351-04-000072,nc,train,data/external/dartis/raw/nc/nc-0351-04-000072.jpg,UNCERTAIN_BLOCK,0.00451904296875,0.1797607421875,False,0,0,False
nc-0319-04-000040,nc,train,data/external/dartis/raw/nc/nc-0319-04-000040.jpg,ACCEPT_WATER,0.39893798828125,0.15345703125,True,0,0,False
nc-0186-02-000026,nc,train,data/external/dartis/raw/nc/nc-0186-02-000026.jpg,UNCERTAIN_BLOCK,0.0323291015625,0.16139892578125,False,0,0,False
nc-0317-04-000038,nc,train,data/external/dartis/raw/nc/nc-0317-04-000038.jpg,ACCEPT_WATER,0.71239013671875,0.026123046875,True,6,6,True
nc-0274-03-000039,nc,train,data/external/dartis/raw/nc/nc-0274-03-000039.jpg,ACCEPT_WATER,0.0711669921875,0.2333349609375,True,0,0,False
nc-0101-01-000025,nc,train,data/external/dartis/raw/nc/nc-0101-01-000025.jpg,ACCEPT_WATER,0.8646630859375,0.08131103515625,True,0,0,False
nc-0100-01-000024,nc,train,data/external/dartis/raw/nc/nc-0100-01-000024.jpg,UNCERTAIN_BLOCK,0.31294189453125,0.4509423828125,False,0,0,False
nc-0286-04-000007,nc,locked_test,data/external/dartis/raw/nc/nc-0286-04-000007.jpg,ACCEPT_WATER,0.89118408203125,0.09043212890625,True,4,4,True
nc-0262-03-000027,nc,train,data/external/dartis/raw/nc/nc-0262-03-000027.jpg,UNCERTAIN_BLOCK,0.0007666015625,0.21103515625,False,0,0,False
nc-0156-01-000080,nc,train,data/external/dartis/raw/nc/nc-0156-01-000080.jpg,ACCEPT_WATER,0.91408447265625,0.03225341796875,True,3,3,True
nc-0272-03-000037,nc,train,data/external/dartis/raw/nc/nc-0272-03-000037.jpg,UNCERTAIN_BLOCK,0.00770751953125,0.22360595703125,False,0,0,False
nc-0008-00-000008,nc,locked_test,data/external/dartis/raw/nc/nc-0008-00-000008.jpg,UNCERTAIN_BLOCK,0.053876953125,0.50206298828125,False,0,0,False
nc-0065-00-000065,nc,train,data/external/dartis/raw/nc/nc-0065-00-000065.jpg,ACCEPT_WATER,0.95624755859375,0.02573974609375,True,0,0,False
nc-0164-02-000004,nc,calibration,data/external/dartis/raw/nc/nc-0164-02-000004.jpg,UNCERTAIN_BLOCK,0.55849609375,0.38737548828125,False,0,0,False
nc-0088-01-000012,nc,train,data/external/dartis/raw/nc/nc-0088-01-000012.jpg,UNCERTAIN_BLOCK,0.23508544921875,0.424521484375,False,0,0,False
nc-0098-01-000022,nc,train,data/external/dartis/raw/nc/nc-0098-01-000022.jpg,ACCEPT_WATER,0.5045947265625,0.03258544921875,True,6,5,True
nc-0316-04-000037,nc,train,data/external/dartis/raw/nc/nc-0316-04-000037.jpg,ACCEPT_WATER,0.81543701171875,0.02913818359375,True,0,0,False
nc-0083-01-000007,nc,train,data/external/dartis/raw/nc/nc-0083-01-000007.jpg,ACCEPT_WATER,0.87675537109375,0.01270751953125,True,5,5,True
nc-0295-04-000016,nc,calibration,data/external/dartis/raw/nc/nc-0295-04-000016.jpg,ACCEPT_WATER,0.5595458984375,0.051904296875,True,3,3,True
nc-0035-00-000035,nc,calibration,data/external/dartis/raw/nc/nc-0035-00-000035.jpg,ACCEPT_WATER,0.9019482421875,0.0739501953125,True,0,0,False
nc-0062-00-000062,nc,train,data/external/dartis/raw/nc/nc-0062-00-000062.jpg,ACCEPT_WATER,0.52542236328125,0.11405517578125,True,14,13,True
nc-0199-02-000039,nc,train,data/external/dartis/raw/nc/nc-0199-02-000039.jpg,ACCEPT_WATER,0.97338134765625,0.02599853515625,True,0,0,False
nc-0107-01-000031,nc,train,data/external/dartis/raw/nc/nc-0107-01-000031.jpg,ACCEPT_WATER,0.57541259765625,0.07138427734375,True,0,0,False
nc-0191-02-000031,nc,train,data/external/dartis/raw/nc/nc-0191-02-000031.jpg,ACCEPT_WATER,0.73097900390625,0.22482666015625,True,7,7,True
nc-0277-03-000042,nc,train,data/external/dartis/raw/nc/nc-0277-03-000042.jpg,UNCERTAIN_BLOCK,0.05908447265625,0.26441650390625,False,0,0,False
nc-0036-00-000036,nc,train,data/external/dartis/raw/nc/nc-0036-00-000036.jpg,ACCEPT_WATER,0.707724609375,0.05110595703125,True,8,5,True
nc-0297-04-000018,nc,locked_test,data/external/dartis/raw/nc/nc-0297-04-000018.jpg,ACCEPT_WATER,0.678564453125,0.17513671875,True,10,10,True
nc-0012-00-000012,nc,train,data/external/dartis/raw/nc/nc-0012-00-000012.jpg,ACCEPT_WATER,0.8575830078125,0.0377978515625,True,6,6,True
nc-0082-01-000006,nc,train,data/external/dartis/raw/nc/nc-0082-01-000006.jpg,ACCEPT_WATER,0.54695556640625,0.09062744140625,True,6,6,True
nc-0059-00-000059,nc,train,data/external/dartis/raw/nc/nc-0059-00-000059.jpg,ACCEPT_WATER,0.4652197265625,0.14505126953125,True,2,2,True
nc-0239-03-000004,nc,train,data/external/dartis/raw/nc/nc-0239-03-000004.jpg,UNCERTAIN_BLOCK,0.01193115234375,0.1361962890625,False,0,0,False
nc-0113-01-000037,nc,train,data/external/dartis/raw/nc/nc-0113-01-000037.jpg,ACCEPT_WATER,0.968427734375,0.01953369140625,True,0,0,False
nc-0320-04-000041,nc,train,data/external/dartis/raw/nc/nc-0320-04-000041.jpg,ACCEPT_WATER,0.68894775390625,0.0780419921875,True,0,0,False
nc-0148-01-000072,nc,train,data/external/dartis/raw/nc/nc-0148-01-000072.jpg,UNCERTAIN_BLOCK,0.14028076171875,0.26029296875,False,0,0,False
nc-0159-01-000083,nc,train,data/external/dartis/raw/nc/nc-0159-01-000083.jpg,ACCEPT_WATER,0.61051513671875,0.031572265625,True,4,2,True
nc-0147-01-000071,nc,train,data/external/dartis/raw/nc/nc-0147-01-000071.jpg,UNCERTAIN_BLOCK,0.0081689453125,0.09020263671875,False,0,0,False
nc-0193-02-000033,nc,locked_test,data/external/dartis/raw/nc/nc-0193-02-000033.jpg,ACCEPT_WATER,0.52876220703125,0.12249755859375,True,0,0,False
nc-0069-00-000069,nc,train,data/external/dartis/raw/nc/nc-0069-00-000069.jpg,UNCERTAIN_BLOCK,0.04273193359375,0.3720947265625,False,0,0,False
nc-0109-01-000033,nc,train,data/external/dartis/raw/nc/nc-0109-01-000033.jpg,ACCEPT_WATER,0.6255712890625,0.18359375,True,0,0,False
nc-0331-04-000052,nc,train,data/external/dartis/raw/nc/nc-0331-04-000052.jpg,ACCEPT_WATER,0.36776123046875,0.08464111328125,True,6,4,True
nc-0116-01-000040,nc,locked_test,data/external/dartis/raw/nc/nc-0116-01-000040.jpg,ACCEPT_WATER,0.65471435546875,0.01969970703125,True,6,6,True
nc-0211-02-000051,nc,calibration,data/external/dartis/raw/nc/nc-0211-02-000051.jpg,ACCEPT_WATER,0.6720166015625,0.11624755859375,True,0,0,False
nc-0138-01-000062,nc,train,data/external/dartis/raw/nc/nc-0138-01-000062.jpg,ACCEPT_WATER,0.34969970703125,0.07699462890625,True,0,0,False
nc-0341-04-000062,nc,train,data/external/dartis/raw/nc/nc-0341-04-000062.jpg,ACCEPT_WATER,0.88560302734375,0.06984130859375,True,2,2,True
nc-0218-02-000058,nc,train,data/external/dartis/raw/nc/nc-0218-02-000058.jpg,ACCEPT_WATER,0.80545166015625,0.02314697265625,True,13,11,True
nc-0131-01-000055,nc,train,data/external/dartis/raw/nc/nc-0131-01-000055.jpg,ACCEPT_WATER,0.659697265625,0.04877685546875,True,0,0,False
nc-0058-00-000058,nc,train,data/external/dartis/raw/nc/nc-0058-00-000058.jpg,ACCEPT_WATER,0.44115234375,0.10679443359375,True,12,11,True
nc-0119-01-000043,nc,calibration,data/external/dartis/raw/nc/nc-0119-01-000043.jpg,ACCEPT_WATER,0.39307373046875,0.11150146484375,True,1,1,True
nc-0258-03-000023,nc,train,data/external/dartis/raw/nc/nc-0258-03-000023.jpg,ACCEPT_WATER,0.30166748046875,0.08154296875,True,11,11,True
nc-0034-00-000034,nc,calibration,data/external/dartis/raw/nc/nc-0034-00-000034.jpg,ACCEPT_WATER,0.9731884765625,0.02253173828125,True,6,6,True
nc-0201-02-000041,nc,calibration,data/external/dartis/raw/nc/nc-0201-02-000041.jpg,ACCEPT_WATER,0.9601123046875,0.03076416015625,True,0,0,False
nc-0053-00-000053,nc,train,data/external/dartis/raw/nc/nc-0053-00-000053.jpg,ACCEPT_WATER,0.410068359375,0.05098388671875,True,4,4,True
nc-0223-02-000063,nc,train,data/external/dartis/raw/nc/nc-0223-02-000063.jpg,ACCEPT_WATER,0.63349365234375,0.0465771484375,True,6,4,True
nc-0075-00-000075,nc,train,data/external/dartis/raw/nc/nc-0075-00-000075.jpg,ACCEPT_WATER,0.24330322265625,0.2266845703125,True,1,1,True
nc-0250-03-000015,nc,calibration,data/external/dartis/raw/nc/nc-0250-03-000015.jpg,ACCEPT_WATER,0.80616455078125,0.00916259765625,True,1,1,True
nc-0071-00-000071,nc,train,data/external/dartis/raw/nc/nc-0071-00-000071.jpg,UNCERTAIN_BLOCK,0.46185302734375,0.2843505859375,False,0,0,False
nc-0181-02-000021,nc,train,data/external/dartis/raw/nc/nc-0181-02-000021.jpg,ACCEPT_WATER,0.9055712890625,0.05469970703125,True,0,0,False
nc-0028-00-000028,nc,train,data/external/dartis/raw/nc/nc-0028-00-000028.jpg,ACCEPT_WATER,0.1293310546875,0.1544921875,True,0,0,False
nc-0141-01-000065,nc,train,data/external/dartis/raw/nc/nc-0141-01-000065.jpg,ACCEPT_WATER,0.9120166015625,0.0617333984375,True,0,0,False
nc-0165-02-000005,nc,train,data/external/dartis/raw/nc/nc-0165-02-000005.jpg,ACCEPT_WATER,0.7801123046875,0.01648193359375,True,10,10,True
nc-0007-00-000007,nc,train,data/external/dartis/raw/nc/nc-0007-00-000007.jpg,UNCERTAIN_BLOCK,0.319482421875,0.33742431640625,False,0,0,False
nc-0243-03-000008,nc,train,data/external/dartis/raw/nc/nc-0243-03-000008.jpg,ACCEPT_WATER,0.48864990234375,0.06852783203125,True,0,0,False
nc-0144-01-000068,nc,train,data/external/dartis/raw/nc/nc-0144-01-000068.jpg,UNCERTAIN_BLOCK,0.41894287109375,0.53715087890625,False,0,0,False
nc-0112-01-000036,nc,train,data/external/dartis/raw/nc/nc-0112-01-000036.jpg,UNCERTAIN_BLOCK,0.0002783203125,0.06383544921875,False,0,0,False
nc-0168-02-000008,nc,train,data/external/dartis/raw/nc/nc-0168-02-000008.jpg,ACCEPT_WATER,0.9837890625,0.0162109375,True,0,0,False
nc-0137-01-000061,nc,train,data/external/dartis/raw/nc/nc-0137-01-000061.jpg,ACCEPT_WATER,0.76579345703125,0.19789794921875,True,2,1,True
nc-0173-02-000013,nc,train,data/external/dartis/raw/nc/nc-0173-02-000013.jpg,ACCEPT_WATER,0.73796630859375,0.09494873046875,True,8,8,True
nc-0346-04-000067,nc,train,data/external/dartis/raw/nc/nc-0346-04-000067.jpg,UNCERTAIN_BLOCK,0.53878173828125,0.30101806640625,False,0,0,False
nc-0349-04-000070,nc,train,data/external/dartis/raw/nc/nc-0349-04-000070.jpg,UNCERTAIN_BLOCK,0.0,0.04802001953125,False,0,0,False
nc-0291-04-000012,nc,train,data/external/dartis/raw/nc/nc-0291-04-000012.jpg,UNCERTAIN_BLOCK,0.022353515625,0.114375,False,0,0,False
nc-0251-03-000016,nc,train,data/external/dartis/raw/nc/nc-0251-03-000016.jpg,ACCEPT_WATER,0.56949462890625,0.02099609375,True,9,9,True
nw-0185-01-000013,nw,train,data/external/dartis/raw/nw/nw-0185-01-000013.jpg,ACCEPT_WATER,0.9710498046875,0.0289501953125,True,0,0,False
nw-1365-08-000116,nw,train,data/external/dartis/raw/nw/nw-1365-08-000116.jpg,UNCERTAIN_BLOCK,0.33784423828125,0.48927490234375,False,0,0,False
nw-1842-11-000076,nw,train,data/external/dartis/raw/nw/nw-1842-11-000076.jpg,ACCEPT_WATER,0.07213134765625,0.0957666015625,True,0,0,False
nw-0329-01-000157,nw,locked_test,data/external/dartis/raw/nw/nw-0329-01-000157.jpg,ACCEPT_WATER,0.91236083984375,0.0867724609375,True,0,0,False
nw-1271-08-000022,nw,calibration,data/external/dartis/raw/nw/nw-1271-08-000022.jpg,ACCEPT_WATER,0.8557861328125,0.131064453125,True,0,0,False
nw-0070-00-000070,nw,train,data/external/dartis/raw/nw/nw-0070-00-000070.jpg,ACCEPT_WATER,0.0642236328125,0.06466552734375,True,0,0,False
nw-0196-01-000024,nw,locked_test,data/external/dartis/raw/nw/nw-0196-01-000024.jpg,UNCERTAIN_BLOCK,0.03025634765625,0.076220703125,False,0,0,False
nw-0645-03-000142,nw,calibration,data/external/dartis/raw/nw/nw-0645-03-000142.jpg,ACCEPT_WATER,0.83221435546875,0.1527294921875,True,0,0,False
nw-1184-07-000106,nw,train,data/external/dartis/raw/nw/nw-1184-07-000106.jpg,ACCEPT_WATER,0.10411865234375,0.05783935546875,True,0,0,False
nw-1016-06-000104,nw,locked_test,data/external/dartis/raw/nw/nw-1016-06-000104.jpg,ACCEPT_WATER,0.98312744140625,0.01687255859375,True,0,0,False
nw-1409-08-000160,nw,locked_test,data/external/dartis/raw/nw/nw-1409-08-000160.jpg,UNCERTAIN_BLOCK,0.043994140625,0.04992431640625,False,0,0,False
nw-0940-06-000028,nw,train,data/external/dartis/raw/nw/nw-0940-06-000028.jpg,ACCEPT_WATER,0.978857421875,0.02114013671875,True,0,0,False
nw-0733-04-000068,nw,calibration,data/external/dartis/raw/nw/nw-0733-04-000068.jpg,ACCEPT_WATER,0.9742529296875,0.0257275390625,True,0,0,False
nw-0709-04-000044,nw,train,data/external/dartis/raw/nw/nw-0709-04-000044.jpg,ACCEPT_WATER,0.9835546875,0.0164453125,True,0,0,False
nw-0134-00-000134,nw,train,data/external/dartis/raw/nw/nw-0134-00-000134.jpg,UNCERTAIN_BLOCK,0.2922705078125,0.54552001953125,False,0,0,False
nw-0748-05-000002,nw,calibration,data/external/dartis/raw/nw/nw-0748-05-000002.jpg,ACCEPT_WATER,0.97257080078125,0.02742919921875,True,0,0,False
nw-0412-02-000069,nw,train,data/external/dartis/raw/nw/nw-0412-02-000069.jpg,ACCEPT_WATER,0.5583544921875,0.142919921875,True,0,0,False
nw-1301-08-000052,nw,train,data/external/dartis/raw/nw/nw-1301-08-000052.jpg,ACCEPT_WATER,0.9137109375,0.06408203125,True,1,1,True
nw-1189-07-000111,nw,train,data/external/dartis/raw/nw/nw-1189-07-000111.jpg,UNCERTAIN_BLOCK,0.0452197265625,0.10379150390625,False,0,0,False
nw-0297-01-000125,nw,train,data/external/dartis/raw/nw/nw-0297-01-000125.jpg,ACCEPT_WATER,0.9775146484375,0.0224853515625,True,0,0,False
nw-0915-06-000003,nw,locked_test,data/external/dartis/raw/nw/nw-0915-06-000003.jpg,ACCEPT_WATER,0.97069580078125,0.029248046875,True,0,0,False
nw-0965-06-000053,nw,train,data/external/dartis/raw/nw/nw-0965-06-000053.jpg,ACCEPT_WATER,0.9813330078125,0.0186669921875,True,0,0,False
nw-0032-00-000032,nw,train,data/external/dartis/raw/nw/nw-0032-00-000032.jpg,ACCEPT_WATER,0.8734033203125,0.12129150390625,True,0,0,False
nw-1810-11-000044,nw,train,data/external/dartis/raw/nw/nw-1810-11-000044.jpg,ACCEPT_WATER,0.97179931640625,0.02820068359375,True,0,0,False
nw-1552-09-000128,nw,train,data/external/dartis/raw/nw/nw-1552-09-000128.jpg,UNCERTAIN_BLOCK,0.56324951171875,0.34348876953125,False,0,0,False
nw-1565-09-000141,nw,train,data/external/dartis/raw/nw/nw-1565-09-000141.jpg,UNCERTAIN_BLOCK,0.031435546875,0.05518798828125,False,0,0,False
nw-0539-03-000036,nw,train,data/external/dartis/raw/nw/nw-0539-03-000036.jpg,ACCEPT_WATER,0.93822509765625,0.0340625,True,3,3,True
nw-1401-08-000152,nw,train,data/external/dartis/raw/nw/nw-1401-08-000152.jpg,UNCERTAIN_BLOCK,0.4443212890625,0.3612548828125,False,0,0,False
nw-1538-09-000114,nw,train,data/external/dartis/raw/nw/nw-1538-09-000114.jpg,ACCEPT_WATER,0.98323974609375,0.01676025390625,True,0,0,False
nw-1402-08-000153,nw,train,data/external/dartis/raw/nw/nw-1402-08-000153.jpg,UNCERTAIN_BLOCK,0.4070068359375,0.31953857421875,False,0,0,False
nw-1106-07-000028,nw,train,data/external/dartis/raw/nw/nw-1106-07-000028.jpg,ACCEPT_WATER,0.8962646484375,0.0810693359375,True,0,0,False
nw-0281-01-000109,nw,train,data/external/dartis/raw/nw/nw-0281-01-000109.jpg,ACCEPT_WATER,0.9835205078125,0.0164794921875,True,0,0,False
nw-1894-11-000128,nw,locked_test,data/external/dartis/raw/nw/nw-1894-11-000128.jpg,UNCERTAIN_BLOCK,0.0436376953125,0.06020751953125,False,0,0,False
nw-0492-02-000149,nw,train,data/external/dartis/raw/nw/nw-0492-02-000149.jpg,ACCEPT_WATER,0.9385009765625,0.05576904296875,True,1,1,True
nw-1153-07-000075,nw,train,data/external/dartis/raw/nw/nw-1153-07-000075.jpg,UNCERTAIN_BLOCK,0.032265625,0.20305908203125,False,0,0,False
nw-1180-07-000102,nw,locked_test,data/external/dartis/raw/nw/nw-1180-07-000102.jpg,UNCERTAIN_BLOCK,0.247646484375,0.45404296875,False,0,0,False
nw-0669-04-000004,nw,calibration,data/external/dartis/raw/nw/nw-0669-04-000004.jpg,ACCEPT_WATER,0.98077880859375,0.01920166015625,True,0,0,False
nw-1839-11-000073,nw,calibration,data/external/dartis/raw/nw/nw-1839-11-000073.jpg,ACCEPT_WATER,0.93784423828125,0.05965087890625,True,0,0,False
nw-1660-10-000068,nw,train,data/external/dartis/raw/nw/nw-1660-10-000068.jpg,ACCEPT_WATER,0.079765625,0.21260986328125,True,0,0,False
nw-0423-02-000080,nw,train,data/external/dartis/raw/nw/nw-0423-02-000080.jpg,ACCEPT_WATER,0.12366455078125,0.23143798828125,True,0,0,False
nw-0885-05-000139,nw,locked_test,data/external/dartis/raw/nw/nw-0885-05-000139.jpg,ACCEPT_WATER,0.98958984375,0.01041015625,True,0,0,False
nw-1629-10-000037,nw,locked_test,data/external/dartis/raw/nw/nw-1629-10-000037.jpg,ACCEPT_WATER,0.24969970703125,0.1616259765625,True,0,0,False
nw-1773-11-000007,nw,train,data/external/dartis/raw/nw/nw-1773-11-000007.jpg,ACCEPT_WATER,0.94828125,0.050263671875,True,0,0,False
nw-0208-01-000036,nw,calibration,data/external/dartis/raw/nw/nw-0208-01-000036.jpg,ACCEPT_WATER,0.9740771484375,0.0259228515625,True,0,0,False
nw-0537-03-000034,nw,train,data/external/dartis/raw/nw/nw-0537-03-000034.jpg,UNCERTAIN_BLOCK,0.034404296875,0.064990234375,False,0,0,False
nw-0732-04-000067,nw,calibration,data/external/dartis/raw/nw/nw-0732-04-000067.jpg,ACCEPT_WATER,0.98459228515625,0.01540771484375,True,0,0,False
nw-1904-11-000138,nw,calibration,data/external/dartis/raw/nw/nw-1904-11-000138.jpg,ACCEPT_WATER,0.056181640625,0.12555419921875,True,0,0,False
nw-0048-00-000048,nw,train,data/external/dartis/raw/nw/nw-0048-00-000048.jpg,UNCERTAIN_BLOCK,0.0491064453125,0.07590087890625,False,0,0,False
nw-1224-07-000146,nw,train,data/external/dartis/raw/nw/nw-1224-07-000146.jpg,ACCEPT_WATER,0.96657470703125,0.03335205078125,True,0,0,False
nw-1550-09-000126,nw,train,data/external/dartis/raw/nw/nw-1550-09-000126.jpg,UNCERTAIN_BLOCK,0.5659326171875,0.40453125,False,0,0,False
nw-0499-02-000156,nw,train,data/external/dartis/raw/nw/nw-0499-02-000156.jpg,ACCEPT_WATER,0.85816162109375,0.06508544921875,True,0,0,False
nw-0458-02-000115,nw,train,data/external/dartis/raw/nw/nw-0458-02-000115.jpg,UNCERTAIN_BLOCK,0.04760009765625,0.18278564453125,False,0,0,False
nw-0523-03-000020,nw,train,data/external/dartis/raw/nw/nw-0523-03-000020.jpg,ACCEPT_WATER,0.5967138671875,0.040029296875,True,2,2,True
nw-1254-08-000005,nw,train,data/external/dartis/raw/nw/nw-1254-08-000005.jpg,UNCERTAIN_BLOCK,0.4299560546875,0.5156201171875,False,0,0,False
nw-1582-09-000158,nw,train,data/external/dartis/raw/nw/nw-1582-09-000158.jpg,ACCEPT_WATER,0.87147216796875,0.12069580078125,True,0,0,False
nw-0203-01-000031,nw,train,data/external/dartis/raw/nw/nw-0203-01-000031.jpg,ACCEPT_WATER,0.97236572265625,0.0276220703125,True,0,0,False
nw-0213-01-000041,nw,calibration,data/external/dartis/raw/nw/nw-0213-01-000041.jpg,ACCEPT_WATER,0.98114013671875,0.01885986328125,True,0,0,False
nw-1540-09-000116,nw,train,data/external/dartis/raw/nw/nw-1540-09-000116.jpg,ACCEPT_WATER,0.97779296875,0.02203857421875,True,0,0,False
nw-0148-00-000148,nw,train,data/external/dartis/raw/nw/nw-0148-00-000148.jpg,ACCEPT_WATER,0.06946044921875,0.08833984375,True,0,0,False
nw-0914-06-000002,nw,train,data/external/dartis/raw/nw/nw-0914-06-000002.jpg,ACCEPT_WATER,0.98176513671875,0.01823486328125,True,0,0,False
nw-0424-02-000081,nw,train,data/external/dartis/raw/nw/nw-0424-02-000081.jpg,ACCEPT_WATER,0.13161865234375,0.028505859375,True,0,0,False
nw-0970-06-000058,nw,train,data/external/dartis/raw/nw/nw-0970-06-000058.jpg,ACCEPT_WATER,0.98203125,0.01796875,True,0,0,False
nw-0805-05-000059,nw,train,data/external/dartis/raw/nw/nw-0805-05-000059.jpg,UNCERTAIN_BLOCK,0.01767333984375,0.09494140625,False,0,0,False
nw-1584-09-000160,nw,calibration,data/external/dartis/raw/nw/nw-1584-09-000160.jpg,UNCERTAIN_BLOCK,0.33982421875,0.488359375,False,0,0,False
nw-1366-08-000117,nw,calibration,data/external/dartis/raw/nw/nw-1366-08-000117.jpg,ACCEPT_WATER,0.56542236328125,0.22072021484375,True,0,0,False
nw-0181-01-000009,nw,train,data/external/dartis/raw/nw/nw-0181-01-000009.jpg,UNCERTAIN_BLOCK,0.04993896484375,0.08228759765625,False,0,0,False
nw-1549-09-000125,nw,train,data/external/dartis/raw/nw/nw-1549-09-000125.jpg,UNCERTAIN_BLOCK,0.63871337890625,0.31099365234375,False,0,0,False
nw-0610-03-000107,nw,train,data/external/dartis/raw/nw/nw-0610-03-000107.jpg,UNCERTAIN_BLOCK,0.14964111328125,0.54294921875,False,0,0,False
nw-0292-01-000120,nw,train,data/external/dartis/raw/nw/nw-0292-01-000120.jpg,ACCEPT_WATER,0.06898681640625,0.14493408203125,True,0,0,False
nw-1085-07-000007,nw,train,data/external/dartis/raw/nw/nw-1085-07-000007.jpg,ACCEPT_WATER,0.97259033203125,0.02740966796875,True,0,0,False
nw-0175-01-000003,nw,locked_test,data/external/dartis/raw/nw/nw-0175-01-000003.jpg,ACCEPT_WATER,0.966328125,0.03366455078125,True,0,0,False
nw-1472-09-000048,nw,train,data/external/dartis/raw/nw/nw-1472-09-000048.jpg,ACCEPT_WATER,0.952490234375,0.047431640625,True,1,1,True
nw-1642-10-000050,nw,train,data/external/dartis/raw/nw/nw-1642-10-000050.jpg,UNCERTAIN_BLOCK,0.39794921875,0.29347900390625,False,0,0,False
nw-1890-11-000124,nw,train,data/external/dartis/raw/nw/nw-1890-11-000124.jpg,ACCEPT_WATER,0.82039794921875,0.17366455078125,True,0,0,False
nw-0455-02-000112,nw,train,data/external/dartis/raw/nw/nw-0455-02-000112.jpg,ACCEPT_WATER,0.907275390625,0.09062255859375,True,0,0,False
nw-1465-09-000041,nw,locked_test,data/external/dartis/raw/nw/nw-1465-09-000041.jpg,ACCEPT_WATER,0.978955078125,0.021044921875,True,0,0,False
nw-0320-01-000148,nw,train,data/external/dartis/raw/nw/nw-0320-01-000148.jpg,ACCEPT_WATER,0.9755419921875,0.0237158203125,True,0,0,False
nw-0637-03-000134,nw,train,data/external/dartis/raw/nw/nw-0637-03-000134.jpg,ACCEPT_WATER,0.98537841796875,0.01462158203125,True,0,0,False
nw-1063-06-000151,nw,train,data/external/dartis/raw/nw/nw-1063-06-000151.jpg,ACCEPT_WATER,0.97418701171875,0.02581298828125,True,0,0,False
nw-0120-00-000120,nw,train,data/external/dartis/raw/nw/nw-0120-00-000120.jpg,ACCEPT_WATER,0.97322509765625,0.02677490234375,True,0,0,False
nw-0609-03-000106,nw,train,data/external/dartis/raw/nw/nw-0609-03-000106.jpg,ACCEPT_WATER,0.853154296875,0.1451123046875,True,0,0,False
nw-1731-10-000139,nw,train,data/external/dartis/raw/nw/nw-1731-10-000139.jpg,UNCERTAIN_BLOCK,0.40247802734375,0.3379052734375,False,0,0,False
nw-1339-08-000090,nw,calibration,data/external/dartis/raw/nw/nw-1339-08-000090.jpg,UNCERTAIN_BLOCK,0.04650390625,0.0943896484375,False,0,0,False
nw-1394-08-000145,nw,train,data/external/dartis/raw/nw/nw-1394-08-000145.jpg,ACCEPT_WATER,0.73785400390625,0.09151123046875,True,0,0,False
nw-0876-05-000130,nw,train,data/external/dartis/raw/nw/nw-0876-05-000130.jpg,ACCEPT_WATER,0.95633056640625,0.04365234375,True,0,0,False
nw-1408-08-000159,nw,calibration,data/external/dartis/raw/nw/nw-1408-08-000159.jpg,UNCERTAIN_BLOCK,0.0440771484375,0.0873388671875,False,0,0,False
nw-0856-05-000110,nw,locked_test,data/external/dartis/raw/nw/nw-0856-05-000110.jpg,ACCEPT_WATER,0.98085693359375,0.01914306640625,True,0,0,False
nw-0293-01-000121,nw,train,data/external/dartis/raw/nw/nw-0293-01-000121.jpg,ACCEPT_WATER,0.97820556640625,0.02179443359375,True,0,0,False
nw-1282-08-000033,nw,train,data/external/dartis/raw/nw/nw-1282-08-000033.jpg,ACCEPT_WATER,0.14966552734375,0.21948974609375,True,7,7,True
nw-0387-02-000044,nw,train,data/external/dartis/raw/nw/nw-0387-02-000044.jpg,UNCERTAIN_BLOCK,0.00083984375,0.14785400390625,False,0,0,False
nw-0666-04-000001,nw,locked_test,data/external/dartis/raw/nw/nw-0666-04-000001.jpg,ACCEPT_WATER,0.98810302734375,0.01189697265625,True,0,0,False
nw-0674-04-000009,nw,train,data/external/dartis/raw/nw/nw-0674-04-000009.jpg,ACCEPT_WATER,0.85304931640625,0.1364208984375,True,9,9,True
nw-0960-06-000048,nw,train,data/external/dartis/raw/nw/nw-0960-06-000048.jpg,ACCEPT_WATER,0.98706298828125,0.01293701171875,True,0,0,False
nw-0843-05-000097,nw,locked_test,data/external/dartis/raw/nw/nw-0843-05-000097.jpg,ACCEPT_WATER,0.98483642578125,0.01516357421875,True,0,0,False
nw-0205-01-000033,nw,calibration,data/external/dartis/raw/nw/nw-0205-01-000033.jpg,ACCEPT_WATER,0.9816943359375,0.01830322265625,True,0,0,False
nw-1069-06-000157,nw,locked_test,data/external/dartis/raw/nw/nw-1069-06-000157.jpg,ACCEPT_WATER,0.80298583984375,0.177890625,True,0,0,False
nw-1280-08-000031,nw,calibration,data/external/dartis/raw/nw/nw-1280-08-000031.jpg,ACCEPT_WATER,0.794619140625,0.158505859375,True,1,1,True
nw-0729-04-000064,nw,train,data/external/dartis/raw/nw/nw-0729-04-000064.jpg,ACCEPT_WATER,0.9793310546875,0.0206689453125,True,0,0,False
nw-1924-11-000158,nw,train,data/external/dartis/raw/nw/nw-1924-11-000158.jpg,ACCEPT_WATER,0.9639453125,0.0360546875,True,3,3,True
nw-1413-08-000164,nw,train,data/external/dartis/raw/nw/nw-1413-08-000164.jpg,ACCEPT_WATER,0.92463134765625,0.07506103515625,True,0,0,False
nw-1837-11-000071,nw,train,data/external/dartis/raw/nw/nw-1837-11-000071.jpg,ACCEPT_WATER,0.96574951171875,0.03423583984375,True,0,0,False
nw-1767-11-000001,nw,train,data/external/dartis/raw/nw/nw-1767-11-000001.jpg,ACCEPT_WATER,0.94077880859375,0.05788330078125,True,0,0,False
nw-1067-06-000155,nw,train,data/external/dartis/raw/nw/nw-1067-06-000155.jpg,ACCEPT_WATER,0.97208984375,0.02791015625,True,0,0,False
nw-0298-01-000126,nw,train,data/external/dartis/raw/nw/nw-0298-01-000126.jpg,ACCEPT_WATER,0.98135986328125,0.01864013671875,True,0,0,False
nw-0722-04-000057,nw,train,data/external/dartis/raw/nw/nw-0722-04-000057.jpg,ACCEPT_WATER,0.96601806640625,0.0337158203125,True,5,5,True
nw-1310-08-000061,nw,locked_test,data/external/dartis/raw/nw/nw-1310-08-000061.jpg,ACCEPT_WATER,0.12735107421875,0.15257080078125,True,0,0,False
nw-0835-05-000089,nw,train,data/external/dartis/raw/nw/nw-0835-05-000089.jpg,ACCEPT_WATER,0.98456298828125,0.01543701171875,True,0,0,False
nw-1088-07-000010,nw,train,data/external/dartis/raw/nw/nw-1088-07-000010.jpg,ACCEPT_WATER,0.9737841796875,0.02516357421875,True,0,0,False
nw-1093-07-000015,nw,train,data/external/dartis/raw/nw/nw-1093-07-000015.jpg,ACCEPT_WATER,0.958642578125,0.041357421875,True,0,0,False
nw-1039-06-000127,nw,calibration,data/external/dartis/raw/nw/nw-1039-06-000127.jpg,ACCEPT_WATER,0.983857421875,0.016142578125,True,0,0,False
nw-0170-00-000170,nw,calibration,data/external/dartis/raw/nw/nw-0170-00-000170.jpg,UNCERTAIN_BLOCK,0.04890380859375,0.052197265625,False,0,0,False
nw-1635-10-000043,nw,train,data/external/dartis/raw/nw/nw-1635-10-000043.jpg,UNCERTAIN_BLOCK,0.1605029296875,0.2619775390625,False,0,0,False
nw-0775-05-000029,nw,locked_test,data/external/dartis/raw/nw/nw-0775-05-000029.jpg,ACCEPT_WATER,0.98731201171875,0.01268798828125,True,0,0,False
nw-1137-07-000059,nw,locked_test,data/external/dartis/raw/nw/nw-1137-07-000059.jpg,UNCERTAIN_BLOCK,0.01908203125,0.10010009765625,False,0,0,False
nw-1395-08-000146,nw,train,data/external/dartis/raw/nw/nw-1395-08-000146.jpg,UNCERTAIN_BLOCK,0.04220458984375,0.088349609375,False,0,0,False
nw-1139-07-000061,nw,train,data/external/dartis/raw/nw/nw-1139-07-000061.jpg,ACCEPT_WATER,0.069775390625,0.186357421875,True,0,0,False
nw-0808-05-000062,nw,train,data/external/dartis/raw/nw/nw-0808-05-000062.jpg,ACCEPT_WATER,0.98388916015625,0.01587158203125,True,0,0,False
nw-1776-11-000010,nw,train,data/external/dartis/raw/nw/nw-1776-11-000010.jpg,ACCEPT_WATER,0.96211669921875,0.037880859375,True,4,4,True
nw-1737-10-000145,nw,calibration,data/external/dartis/raw/nw/nw-1737-10-000145.jpg,ACCEPT_WATER,0.286845703125,0.1047998046875,True,0,0,False
nw-0681-04-000016,nw,train,data/external/dartis/raw/nw/nw-0681-04-000016.jpg,ACCEPT_WATER,0.97252197265625,0.02747802734375,True,0,0,False
nw-1242-07-000164,nw,train,data/external/dartis/raw/nw/nw-1242-07-000164.jpg,UNCERTAIN_BLOCK,0.02240234375,0.11435302734375,False,0,0,False
nw-0845-05-000099,nw,train,data/external/dartis/raw/nw/nw-0845-05-000099.jpg,ACCEPT_WATER,0.97958984375,0.02041015625,True,0,0,False
nw-0012-00-000012,nw,calibration,data/external/dartis/raw/nw/nw-0012-00-000012.jpg,ACCEPT_WATER,0.13940185546875,0.18303466796875,True,0,0,False
nw-1249-07-000171,nw,calibration,data/external/dartis/raw/nw/nw-1249-07-000171.jpg,ACCEPT_WATER,0.9548095703125,0.04509033203125,True,1,1,True
nw-1348-08-000099,nw,train,data/external/dartis/raw/nw/nw-1348-08-000099.jpg,ACCEPT_WATER,0.942080078125,0.057841796875,True,0,0,False
nw-1661-10-000069,nw,train,data/external/dartis/raw/nw/nw-1661-10-000069.jpg,UNCERTAIN_BLOCK,0.0391064453125,0.21853271484375,False,0,0,False
nw-0823-05-000077,nw,train,data/external/dartis/raw/nw/nw-0823-05-000077.jpg,UNCERTAIN_BLOCK,0.5264599609375,0.30936767578125,False,0,0,False
nw-1198-07-000120,nw,train,data/external/dartis/raw/nw/nw-1198-07-000120.jpg,ACCEPT_WATER,0.96722900390625,0.031982421875,True,0,0,False
nw-0006-00-000006,nw,train,data/external/dartis/raw/nw/nw-0006-00-000006.jpg,ACCEPT_WATER,0.91915283203125,0.07980224609375,True,1,1,True
nw-0104-00-000104,nw,train,data/external/dartis/raw/nw/nw-0104-00-000104.jpg,ACCEPT_WATER,0.06458251953125,0.05177490234375,True,0,0,False
nw-0518-03-000015,nw,train,data/external/dartis/raw/nw/nw-0518-03-000015.jpg,ACCEPT_WATER,0.8981396484375,0.0902099609375,True,0,0,False
nw-1618-10-000026,nw,locked_test,data/external/dartis/raw/nw/nw-1618-10-000026.jpg,UNCERTAIN_BLOCK,0.2388134765625,0.30752197265625,False,0,0,False
nw-0236-01-000064,nw,train,data/external/dartis/raw/nw/nw-0236-01-000064.jpg,ACCEPT_WATER,0.96914306640625,0.0308349609375,True,0,0,False
nw-0219-01-000047,nw,train,data/external/dartis/raw/nw/nw-0219-01-000047.jpg,ACCEPT_WATER,0.9351953125,0.06423828125,True,0,0,False
nw-0978-06-000066,nw,train,data/external/dartis/raw/nw/nw-0978-06-000066.jpg,ACCEPT_WATER,0.9846484375,0.0153515625,True,0,0,False
nw-0472-02-000129,nw,locked_test,data/external/dartis/raw/nw/nw-0472-02-000129.jpg,ACCEPT_WATER,0.97863037109375,0.02136962890625,True,0,0,False
nw-0481-02-000138,nw,locked_test,data/external/dartis/raw/nw/nw-0481-02-000138.jpg,UNCERTAIN_BLOCK,0.18911376953125,0.25634521484375,False,0,0,False
nw-1274-08-000025,nw,calibration,data/external/dartis/raw/nw/nw-1274-08-000025.jpg,ACCEPT_WATER,0.5622607421875,0.23688720703125,True,0,0,False
nw-1160-07-000082,nw,train,data/external/dartis/raw/nw/nw-1160-07-000082.jpg,UNCERTAIN_BLOCK,0.4696923828125,0.4551953125,False,0,0,False
nw-0161-00-000161,nw,train,data/external/dartis/raw/nw/nw-0161-00-000161.jpg,ACCEPT_WATER,0.103828125,0.13876708984375,True,0,0,False
nw-0587-03-000084,nw,train,data/external/dartis/raw/nw/nw-0587-03-000084.jpg,UNCERTAIN_BLOCK,0.41151611328125,0.3907568359375,False,0,0,False
nw-1145-07-000067,nw,locked_test,data/external/dartis/raw/nw/nw-1145-07-000067.jpg,ACCEPT_WATER,0.2202783203125,0.16034423828125,True,0,0,False
nw-1521-09-000097,nw,train,data/external/dartis/raw/nw/nw-1521-09-000097.jpg,ACCEPT_WATER,0.97348876953125,0.02647216796875,True,0,0,False
nw-0576-03-000073,nw,train,data/external/dartis/raw/nw/nw-0576-03-000073.jpg,UNCERTAIN_BLOCK,0.321083984375,0.58905029296875,False,0,0,False
nw-1376-08-000127,nw,train,data/external/dartis/raw/nw/nw-1376-08-000127.jpg,ACCEPT_WATER,0.96376708984375,0.03607177734375,True,0,0,False
nw-0416-02-000073,nw,calibration,data/external/dartis/raw/nw/nw-0416-02-000073.jpg,UNCERTAIN_BLOCK,0.0333251953125,0.12528076171875,False,0,0,False
nw-0662-03-000159,nw,locked_test,data/external/dartis/raw/nw/nw-0662-03-000159.jpg,ACCEPT_WATER,0.86553955078125,0.11576904296875,True,0,0,False
nw-0893-05-000147,nw,train,data/external/dartis/raw/nw/nw-0893-05-000147.jpg,ACCEPT_WATER,0.97961669921875,0.02038330078125,True,0,0,False
nw-0860-05-000114,nw,locked_test,data/external/dartis/raw/nw/nw-0860-05-000114.jpg,ACCEPT_WATER,0.9791796875,0.0208203125,True,0,0,False
nw-0693-04-000028,nw,train,data/external/dartis/raw/nw/nw-0693-04-000028.jpg,ACCEPT_WATER,0.97416748046875,0.0184716796875,True,0,0,False
