sample_id,group,image_path,image_sha256,water_decision,safe_water_fraction,uncertain_fraction,oil_analysis_executed,candidate_count,accepted_candidate_count,scene_false_alarm,status,error
nc:nc-0038-00-000038,nc,data/external/dartis/raw/nc/nc-0038-00-000038.jpg,d9f05d86bdf70c8de602eb45dd17996e8401bff67f9bfb3452e55f99b4f54e59,UNCERTAIN_BLOCK,0.01442138671875,0.05322021484375,False,0,0,False,OK,
nc:nc-0140-01-000064,nc,data/external/dartis/raw/nc/nc-0140-01-000064.jpg,1dc7b8e210ae86f598ec7670ff5c7600b5c1942772814003f043b83a331d70a9,ACCEPT_WATER,0.40233154296875,0.16221923828125,True,3,3,True,OK,
nc:nc-0140-01-000064,nc,data/annotation/v06_dartis_water_targeted_hard_batch/images/nc__nc-0140-01-000064.png,429ae64dde9b32f25715cbb6c7ba043c5e7c8da50c6fcba5153fa433e5ce9b9c,ACCEPT_WATER,0.4748497009277344,0.09210205078125,True,4,4,True,OK,
nc:nc-0228-02-000068,nc,data/annotation/v06_dartis_water_targeted_hard_batch/images/nc__nc-0228-02-000068.png,775833876b3c2367de780761365f97caede169bcad73b8e996abb2dd0bac9a26,ACCEPT_WATER,0.059467315673828125,0.23924636840820312,True,2,2,True,OK,
nc:nc-0038-00-000038,nc,data/annotation/v06_dartis_water_targeted_hard_batch/images/nc__nc-0038-00-000038.png,e8fd626ecf2e42507fb20f5daf46ab5ba81c016e2ddbc67cf7e6993b1cfe2665,UNCERTAIN_BLOCK,0.007076263427734375,0.0592041015625,False,0,0,False,OK,
nc:nc-0038-00-000038,nc,data/external/dartis/cache/nc-0038-00-000038.jpg,d9f05d86bdf70c8de602eb45dd17996e8401bff67f9bfb3452e55f99b4f54e59,UNCERTAIN_BLOCK,0.01442138671875,0.05322021484375,False,0,0,False,OK,
nc:nc-0140-01-000064,nc,data/external/dartis/cache/nc-0140-01-000064.jpg,1dc7b8e210ae86f598ec7670ff5c7600b5c1942772814003f043b83a331d70a9,ACCEPT_WATER,0.40233154296875,0.16221923828125,True,3,3,True,OK,
nc:nc-0228-02-000068,nc,data/external/dartis/cache/nc-0228-02-000068.jpg,c16ba65e1936f1fefe4e79e71c35c007c4ff6c8a2f7dbbe73fae4954b6642885,UNCERTAIN_BLOCK,0.0316552734375,0.21473876953125,False,0,0,False,OK,
nc:nc-0038-00-000038,nc,data/derived/v06_water_masks_homography/safe_water/nc/nc-0038-00-000038.png,2e49f52f0aee55bcc56f9a9cb0731648b09c22eda56ac7b628942e90fb64c131,ACCEPT_WATER,0.92454345703125,0.00980224609375,True,1,1,True,OK,
nc:nc-0140-01-000064,nc,data/derived/v06_water_masks_homography/safe_water/nc/nc-0140-01-000064.png,0808a31fb8362ce0385d06500a109d52626bc1f4cdf9e8ae320f9f41bdd32bb6,ACCEPT_WATER,0.38079345703125,0.01498291015625,True,1,1,True,OK,
nc:nc-0228-02-000068,nc,data/derived/v06_water_masks_homography/safe_water/nc/nc-0228-02-000068.png,a0527c9c8f30bde46b410604eda6f7ac377f9c9d93fba3d30ff457eac918b99c,ACCEPT_WATER,0.75770263671875,0.04198486328125,True,2,2,True,OK,
nc:nc-0038-00-000038,nc,data/derived/v06_water_masks_homography/land/nc/nc-0038-00-000038.png,80b47af5a6daef1d51e359b236f4c3f67e4c1cc360285846c7d0377cfdcb2774,UNCERTAIN_BLOCK,0.0022216796875,0.06481689453125,False,0,0,False,OK,
nc:nc-0140-01-000064,nc,data/derived/v06_water_masks_homography/land/nc/nc-0140-01-000064.png,f81ff9881601925ccf09c7f22552c0cc51754fbbff7c6ffc67586bb0610da647,ACCEPT_WATER,0.52486572265625,0.0855224609375,True,1,1,True,OK,
nc:nc-0228-02-000068,nc,data/derived/v06_water_masks_homography/land/nc/nc-0228-02-000068.png,30faec568d61be32bb28350ef34bb8831f31c94b87574f5b531fd41870432124,UNCERTAIN_BLOCK,0.046611328125,0.16956787109375,False,0,0,False,OK,
nc:nc-0038-00-000038,nc,data/derived/v06_water_masks/safe_water/nc/nc-0038-00-000038.png,3eded6980157a1d7c9787956f88ec0c53b942759473f6fcc21b88e00d43b9891,ACCEPT_WATER,0.92512451171875,0.00978759765625,True,1,1,True,OK,
nc:nc-0140-01-000064,nc,data/derived/v06_water_masks/safe_water/nc/nc-0140-01-000064.png,7e5bcbcc33a10b44046c1c002750e6093863143b7c01883ddeabbc52bf87cee1,ACCEPT_WATER,0.3807080078125,0.0149658203125,True,1,1,True,OK,
nc:nc-0228-02-000068,nc,data/derived/v06_water_masks/safe_water/nc/nc-0228-02-000068.png,3a6e26969f833ae4c3137d59ed3f20d3d6914ac689c7e1ebdf77c677ef6b11eb,ACCEPT_WATER,0.75776611328125,0.04188720703125,True,2,2,True,OK,
nc:nc-0038-00-000038,nc,data/derived/v06_water_masks/land/nc/nc-0038-00-000038.png,1b73bb78e541155bcbdd9094265c8d2fbbb2a3d1d23ca086f2d582289ca6e372,UNCERTAIN_BLOCK,0.00171875,0.0643603515625,False,0,0,False,OK,
nc:nc-0140-01-000064,nc,data/derived/v06_water_masks/land/nc/nc-0140-01-000064.png,e77ca33b7ba7f52103c111f5a706e4ca2c98f42822d306cbfdc5668aa7c37aff,ACCEPT_WATER,0.52533935546875,0.0852294921875,True,1,1,True,OK,
nc:nc-0228-02-000068,nc,data/derived/v06_water_masks/land/nc/nc-0228-02-000068.png,bb117b73d6c0feabf39454703086c5b2ea4167b8252092465cbae4aeee504774,UNCERTAIN_BLOCK,0.005556640625,0.2092578125,False,0,0,False,OK,
nc:nc-0087-01-000011,nc,data/external/dartis/cache/nc-0087-01-000011.jpg,b9cbd579547b823e1682c71f94f81a98956abc6dcd499424128c1129b89cca1f,ACCEPT_WATER,0.5736279296875,0.0873681640625,True,0,0,False,OK,
nc:nc-0018-00-000018,nc,data/external/dartis/raw/nc/nc-0018-00-000018.jpg,86d72e249e97c5708de4530d1f99246a59d4f662350a8fc2502aed1634ec4cd5,ACCEPT_WATER,0.399130859375,0.044072265625,True,2,2,True,OK,
03f5a02fe951bee7ac468078,nc,data/external/dartis/raw/nc/nc-0143-01-000067.jpg,238230d05050351c2655b519939bf5b132b8240eba36b14a672b1be2cbef2208,ACCEPT_WATER,0.7736474609375,0.025068359375,True,7,7,True,OK,
nc:nc-0014-00-000014,nc,data/derived/v06_water_masks/land/nc/nc-0014-00-000014.png,fa6ff6ef4ec4fd2068d78ce2c8fa07364459a2c09b701ff1c0eccc90d070053a,ACCEPT_WATER,0.30801025390625,0.02003173828125,True,2,2,True,OK,
nc:nc-0227-02-000067,nc,data/derived/v06_water_masks_homography/safe_water/nc/nc-0227-02-000067.png,864291844c9a29c01d8e74ffe69b2a10edf7afb08690dcc100a31a0853f979b8,ACCEPT_WATER,0.77295654296875,0.02500732421875,True,1,1,True,OK,
nc:nc-0087-01-000011__hard_01__x112_y336,nc,data/external/dartis/processed/verifier_negative/train/nc/hard/nc-0087-01-000011__hard_01__x112_y336.png,26b15eed70523a5324208d3dbe0f49387b9ed9e73a55a1f1bb5ef98ced011902,ACCEPT_WATER,0.5581353635204082,0.032146843112244895,True,0,0,False,OK,
nc:nc-0332-04-000053,nc,data/external/dartis/cache/nc-0332-04-000053.jpg,05b44660fc0ad3ecd3be1e225c820d1230f0192b9a9fbc2664e0414331562206,ACCEPT_WATER,0.68733154296875,0.0419580078125,True,9,9,True,OK,
nc:nc-0100-01-000024,nc,data/external/dartis/cache/nc-0100-01-000024.jpg,78e6f58811fb107d595f063b13dfe87d7e4141eb8787c44300f05c8aa3a2599a,UNCERTAIN_BLOCK,0.31294189453125,0.4509423828125,False,0,0,False,OK,
nc:nc-0107-01-000031,nc,data/derived/v06_water_masks_homography/land/nc/nc-0107-01-000031.png,90de86f16d9f02bf7f385526faadadcd94e836949396fe5b026f0719197f9fbc,ACCEPT_WATER,0.40350830078125,0.01358642578125,True,1,1,True,OK,
nc:nc-0278-03-000043,nc,data/derived/v06_water_masks_homography/land/nc/nc-0278-03-000043.png,ba3d178c658dc89192b9ed29f836b445a654b41c3eac2c87bf23c0dadd00d44b,ACCEPT_WATER,0.10755859375,0.02402099609375,True,2,2,True,OK,
nc:nc-0132-01-000056__easy_01__x0_y224,nc,data/external/dartis/processed/verifier_negative/validation/nc/easy/nc-0132-01-000056__easy_01__x0_y224.png,1286d84e6a878f02c1d4df3ade9f759182c1979fe6774aab8646e256d12fdce6,ACCEPT_WATER,0.08687420280612244,0.2156608737244898,True,1,1,True,OK,
nc:nc-0104-01-000028,nc,data/derived/v06_water_masks/safe_water/nc/nc-0104-01-000028.png,f50903827899d3a4c1716ec43bdbd1f5a2a121bbdd72e6faf36c797de92ad714,ACCEPT_WATER,0.23822265625,0.0238916015625,True,2,2,True,OK,
nc:nc-0263-03-000028,nc,data/external/dartis/cache/nc-0263-03-000028.jpg,9a35f1924795cd41e0361e599955cb0baa664b9efd4bca87cb3e1d6dc1b8a2c8,ACCEPT_WATER,0.2384423828125,0.14184814453125,True,0,0,False,OK,
nc:nc-0244-03-000009,nc,data/external/dartis/cache/nc-0244-03-000009.jpg,189267fcc6076fcca4b08af2c32a8dbb78f361a363b6b5b84c95013d7fcf1a0e,UNCERTAIN_BLOCK,0.01033447265625,0.2781201171875,False,0,0,False,OK,
nc:nc-0298-04-000019__hard_02__x112_y416,nc,data/external/dartis/processed/verifier_negative/train/nc/hard/nc-0298-04-000019__hard_02__x112_y416.png,ddb3730a022df1de68d73fbf3e61d6d3b0a0650baf27d561c814462c59757dcd,ACCEPT_WATER,0.24348294005102042,0.22540656887755103,True,2,2,True,OK,
nc:nc-0150-01-000074__hard_01__x416_y416,nc,data/external/dartis/processed/verifier_negative/train/nc/hard/nc-0150-01-000074__hard_01__x416_y416.png,c93267f9438e54017416b05e31843d908b92ede819344fd5385ed08b8dd2f95b,ACCEPT_WATER,0.9623325892857143,0.03766741071428571,True,2,1,True,OK,
nc:nc-0105-01-000029__hard_01__x224_y416,nc,data/external/dartis/processed/verifier_negative/train/nc/hard/nc-0105-01-000029__hard_01__x224_y416.png,769aa15e6afa3861aa17b3e0fedc2416b338120c9d225e03c9080880bec11bcf,ACCEPT_WATER,0.6457669005102041,0.022979113520408163,True,3,3,True,OK,
nc:nc-0248-03-000013__hard_02__x112_y336,nc,data/external/dartis/processed/verifier_negative/validation/nc/hard/nc-0248-03-000013__hard_02__x112_y336.png,9d39ffb172cf80e10bca94873bd9763ae12ef2e9bebdb28858dfc61228093956,ACCEPT_WATER,0.5690170599489796,0.1651985012755102,True,3,3,True,OK,
nc:nc-0347-04-000068,nc,data/derived/v06_water_masks_homography/safe_water/nc/nc-0347-04-000068.png,23dcad6112c2c3e890c46e8ee7c90dc89c4c30aa1cb62ec991514df7f8311795,ACCEPT_WATER,0.8021875,0.02482421875,True,1,1,True,OK,
nc:nc-0286-04-000007,nc,data/external/dartis/raw/nc/nc-0286-04-000007.jpg,e364832d59fad6b7091eb09cdb5ccaf78f01edaff1c9d908d989bbf101af94f4,ACCEPT_WATER,0.89118408203125,0.09043212890625,True,4,4,True,OK,
nc:nc-0256-03-000021,nc,data/derived/v06_water_masks_homography/safe_water/nc/nc-0256-03-000021.png,37e5925620116200e08a6a56755a7cc4be606da67c802ce579b8a22bcf9b7bbe,ACCEPT_WATER,0.7544677734375,0.0251904296875,True,1,1,True,OK,
nc:nc-0326-04-000047,nc,data/external/dartis/cache/nc-0326-04-000047.jpg,15cc26afe9d83e96fbbc08fa57521a26acf459c06644514a1f88357f72486e9d,ACCEPT_WATER,0.73270751953125,0.14881591796875,True,2,2,True,OK,
nc:nc-0106-01-000030,nc,data/derived/v06_water_masks/safe_water/nc/nc-0106-01-000030.png,e48786d32708c43dc16c352c34175dd92149db94d53a5dd6ad88a6dcdc3b4296,UNCERTAIN_BLOCK,0.0,0.01839111328125,False,0,0,False,OK,
nc:nc-0013-00-000013,nc,data/external/dartis/raw/nc/nc-0013-00-000013.jpg,9b68ccf0f447ebc0b26f9dd2b5db26546880221d61926849cea515384d8ed4d5,ACCEPT_WATER,0.51729248046875,0.03378662109375,True,5,3,True,OK,
nc:nc-0273-03-000038__hard_01__x416_y0,nc,data/external/dartis/processed/verifier_negative/train/nc/hard/nc-0273-03-000038__hard_01__x416_y0.png,9aeac2fc901edaa4b64e960b8c3af469172b1788d88a0c1ecf27b946cd6158b5,ACCEPT_WATER,0.7313855229591837,0.027064732142857144,True,4,3,True,OK,
nc:nc-0157-01-000081,nc,data/derived/v06_water_masks_homography/land/nc/nc-0157-01-000081.png,075f6a05028e7f508ab1232d63e7146cc541c65935623faa798b1b1f6af0579a,ACCEPT_WATER,0.3113232421875,0.019541015625,True,2,2,True,OK,
nc:nc-0207-02-000047__hard_01__x0_y416,nc,data/external/dartis/processed/verifier_negative/validation/nc/hard/nc-0207-02-000047__hard_01__x0_y416.png,af53e8485a032dc3fc8240a5fc4df11d9a38883a910e2c9aecf268bbb0cc04c7,ACCEPT_WATER,0.3444674744897959,0.1015625,True,0,0,False,OK,
nc:nc-0001-00-000001__easy_01__x416_y0,nc,data/external/dartis/processed/verifier_negative/train/nc/easy/nc-0001-00-000001__easy_01__x416_y0.png,60b4a7cc1055cc15a0c18dc51f5e923ffe0088464291165c711fcf8b38f17041,ACCEPT_WATER,0.9505141900510204,0.049485809948979595,True,0,0,False,OK,
nc:nc-0340-04-000061,nc,data/derived/v06_water_masks_homography/land/nc/nc-0340-04-000061.png,11f5bf3423c6e88a955b6f6f9f9b8a11453ae3657c2c462156c4fe67198ea01a,ACCEPT_WATER,0.32649658203125,0.01569091796875,True,1,1,True,OK,
nc:nc-0294-04-000015,nc,data/derived/v06_water_masks/land/nc/nc-0294-04-000015.png,d527feae65f53d5b27ae3f31c4aa279153069f7dd9cfaea89642d8405057a9e9,ACCEPT_WATER,0.78576904296875,0.02532958984375,True,1,1,True,OK,
nc:nc-0027-00-000027,nc,data/external/dartis/raw/nc/nc-0027-00-000027.jpg,3a337ced3e9fe7bda4ebff1c9422d3459a75122705d280334933b0bb74f3c964,ACCEPT_WATER,0.9379296875,0.04782958984375,True,2,2,True,OK,
nc:nc-0183-02-000023,nc,data/derived/v06_water_masks/land/nc/nc-0183-02-000023.png,5e63208821a4a46b2589dbcb85b6631e4838b8800d63ec24a612a5a807a55e04,ACCEPT_WATER,0.222919921875,0.03422119140625,True,1,1,True,OK,
nc:nc-0083-01-000007,nc,data/external/dartis/cache/nc-0083-01-000007.jpg,6d6f4c976fa91844c1f82518a1c31447dfd43f95d11cbc157da46e2f39cdad1c,ACCEPT_WATER,0.87675537109375,0.01270751953125,True,5,5,True,OK,
nc:nc-0071-00-000071__hard_02__x112_y336,nc,data/external/dartis/processed/verifier_negative/train/nc/hard/nc-0071-00-000071__hard_02__x112_y336.png,974bf24ffd7041d3abc42b7ae51edac4daa29194f7353999736beee77972dd6e,UNCERTAIN_BLOCK,0.3156887755102041,0.35580755739795916,False,0,0,False,OK,
nc:nc-0099-01-000023,nc,data/derived/v06_water_masks/safe_water/nc/nc-0099-01-000023.png,2f49f1a569e19f3631338c85ee63325b60ae5c53ab20a78ef83551d0a72e49f4,ACCEPT_WATER,0.81039794921875,0.02500244140625,True,1,1,True,OK,
nc:nc-0099-01-000023__hard_02__x0_y0,nc,data/external/dartis/processed/verifier_negative/train/nc/hard/nc-0099-01-000023__hard_02__x0_y0.png,5117f518f6821c01d62c1a2dfbd64f6d99bc3b72b170826841ffbee3ec177267,ACCEPT_WATER,0.43777901785714285,0.10925542091836735,True,6,6,True,OK,
nc:nc-0345-04-000066,nc,data/external/dartis/cache/nc-0345-04-000066.jpg,7752ae16c752db64bdc6f55f8e9f97e6cb6b83a8beb81fd01f4ae25a226be8c9,UNCERTAIN_BLOCK,0.152685546875,0.5175634765625,False,0,0,False,OK,
nc:nc-0087-01-000011,nc,data/derived/v06_water_masks/land/nc/nc-0087-01-000011.png,fc31e73dcc65e5a4c732d63e7f9b5a48a0d4445de5b5b8432543728a3213b797,ACCEPT_WATER,0.81396484375,0.024921875,True,1,1,True,OK,
nc:nc-0202-02-000042__hard_02__x0_y0,nc,data/external/dartis/processed/verifier_negative/train/nc/hard/nc-0202-02-000042__hard_02__x0_y0.png,7f9f4084e83082e9a26e2a209dfa62d4be7efa8dfaf987756ab6c147e4e9046b,ACCEPT_WATER,0.9774194834183674,0.022580516581632654,True,0,0,False,OK,
nc:nc-0072-00-000072,nc,data/derived/v06_water_masks_homography/land/nc/nc-0072-00-000072.png,333734d89fa33670d1f77c85af35d16d7b493c3474fb99ef59e78e5dd3017bdb,ACCEPT_WATER,0.35257568359375,0.0127978515625,True,1,1,True,OK,
nc:nc-0283-04-000004__easy_01__x416_y0,nc,data/external/dartis/processed/verifier_negative/train/nc/easy/nc-0283-04-000004__easy_01__x416_y0.png,c71bd98b5725d4ea652d59fd68921289d7f2840092373581583afcbe7266b04e,UNCERTAIN_BLOCK,0.03260522959183673,0.12165178571428571,False,0,0,False,OK,
nc:nc-0172-02-000012,nc,data/external/dartis/cache/nc-0172-02-000012.jpg,2b6385bc4a034a5185703456abc947f0728ae5d58a48db1f38419cd18a74a8a7,UNCERTAIN_BLOCK,0.1808837890625,0.4899267578125,False,0,0,False,OK,
nc:nc-0069-00-000069,nc,data/derived/v06_water_masks_homography/land/nc/nc-0069-00-000069.png,9c1f5ad2f1a420022aaf6c31d99aad4fec3eea5d1c89b6294a1967cb0b12d4ed,ACCEPT_WATER,0.47889404296875,0.03594482421875,True,1,1,True,OK,
nc:nc-0183-02-000023__easy_01__x112_y416,nc,data/external/dartis/processed/verifier_negative/train/nc/easy/nc-0183-02-000023__easy_01__x112_y416.png,e4de0c6578f8d6175c4e046bcc696038e1ca3aed0b516182cb2fc0d951c4c0b5,UNCERTAIN_BLOCK,0.03659119897959184,0.0758529974489796,False,0,0,False,OK,
nc:nc-0055-00-000055__easy_01__x224_y224,nc,data/external/dartis/processed/verifier_negative/train/nc/easy/nc-0055-00-000055__easy_01__x224_y224.png,5647d00188d2fb6594ab779d6403f8bede4dad4bbbdcd5d9f3b53ad5ea2625cc,ACCEPT_WATER,0.9292889030612245,0.04713408801020408,True,0,0,False,OK,
nc:nc-0319-04-000040,nc,data/external/dartis/raw/nc/nc-0319-04-000040.jpg,4ea7de4c3b4aab68785a54456e20269ea6388da258d453ec2ef9d5b4732b04e5,ACCEPT_WATER,0.39893798828125,0.15345703125,True,0,0,False,OK,
nc:nc-0200-02-000040,nc,data/derived/v06_water_masks_homography/safe_water/nc/nc-0200-02-000040.png,6fbf6b627b5b2612f037843bd50551887520a6d612d7ee72cf59b59d517fcbed,ACCEPT_WATER,0.423408203125,0.0188818359375,True,1,1,True,OK,
nc:nc-0012-00-000012,nc,data/derived/v06_water_masks/safe_water/nc/nc-0012-00-000012.png,89b8bd3202330a5da875ccb2136caafa37cce6bec0d643923ab6c66579c831c3,UNCERTAIN_BLOCK,0.0361767578125,0.06520751953125,False,0,0,False,OK,
nc:nc-0083-01-000007__hard_01__x112_y0,nc,data/external/dartis/processed/verifier_negative/train/nc/hard/nc-0083-01-000007__hard_01__x112_y0.png,8fb9ed96e81af7ac70a28ca8d52ab481fd4b288edaf9f2453eae48b96f8dcc74,ACCEPT_WATER,0.7062340561224489,0.041135204081632654,True,2,1,True,OK,
nc:nc-0234-02-000074,nc,data/derived/v06_water_masks_homography/land/nc/nc-0234-02-000074.png,60b5a0f7e924b9de0c2a1a74c868516da4e8efadb03d9620ea1f03ebdf9199b2,ACCEPT_WATER,0.35883544921875,0.01036865234375,True,1,1,True,OK,
nc:nc-0124-01-000048,nc,data/derived/v06_water_masks_homography/land/nc/nc-0124-01-000048.png,87fffec1983507d384bfa42f629ab7e02c58d103ea7349b4506578d1e94ec368,ACCEPT_WATER,0.42424072265625,0.01872314453125,True,1,1,True,OK,
nc:nc-0280-04-000001,nc,data/external/dartis/cache/nc-0280-04-000001.jpg,63c046e6d09ee9e6d3587c691f0812252074a5b30858ad77fcc3c16f8b05b2a6,ACCEPT_WATER,0.52416259765625,0.0731005859375,True,5,5,True,OK,
nc:nc-0265-03-000030,nc,data/external/dartis/cache/nc-0265-03-000030.jpg,fb7601e9b8696a6c250a5206f46e5c379fd4149a5c37046e9d5afd50ac5f8bb6,UNCERTAIN_BLOCK,0.00014404296875,0.18739501953125,False,0,0,False,OK,
nc:nc-0231-02-000071,nc,data/derived/v06_water_masks/land/nc/nc-0231-02-000071.png,c3c31d137d5a3efb60c2d24b5192be7c437c098a3c11cc61b4d83c5747b66976,ACCEPT_WATER,0.9268017578125,0.0134033203125,True,1,1,True,OK,
nc:nc-0178-02-000018,nc,data/external/dartis/cache/nc-0178-02-000018.jpg,38ba164183a81dd7a6d5daf1edd8a6d673e545c2ef1499a2351c1ac40262ce4b,ACCEPT_WATER,0.6167138671875,0.018046875,True,5,5,True,OK,
nc:nc-0115-01-000039,nc,data/external/dartis/cache/nc-0115-01-000039.jpg,0413eae0c2d43d00d0f43237ea780858e7160dcf77f739cd4ee06e6a52625ab1,UNCERTAIN_BLOCK,0.19958251953125,0.37377197265625,False,0,0,False,OK,
nc:nc-0251-03-000016,nc,data/external/dartis/cache/nc-0251-03-000016.jpg,1d4e2b383ec0f80635f2a4f3e729ce43f0ee2e5128c803b2852b12922b4fa529,ACCEPT_WATER,0.56949462890625,0.02099609375,True,9,9,True,OK,
nc:nc-0102-01-000026,nc,data/external/dartis/cache/nc-0102-01-000026.jpg,3efa8ffdefcad7ab5407a2318d407351038ce9dbd51fcaf96382756d761f267f,ACCEPT_WATER,0.7701953125,0.05538818359375,True,9,9,True,OK,
nc:nc-0290-04-000011,nc,data/derived/v06_water_masks_homography/land/nc/nc-0290-04-000011.png,74f23364c7539097ec89ddcbd8626dff475961dab39ee5d5c00da0faf5d7ea9d,ACCEPT_WATER,0.74774658203125,0.02616455078125,True,1,1,True,OK,
nc:nc-0282-04-000003__hard_01__x336_y224,nc,data/external/dartis/processed/verifier_negative/validation/nc/hard/nc-0282-04-000003__hard_01__x336_y224.png,5ac5d868c0412733752b72a7234eb740df26ec545059f7c3829b1a3fbeb1a4eb,ACCEPT_WATER,0.4644052933673469,0.09713807397959184,True,9,9,True,OK,
nc:nc-0113-01-000037__easy_01__x224_y416,nc,data/external/dartis/processed/verifier_negative/train/nc/easy/nc-0113-01-000037__easy_01__x224_y416.png,d67792468505d613f585ecc2b26d3b4febdaffbd2a7326504f98fd141f5f6b84,ACCEPT_WATER,0.9773397640306123,0.022660235969387755,True,0,0,False,OK,
nc:nc-0195-02-000035__hard_01__x336_y0,nc,data/external/dartis/processed/verifier_negative/validation/nc/hard/nc-0195-02-000035__hard_01__x336_y0.png,d0d41538dd471220c5d7edbdb9bce85e756267f7970dcde544e2f44cd9adf652,ACCEPT_WATER,0.5925143494897959,0.031010841836734693,True,4,4,True,OK,
nc:nc-0152-01-000076,nc,data/derived/v06_water_masks/land/nc/nc-0152-01-000076.png,39c96b2b8c9409fb08ed7c482eb5eacfc0b2044a5f02b34e7f4e3644987f66e7,ACCEPT_WATER,0.67209228515625,0.02968017578125,True,1,1,True,OK,
nc:nc-0326-04-000047,nc,data/derived/v06_water_masks/safe_water/nc/nc-0326-04-000047.png,d9a46cc5f1d69fe16169c41ee1b51c8a3feaca9194661410c1d0ba6181a531a5,ACCEPT_WATER,0.0854443359375,0.067060546875,True,3,3,True,OK,
nc:nc-0257-03-000022__hard_01__x336_y416,nc,data/external/dartis/processed/verifier_negative/validation/nc/hard/nc-0257-03-000022__hard_01__x336_y416.png,f06efc19b60b619b4c6984cf424120a6ca58ab474c55c46e24c55a2aeea4fb8f,ACCEPT_WATER,0.0664859693877551,0.05428890306122449,True,1,1,True,OK,
nc:nc-0211-02-000051,nc,data/derived/v06_water_masks_homography/land/nc/nc-0211-02-000051.png,f18318014ef1acd345a1bc19b69ee7506a18e7ef70a50e42fea04fd5d175d949,ACCEPT_WATER,0.80622314453125,0.024736328125,True,1,1,True,OK,
nc:nc-0230-02-000070,nc,data/external/dartis/cache/nc-0230-02-000070.jpg,d2d0c482524e9451332d1efc262f0f05e210a5aef4ce90a5e50177700a1214b5,UNCERTAIN_BLOCK,0.00406005859375,0.167158203125,False,0,0,False,OK,
nc:nc-0168-02-000008,nc,data/external/dartis/cache/nc-0168-02-000008.jpg,0a4a081fc7e2127aa73c6c6185a934800e7d93ddb0610a1557a5cacb0a058e9b,ACCEPT_WATER,0.9837890625,0.0162109375,True,0,0,False,OK,
nc:nc-0145-01-000069,nc,data/derived/v06_water_masks_homography/safe_water/nc/nc-0145-01-000069.png,dceb669cf00a449efe1332f9f2c678d455808e2239b3a47e57ca2a0c013a640c,UNCERTAIN_BLOCK,0.01162109375,0.06269775390625,False,0,0,False,OK,
nc:nc-0150-01-000074,nc,data/derived/v06_water_masks/land/nc/nc-0150-01-000074.png,00cdbafcbdce4bd882eb2462328b12d8f90f90615dccaee32fedda81664e6191,ACCEPT_WATER,0.59068603515625,0.05655029296875,True,1,1,True,OK,
nc:nc-0314-04-000035,nc,data/derived/v06_water_masks/land/nc/nc-0314-04-000035.png,4da758b910b73d894b39988aebca8766b0e91bbc5f4e98a623a67551b2d0affe,ACCEPT_WATER,0.9018115234375,0.0104052734375,True,1,1,True,OK,
nc:nc-0213-02-000053,nc,data/derived/v06_water_masks_homography/land/nc/nc-0213-02-000053.png,a53b186245d19f2eedc55bfe9c0c08df217e3c9542b073301e7959c63a795be2,ACCEPT_WATER,0.79170654296875,0.02366943359375,True,1,1,True,OK,
nc:nc-0046-00-000046,nc,data/derived/v06_water_masks_homography/safe_water/nc/nc-0046-00-000046.png,03ffaf23a1c504e305ab2abcad9da34ee91a9ab93149801303ab368bf599c0d1,ACCEPT_WATER,0.9673046875,0.01512939453125,True,1,1,True,OK,
nc:nc-0187-02-000027,nc,data/derived/v06_water_masks/safe_water/nc/nc-0187-02-000027.png,37a1ccb0bb877a4399b4c1ed45b8b3fbe10af64d09106cebdb8d135bc8734d04,UNCERTAIN_BLOCK,0.00087646484375,0.0836669921875,False,0,0,False,OK,
nc:nc-0328-04-000049__hard_02__x224_y0,nc,data/external/dartis/processed/verifier_negative/train/nc/hard/nc-0328-04-000049__hard_02__x224_y0.png,20df49daaa29a2dbf1f4a43ccffd2107adcad08e032dc02ec831f6da5724108d,ACCEPT_WATER,0.4291294642857143,0.16818797831632654,True,11,11,True,OK,
nc:nc-0052-00-000052__easy_01__x416_y416,nc,data/external/dartis/processed/verifier_negative/validation/nc/easy/nc-0052-00-000052__easy_01__x416_y416.png,9f3abb61b8542480c76c899c50cd1e39e1accf3b628e1cf032b4f3ab08437537,ACCEPT_WATER,0.9715401785714286,0.028459821428571428,True,0,0,False,OK,
nc:nc-0032-00-000032,nc,data/annotation/v06_dartis_water_active_batch/images/nc__nc-0032-00-000032.png,8232a43e99bb26b29ea5dd764817521394423adf79e05705ddf1c974739d62b1,UNCERTAIN_BLOCK,0.5009384155273438,0.2765083312988281,False,0,0,False,OK,
nc:nc-0023-00-000023,nc,data/derived/v06_water_masks/land/nc/nc-0023-00-000023.png,f377970f7f7bb0c151ab67eb197f62983f1359d568a0d110ba313443f831ee2d,ACCEPT_WATER,0.7246337890625,0.02415771484375,True,1,1,True,OK,
nc:nc-0286-04-000007__hard_01__x416_y112,nc,data/external/dartis/processed/verifier_negative/train/nc/hard/nc-0286-04-000007__hard_01__x416_y112.png,a56a529277ef718db85ddd74e60fc2cc4638d801ce543073528fc3e338067edf,UNCERTAIN_BLOCK,0.00835060586734694,0.14726163903061223,False,0,0,False,OK,
nc:nc-0060-00-000060,nc,data/derived/v06_water_masks/land/nc/nc-0060-00-000060.png,9acc61926d45539fac8ee93573f36b1c41f3cffa48e1f00f48d18e7e939dec78,ACCEPT_WATER,0.645361328125,0.03542236328125,True,1,1,True,OK,
nc:nc-0230-02-000070,nc,data/derived/v06_water_masks/land/nc/nc-0230-02-000070.png,d57f6359d1ce07cc9de19490a9a06141642bd3110e2aeb5b2c0ab635bbf73a2a,UNCERTAIN_BLOCK,0.0,0.034189453125,False,0,0,False,OK,
nc:nc-0318-04-000039,nc,data/derived/v06_water_masks_homography/land/nc/nc-0318-04-000039.png,a1fc7c19f6b567386faf5683d739d27bcc454b03c1f9019ce84382ae34ae052f,ACCEPT_WATER,0.49369140625,0.10508544921875,True,1,1,True,OK,
nc:nc-0108-01-000032,nc,data/derived/v06_water_masks/safe_water/nc/nc-0108-01-000032.png,d3c393cac2fa4434ea1d61e2d63f2445f1034bbe870d6063e0158c92d53755ed,ACCEPT_WATER,0.47386962890625,0.0508740234375,True,2,2,True,OK,
nc:nc-0230-02-000070,nc,data/derived/v06_water_masks/safe_water/nc/nc-0230-02-000070.png,dec0b9af9cee8304b25b5c2f1b204bece07e2dd671681de37bacf2110cd38d1e,ACCEPT_WATER,0.953623046875,0.0087841796875,True,1,1,True,OK,
nc:nc-0277-03-000042,nc,data/external/dartis/raw/nc/nc-0277-03-000042.jpg,96978ed5fa4f2fdcea0ba7a8d3363bc4a874b5f951f53a0b1e65af7193afa48b,UNCERTAIN_BLOCK,0.05908447265625,0.26441650390625,False,0,0,False,OK,
nc:nc-0085-01-000009,nc,data/external/dartis/raw/nc/nc-0085-01-000009.jpg,44e31d0b9544b8d738fa7f5acf9fd57368111798b47f4bbd339876461ab14d71,ACCEPT_WATER,0.70252197265625,0.07063720703125,True,7,7,True,OK,
nc:nc-0284-04-000005__hard_01__x112_y112,nc,data/external/dartis/processed/verifier_negative/validation/nc/hard/nc-0284-04-000005__hard_01__x112_y112.png,63fd51f4e6569c3caa521a131c98e1d4b1e5537168d96cecd5300b7588254bf1,ACCEPT_WATER,0.13209502551020408,0.17462531887755103,True,0,0,False,OK,
2c89b89ae92352c0813fc51c,nc,data/external/dartis/raw/nc/nc-0102-01-000026.jpg,3efa8ffdefcad7ab5407a2318d407351038ce9dbd51fcaf96382756d761f267f,ACCEPT_WATER,0.7701953125,0.05538818359375,True,9,9,True,OK,
nc:nc-0293-04-000014,nc,data/derived/v06_water_masks/safe_water/nc/nc-0293-04-000014.png,ffef69480d58f8633aac522833f8188de1a6b417ee95a38d8a886eec6e85e805,ACCEPT_WATER,0.9650048828125,0.0141259765625,True,1,1,True,OK,
nc:nc-0026-00-000026__hard_02__x112_y224,nc,data/external/dartis/processed/verifier_negative/train/nc/hard/nc-0026-00-000026__hard_02__x112_y224.png,d5056ae1b5325ba769b82b2c6edf2b9419e846e07205046a1a4bb731ad40d014,ACCEPT_WATER,0.06863839285714286,0.09088010204081633,True,4,4,True,OK,
nc:nc-0053-00-000053,nc,data/derived/v06_water_masks_homography/land/nc/nc-0053-00-000053.png,14727eb6c95a3010149af4f1a27425a8bb3478f657fbb954b94e34b0a13fc084,ACCEPT_WATER,0.41330322265625,0.01678466796875,True,1,1,True,OK,
nc:nc-0253-03-000018,nc,data/derived/v06_water_masks/safe_water/nc/nc-0253-03-000018.png,d47aa11ff84422726a301a012eacdebe8a9f5d25cdf46498ed9f251414f5638d,ACCEPT_WATER,0.450419921875,0.0272265625,True,1,1,True,OK,
nc:nc-0191-02-000031,nc,data/external/dartis/cache/nc-0191-02-000031.jpg,bf61f738d78dea5d27c7c4e496160e8b313bef80fc59f832bb5a558a806eea59,ACCEPT_WATER,0.73097900390625,0.22482666015625,True,7,7,True,OK,
nc:nc-0185-02-000025,nc,data/derived/v06_water_masks/land/nc/nc-0185-02-000025.png,33183b39b9338f99846eb9c6bcbde1c4387a1126de3ab4967374a0cb1b798a0b,ACCEPT_WATER,0.88111572265625,0.01168701171875,True,1,1,True,OK,
nc:nc-0331-04-000052__easy_01__x224_y416,nc,data/external/dartis/processed/verifier_negative/train/nc/easy/nc-0331-04-000052__easy_01__x224_y416.png,67e6ba85e8a2e457d2d654f94a79eee9f91ae08a7c2db1de47c341d165f4f695,UNCERTAIN_BLOCK,0.03908242984693878,0.07613201530612244,False,0,0,False,OK,
nc:nc-0111-01-000035,nc,data/derived/v06_water_masks/land/nc/nc-0111-01-000035.png,67f84b857c7e99bc79dc5152b7885695ac474c5cbf0d53169e97077f2235d2e4,ACCEPT_WATER,0.96563232421875,0.01456787109375,True,1,1,True,OK,
nc:nc-0108-01-000032,nc,data/external/dartis/cache/nc-0108-01-000032.jpg,00a138fb49fd3905135c0adea2e1ddeb4011eb6bd21e1963d98629e92cf56f2b,ACCEPT_WATER,0.6635595703125,0.02265625,True,5,5,True,OK,
nc:nc-0157-01-000081,nc,data/external/dartis/cache/nc-0157-01-000081.jpg,c18188887f5484f00629727efeacfff58250b96dbbf8c31787953311b0417a81,ACCEPT_WATER,0.46508544921875,0.04814697265625,True,7,6,True,OK,
nc:nc-0287-04-000008__easy_01__x416_y0,nc,data/external/dartis/processed/verifier_negative/train/nc/easy/nc-0287-04-000008__easy_01__x416_y0.png,8a0de922743f729f6bbd2678fd2933d8a3a0694c5a06f1aa716ef4dc47be3901,UNCERTAIN_BLOCK,0.5302734375,0.3505859375,False,0,0,False,OK,
nc:nc-0216-02-000056,nc,data/derived/v06_water_masks/safe_water/nc/nc-0216-02-000056.png,3e23d06e03a10560a568f6f32059b97238f0b4badc1657d33d65e5f11d0a9bdc,UNCERTAIN_BLOCK,0.0001513671875,0.0223193359375,False,0,0,False,OK,
nc:nc-0118-01-000042,nc,data/derived/v06_water_masks/land/nc/nc-0118-01-000042.png,a5c4c36838bd60f9b63d1ea4059285034e57b3d14bf1b2a769e529ed3e03ab1b,ACCEPT_WATER,0.6659912109375,0.0333203125,True,1,1,True,OK,
nc:nc-0320-04-000041,nc,data/external/dartis/raw/nc/nc-0320-04-000041.jpg,fe56a937c54d34a443b8b1632d55ba889bbf695f78853dd6ce4e62d7792e7317,ACCEPT_WATER,0.68894775390625,0.0780419921875,True,0,0,False,OK,
nc:nc-0265-03-000030__easy_01__x112_y416,nc,data/external/dartis/processed/verifier_negative/train/nc/easy/nc-0265-03-000030__easy_01__x112_y416.png,4b2337a73a04ea68207e744da8573bbb4371b13a0963ba3f1774bf1099d6ad7e,UNCERTAIN_BLOCK,0.2132294323979592,0.319515306122449,False,0,0,False,OK,
nc:nc-0241-03-000006,nc,data/derived/v06_water_masks_homography/safe_water/nc/nc-0241-03-000006.png,a5a3cd560627f687e70c807ffde0219239e8a0acdfd0a7931df570b4fd71c199,ACCEPT_WATER,0.47991455078125,0.0735302734375,True,1,1,True,OK,
nc:nc-0335-04-000056,nc,data/derived/v06_water_masks/land/nc/nc-0335-04-000056.png,747731e27381b4a5b79aaf2f4c1a8265d9387466ac11586338a1d89273dd07f6,ACCEPT_WATER,0.7071240234375,0.04979736328125,True,2,2,True,OK,
nc:nc-0086-01-000010,nc,data/external/dartis/cache/nc-0086-01-000010.jpg,614e322f59208a6111419dd6b6895b52a9c5fe6482e8d3d1ee4283d4746a2351,ACCEPT_WATER,0.80150390625,0.0960009765625,True,0,0,False,OK,
nc:nc-0215-02-000055__hard_01__x416_y0,nc,data/external/dartis/processed/verifier_negative/train/nc/hard/nc-0215-02-000055__hard_01__x416_y0.png,ae53d7d19f7972bc8f438309cc8498493b0d03615fd407a5a992ac93d11cd791,ACCEPT_WATER,0.8654536033163265,0.019571109693877552,True,0,0,False,OK,
nc:nc-0026-00-000026,nc,data/external/dartis/cache/nc-0026-00-000026.jpg,f6577a03b6d594b1f7e995efd0ab96024af56520fdadef6873f3c6619e03d47f,UNCERTAIN_BLOCK,0.31467041015625,0.31935546875,False,0,0,False,OK,
nc:nc__nc-0127-01-000051,nc,data/annotation/v06_dartis_water_active_batch/ensemble_probability/nc__nc-0127-01-000051.png,3283b9ccc06b3813d1584a6a81350c36e1ba55b3801b7d840601e0f61d5bfb4e,UNCERTAIN_BLOCK,0.02718353271484375,0.21257781982421875,False,0,0,False,OK,
nc:nc-0324-04-000045,nc,data/derived/v06_water_masks_homography/safe_water/nc/nc-0324-04-000045.png,eee70cfbb9e324aa5560e883e94daa59dec4f3703c382482f4e25f3b15a8dce2,ACCEPT_WATER,0.96484130859375,0.02355712890625,True,1,1,True,OK,
nc:nc-0252-03-000017__hard_02__x224_y416,nc,data/external/dartis/processed/verifier_negative/validation/nc/hard/nc-0252-03-000017__hard_02__x224_y416.png,0a1287810fdcce38c281e5a16ceb1fc1bd78796f69c525ff011dc1fd332bfe1f,ACCEPT_WATER,0.4348294005102041,0.03979990433673469,True,4,4,True,OK,
nc:nc-0044-00-000044__easy_01__x112_y224,nc,data/external/dartis/processed/verifier_negative/validation/nc/easy/nc-0044-00-000044__easy_01__x112_y224.png,a1eab679882a47a12071835c2afbd8d6567f638775e943d2041ae94a418fa711,UNCERTAIN_BLOCK,0.037109375,0.08657525510204081,False,0,0,False,OK,
nc:nc-0235-02-000075,nc,data/external/dartis/cache/nc-0235-02-000075.jpg,0c14b2f7ed30b0900b466de5baefab40871264ab2e61fb75765bf2b94a1c25cb,UNCERTAIN_BLOCK,0.63614013671875,0.29554443359375,False,0,0,False,OK,
nc:nc-0286-04-000007,nc,data/derived/v06_water_masks/safe_water/nc/nc-0286-04-000007.png,a3b7a0fb17c23113f009d89fbecb9c81b9f6aa18122184a583545fc1aabbbaf5,UNCERTAIN_BLOCK,0.0,0.21779052734375,False,0,0,False,OK,
nc:nc-0317-04-000038,nc,data/derived/v06_water_masks/land/nc/nc-0317-04-000038.png,d0e5854e77161fbcc1b3f1091b90f1c18ffa65e0b277c550bff2e247b12668df,ACCEPT_WATER,0.79086181640625,0.02511962890625,True,1,1,True,OK,
nc:nc-0226-02-000066,nc,data/derived/v06_water_masks/safe_water/nc/nc-0226-02-000066.png,13b69a1d1e41fb48807f675ebd64db241203e7f63c944c294dc67f87ece33c58,ACCEPT_WATER,0.4725244140625,0.02669189453125,True,1,1,True,OK,
nc:nc-0241-03-000006,nc,data/external/dartis/cache/nc-0241-03-000006.jpg,1d444340f263db0a335ec4bb0cc36b58b4c65579fb3cc508122524001c46069a,ACCEPT_WATER,0.446689453125,0.0414501953125,True,3,2,True,OK,
nc:nc-0048-00-000048__hard_01__x0_y0,nc,data/external/dartis/processed/verifier_negative/train/nc/hard/nc-0048-00-000048__hard_01__x0_y0.png,e9595a825aea3c8f2b3694cad5d8ccee8e5406fd3787b00eba0fe1f14758ef6d,ACCEPT_WATER,0.3095105229591837,0.2135283801020408,True,5,5,True,OK,
nc:nc-0272-03-000037,nc,data/external/dartis/cache/nc-0272-03-000037.jpg,a76c90c9056c1b9ae5275bdb6e15aa3ba5bba97f3c6b4d4aa1e8e8370fd64cf0,UNCERTAIN_BLOCK,0.00770751953125,0.22360595703125,False,0,0,False,OK,
nc:nc-0249-03-000014__hard_02__x0_y336,nc,data/external/dartis/processed/verifier_negative/validation/nc/hard/nc-0249-03-000014__hard_02__x0_y336.png,8da262024de72d494431e82ca017c544cf6f670ee2e3c2426802f04f4817443b,ACCEPT_WATER,0.7746133609693877,0.05058195153061224,True,5,5,True,OK,
nc:nc-0116-01-000040,nc,data/derived/v06_water_masks/safe_water/nc/nc-0116-01-000040.png,b32f8629ef727a8b89da646d080ae9b965f260bc1ee9ef1c669edc90000dbea0,ACCEPT_WATER,0.448232421875,0.0298291015625,True,1,1,True,OK,
nc:nc-0321-04-000042__hard_01__x416_y336,nc,data/external/dartis/processed/verifier_negative/train/nc/hard/nc-0321-04-000042__hard_01__x416_y336.png,c1df88415408d650f7f4a905a179747ecc5a486b0afc6693d92744434483039c,ACCEPT_WATER,0.5369499362244898,0.05044244260204082,True,1,1,True,OK,
nc:nc-0239-03-000004,nc,data/derived/v06_water_masks/land/nc/nc-0239-03-000004.png,5e886add837253af89fbed8399bcf45b404a1f82685f3ab4ee3d44f8566566c6,ACCEPT_WATER,0.05685302734375,0.0694775390625,True,1,1,True,OK,
nc:nc-0247-03-000012,nc,data/external/dartis/raw/nc/nc-0247-03-000012.jpg,fbea8df5c7b80e067c452e2613192f85bb78aa630e4f4899b4d232edbed0365b,UNCERTAIN_BLOCK,0.10845458984375,0.30476806640625,False,0,0,False,OK,
nc:nc-0178-02-000018,nc,data/derived/v06_water_masks_homography/safe_water/nc/nc-0178-02-000018.png,3d4b37ab36679bfa8786033004f718309a499853983ca8ed7e47ab102cd894a3,ACCEPT_WATER,0.3603173828125,0.011025390625,True,1,1,True,OK,
nc:nc-0313-04-000034,nc,data/annotations/v06_land_manual/land/nc/nc-0313-04-000034.png,c20852975ac49e4a3ea190445499fae1a612694fd2242c13bc2f1fcb76c71b15,ACCEPT_WATER,0.8705177307128906,0.023754119873046875,True,2,2,True,OK,
nc:nc-0166-02-000006,nc,data/derived/v06_water_masks_homography/land/nc/nc-0166-02-000006.png,521b7651c5acfcde088a94272fe7ca9ec6cc91b7992b716ce9835a624716ce70,ACCEPT_WATER,0.29478515625,0.01837158203125,True,1,1,True,OK,
nc:nc-0162-02-000002__easy_01__x0_y416,nc,data/external/dartis/processed/verifier_negative/validation/nc/easy/nc-0162-02-000002__easy_01__x0_y416.png,f719a0c8788479d665efbd7bc1c39c831ea65cce442d672f90166720034d1fcb,ACCEPT_WATER,0.657585299744898,0.2135283801020408,True,0,0,False,OK,
nc:nc-0027-00-000027__easy_01__x112_y0,nc,data/external/dartis/processed/verifier_negative/train/nc/easy/nc-0027-00-000027__easy_01__x112_y0.png,1f39afc4585a9a6819dcf8b03ce1f812add60bea6a15da3ed1bada9a8ab5ef47,ACCEPT_WATER,0.9775988520408163,0.022401147959183673,True,0,0,False,OK,
nc:nc-0248-03-000013,nc,data/external/dartis/cache/nc-0248-03-000013.jpg,43e9535a2b07e6aabe7affbb34b60504827e551ef4d41bd6f6913649fb903b46,UNCERTAIN_BLOCK,0.0054052734375,0.27833740234375,False,0,0,False,OK,
nw:nw-0852-05-000106__hard_01__x0_y416,nw,data/external/dartis/processed/verifier_negative/train/nw/hard/nw-0852-05-000106__hard_01__x0_y416.png,710bc7884da5a27003385650a2595440f9236038ba601039154df7d5af808c15,ACCEPT_WATER,0.9770806760204082,0.022919323979591837,True,0,0,False,OK,
nw:nw-0449-02-000106,nw,data/external/dartis/raw/nw/nw-0449-02-000106.jpg,f7d7f826cba200c3bbb9c7a3058cd09810338596f8917f6974ac203f3ad86034,ACCEPT_WATER,0.96899169921875,0.03100830078125,True,0,0,False,OK,
nw:nw-1103-07-000025,nw,data/derived/v06_water_masks_homography/safe_water/nw/nw-1103-07-000025.png,3e8f4f997f71218b413032bfeda0957969e781fe928ca23500a478ba7aabf607,UNCERTAIN_BLOCK,0.0,4.8828125e-06,False,0,0,False,OK,
nw:nw-0089-00-000089,nw,data/external/dartis/raw/nw/nw-0089-00-000089.jpg,d591d36f5a6ea00424c5d635a34f953413af464ec9e36cb7aacdbf48c0167aed,UNCERTAIN_BLOCK,0.02027587890625,0.0877783203125,False,0,0,False,OK,
nw:nw-1794-11-000028,nw,data/derived/v06_water_masks_homography/safe_water/nw/nw-1794-11-000028.png,3e8f4f997f71218b413032bfeda0957969e781fe928ca23500a478ba7aabf607,UNCERTAIN_BLOCK,0.0,4.8828125e-06,False,0,0,False,OK,
nw:nw-0101-00-000101__hard_02__x0_y112,nw,data/external/dartis/processed/verifier_negative/train/nw/hard/nw-0101-00-000101__hard_02__x0_y112.png,784d144d424eb2d654668863971799dc4776513dbf42a7a4f1aa0c8c60171876,UNCERTAIN_BLOCK,0.03948102678571429,0.07561383928571429,False,0,0,False,OK,
nw:nw-0389-02-000046__hard_01__x336_y0,nw,data/external/dartis/processed/verifier_negative/train/nw/hard/nw-0389-02-000046__hard_01__x336_y0.png,e6f8e404d164a3f8568eb3f1444606a586cfc22a94db5c15bf0e279cea6ef5c0,ACCEPT_WATER,0.054607780612244895,0.09620137117346939,True,0,0,False,OK,
nw:nw-1365-08-000116,nw,data/external/dartis/raw/nw/nw-1365-08-000116.jpg,d88a056cf3610701376e5209c91899e6a16f7197b81e8fd0d1222a2a71f4fd6f,UNCERTAIN_BLOCK,0.33784423828125,0.48927490234375,False,0,0,False,OK,
nw:nw-0605-03-000102,nw,data/derived/v06_water_masks/land/nw/nw-0605-03-000102.png,9305c81b3b022931ff5b53e1c1755182763b5cb1258826f24b9db309f797cd3b,ACCEPT_WATER,0.9026953125,0.0973046875,True,2,2,True,OK,
nw:nw-0061-00-000061,nw,data/derived/v06_water_masks_homography/safe_water/nw/nw-0061-00-000061.png,3e8f4f997f71218b413032bfeda0957969e781fe928ca23500a478ba7aabf607,UNCERTAIN_BLOCK,0.0,4.8828125e-06,False,0,0,False,OK,
nw:nw-0283-01-000111,nw,data/derived/v06_water_masks/land/nw/nw-0283-01-000111.png,9305c81b3b022931ff5b53e1c1755182763b5cb1258826f24b9db309f797cd3b,ACCEPT_WATER,0.9026953125,0.0973046875,True,2,2,True,OK,
nw:nw-0580-03-000077,nw,data/derived/v06_water_masks_homography/safe_water/nw/nw-0580-03-000077.png,3e8f4f997f71218b413032bfeda0957969e781fe928ca23500a478ba7aabf607,UNCERTAIN_BLOCK,0.0,4.8828125e-06,False,0,0,False,OK,
nw:nw-0362-02-000019,nw,data/derived/v06_water_masks/safe_water/nw/nw-0362-02-000019.png,3e8f4f997f71218b413032bfeda0957969e781fe928ca23500a478ba7aabf607,UNCERTAIN_BLOCK,0.0,4.8828125e-06,False,0,0,False,OK,
nw:nw-0191-01-000019__hard_01__x336_y416,nw,data/external/dartis/processed/verifier_negative/train/nw/hard/nw-0191-01-000019__hard_01__x336_y416.png,f816fb6155ae19edbd5f22a2fd1ad7dbc848eb12526bc011cbfaf5bcee408d97,ACCEPT_WATER,0.9737125318877551,0.0262874681122449,True,0,0,False,OK,
nw:nw-0778-05-000032,nw,data/derived/v06_water_masks/safe_water/nw/nw-0778-05-000032.png,3e8f4f997f71218b413032bfeda0957969e781fe928ca23500a478ba7aabf607,UNCERTAIN_BLOCK,0.0,4.8828125e-06,False,0,0,False,OK,
nw:nw-1788-11-000022__hard_02__x336_y336,nw,data/external/dartis/processed/verifier_negative/validation/nw/hard/nw-1788-11-000022__hard_02__x336_y336.png,ba85c85aeb94217aa994e5c0d7e783a765a228dc002665e9a11531f3b65aac97,ACCEPT_WATER,0.9372807716836735,0.06226084183673469,True,15,15,True,OK,
nw:nw-0120-00-000120,nw,data/external/dartis/cache/nw-0120-00-000120.jpg,76a42fa61e7b971e9b9b60bf869b1a5b6beeebe1f2d61c5696feb594c7203158,ACCEPT_WATER,0.97322509765625,0.02677490234375,True,0,0,False,OK,
nw:nw-0214-01-000042,nw,data/derived/v06_water_masks_homography/safe_water/nw/nw-0214-01-000042.png,3e8f4f997f71218b413032bfeda0957969e781fe928ca23500a478ba7aabf607,UNCERTAIN_BLOCK,0.0,4.8828125e-06,False,0,0,False,OK,
nw:nw-0248-01-000076__hard_01__x0_y0,nw,data/external/dartis/processed/verifier_negative/train/nw/hard/nw-0248-01-000076__hard_01__x0_y0.png,587d10a6429cfa026c844666190629924701b445a5c79928fd5db272e57dca1b,ACCEPT_WATER,0.9721779336734694,0.02782206632653061,True,0,0,False,OK,
nw:nw-0267-01-000095,nw,data/derived/v06_water_masks_homography/safe_water/nw/nw-0267-01-000095.png,3e8f4f997f71218b413032bfeda0957969e781fe928ca23500a478ba7aabf607,UNCERTAIN_BLOCK,0.0,4.8828125e-06,False,0,0,False,OK,
nw:nw-0055-00-000055,nw,data/external/dartis/cache/nw-0055-00-000055.jpg,8f87be400562f38173e973209bc0122482367c20ccd013a1dc4d8caa6383714e,ACCEPT_WATER,0.05015625,0.06958984375,True,0,0,False,OK,
nw:nw-0431-02-000088__hard_02__x0_y112,nw,data/external/dartis/processed/verifier_negative/train/nw/hard/nw-0431-02-000088__hard_02__x0_y112.png,3fec70661510bece84b6a8ec99b2fa9e6c81f6bd2f7db8fa5db988eec678e855,ACCEPT_WATER,0.06819993622448979,0.12599649234693877,True,0,0,False,OK,
nw:nw-0795-05-000049,nw,data/derived/v06_water_masks_homography/safe_water/nw/nw-0795-05-000049.png,3e8f4f997f71218b413032bfeda0957969e781fe928ca23500a478ba7aabf607,UNCERTAIN_BLOCK,0.0,4.8828125e-06,False,0,0,False,OK,
nw:nw-1600-10-000008__easy_01__x112_y416,nw,data/external/dartis/processed/verifier_negative/train/nw/easy/nw-1600-10-000008__easy_01__x112_y416.png,7c26955428fa0e140a5d03c518e30237ee0d33770896351ff8f48aafd5c7c351,ACCEPT_WATER,0.23393654336734693,0.2240314094387755,True,0,0,False,OK,
nw:nw-0996-06-000084__hard_02__x416_y224,nw,data/external/dartis/processed/verifier_negative/validation/nw/hard/nw-0996-06-000084__hard_02__x416_y224.png,13f74706ed81a2e5d8a7281f612a45c9818132bc98d4f76dd071f4a5d06554fa,ACCEPT_WATER,0.9427016900510204,0.057298309948979595,True,2,2,True,OK,
nw:nw-1613-10-000021,nw,data/derived/v06_water_masks/safe_water/nw/nw-1613-10-000021.png,3e8f4f997f71218b413032bfeda0957969e781fe928ca23500a478ba7aabf607,UNCERTAIN_BLOCK,0.0,4.8828125e-06,False,0,0,False,OK,
nw:nw-0907-05-000161,nw,data/derived/v06_water_masks/land/nw/nw-0907-05-000161.png,9305c81b3b022931ff5b53e1c1755182763b5cb1258826f24b9db309f797cd3b,ACCEPT_WATER,0.9026953125,0.0973046875,True,2,2,True,OK,
nw:nw-0006-00-000006__hard_01__x0_y416,nw,data/external/dartis/processed/verifier_negative/train/nw/hard/nw-0006-00-000006__hard_01__x0_y416.png,b932b465e470b8473dd45e8b60ad856e8b3671efb4e91c06fc1fcad2dd7a851e,ACCEPT_WATER,0.054587850765306124,0.07786591198979592,True,1,1,True,OK,
nw:nw-1204-07-000126__hard_01__x416_y0,nw,data/external/dartis/processed/verifier_negative/train/nw/hard/nw-1204-07-000126__hard_01__x416_y0.png,216cdaf4898be423082b711ff6eee9496b30e808a3bde9c955b74a97a49b8196,UNCERTAIN_BLOCK,0.2342155612244898,0.32712850765306123,False,0,0,False,OK,
nw:nw-0384-02-000041__easy_01__x416_y112,nw,data/external/dartis/processed/verifier_negative/validation/nw/easy/nw-0384-02-000041__easy_01__x416_y112.png,51e12a3907fbe89c098cf33b0b2009c66e90da4f0fad200bfaf725463f12147e,ACCEPT_WATER,0.9612563775510204,0.038743622448979595,True,0,0,False,OK,
nw:nw-0257-01-000085,nw,data/external/dartis/raw/nw/nw-0257-01-000085.jpg,4215b429c5f6a8539a69e259ed5c26d0efa0e078d961c7b34f324dccda6aac09,ACCEPT_WATER,0.983369140625,0.016630859375,True,0,0,False,OK,
nw:nw-0660-03-000157__easy_01__x224_y416,nw,data/external/dartis/processed/verifier_negative/validation/nw/easy/nw-0660-03-000157__easy_01__x224_y416.png,2ab04d4b9e6070f1c228d049e8fe65f74912e41d2503847a2e94e24b6f29f16d,ACCEPT_WATER,0.9523477359693877,0.04765226403061224,True,0,0,False,OK,
nw:nw-0711-04-000046,nw,data/external/dartis/raw/nw/nw-0711-04-000046.jpg,af392fb5f1b24b456e3d0ee2ba3324de6e949d8456e73db3621b46fcd84e0e98,ACCEPT_WATER,0.97263671875,0.02736328125,True,0,0,False,OK,
nw:nw-1780-11-000014,nw,data/external/dartis/cache/nw-1780-11-000014.jpg,093afcc9e4969bcdf75e569a056880c1e64f401db80d70f9f67c46f440a09b9e,ACCEPT_WATER,0.95712158203125,0.04284912109375,True,0,0,False,OK,
nw:nw-1306-08-000057,nw,data/derived/v06_water_masks_homography/land/nw/nw-1306-08-000057.png,9305c81b3b022931ff5b53e1c1755182763b5cb1258826f24b9db309f797cd3b,ACCEPT_WATER,0.9026953125,0.0973046875,True,2,2,True,OK,
nw:nw-1697-10-000105,nw,data/derived/v06_water_masks/safe_water/nw/nw-1697-10-000105.png,3e8f4f997f71218b413032bfeda0957969e781fe928ca23500a478ba7aabf607,UNCERTAIN_BLOCK,0.0,4.8828125e-06,False,0,0,False,OK,
3cf2de724da8965bd52eb25e,nw,data/external/dartis/raw/nw/nw-0613-03-000110.jpg,a793778596e436e71cc30142669e1b5ce08cdfd3ac7b889c6e1b0bec81338756,ACCEPT_WATER,0.96558837890625,0.03441162109375,True,0,0,False,OK,
nw:nw-0540-03-000037,nw,data/derived/v06_water_masks_homography/safe_water/nw/nw-0540-03-000037.png,3e8f4f997f71218b413032bfeda0957969e781fe928ca23500a478ba7aabf607,UNCERTAIN_BLOCK,0.0,4.8828125e-06,False,0,0,False,OK,
nw:nw-1602-10-000010,nw,data/derived/v06_water_masks_homography/safe_water/nw/nw-1602-10-000010.png,3e8f4f997f71218b413032bfeda0957969e781fe928ca23500a478ba7aabf607,UNCERTAIN_BLOCK,0.0,4.8828125e-06,False,0,0,False,OK,
nw:nw-1233-07-000155,nw,data/external/dartis/raw/nw/nw-1233-07-000155.jpg,30e787a57a161a67514d3266fd88c017c46cc867da5056f965e4ef2168bd8ade,UNCERTAIN_BLOCK,0.2022607421875,0.45713623046875,False,0,0,False,OK,
nw:nw-0941-06-000029__easy_01__x112_y336,nw,data/external/dartis/processed/verifier_negative/train/nw/easy/nw-0941-06-000029__easy_01__x112_y336.png,38bda84a7018f6fd73bbc2f040a486c3e557f78bf34a2961d6289084546c12fd,ACCEPT_WATER,0.9777981505102041,0.02220184948979592,True,0,0,False,OK,
nw:nw-1521-09-000097,nw,data/derived/v06_water_masks_homography/land/nw/nw-1521-09-000097.png,9305c81b3b022931ff5b53e1c1755182763b5cb1258826f24b9db309f797cd3b,ACCEPT_WATER,0.9026953125,0.0973046875,True,2,2,True,OK,
nw:nw-1704-10-000112,nw,data/external/dartis/raw/nw/nw-1704-10-000112.jpg,c045811226597141738bcb3aa2e4a13da9a8d30fbd56d7519c00722745db64c3,ACCEPT_WATER,0.1353759765625,0.2377783203125,True,0,0,False,OK,
nw:nw-1654-10-000062,nw,data/derived/v06_water_masks_homography/safe_water/nw/nw-1654-10-000062.png,3e8f4f997f71218b413032bfeda0957969e781fe928ca23500a478ba7aabf607,UNCERTAIN_BLOCK,0.0,4.8828125e-06,False,0,0,False,OK,
nw:nw-0909-05-000163,nw,data/external/dartis/raw/nw/nw-0909-05-000163.jpg,846879004dc1184aba44f89397fde4e97b8d1e3496602d6b5a125961971d8a86,ACCEPT_WATER,0.97257568359375,0.02732177734375,True,0,0,False,OK,
nw:nw-1089-07-000011,nw,data/external/dartis/cache/nw-1089-07-000011.jpg,634314b923553c3d410612a3c6eb021cf2b2a464da6b6ec8d87bc5c0becdab92,ACCEPT_WATER,0.96875732421875,0.03123779296875,True,0,0,False,OK,
nw:nw-0382-02-000039,nw,data/derived/v06_water_masks/land/nw/nw-0382-02-000039.png,9305c81b3b022931ff5b53e1c1755182763b5cb1258826f24b9db309f797cd3b,ACCEPT_WATER,0.9026953125,0.0973046875,True,2,2,True,OK,
nw:nw-1642-10-000050,nw,data/derived/v06_water_masks_homography/land/nw/nw-1642-10-000050.png,9305c81b3b022931ff5b53e1c1755182763b5cb1258826f24b9db309f797cd3b,ACCEPT_WATER,0.9026953125,0.0973046875,True,2,2,True,OK,
nw:nw-1159-07-000081__hard_02__x224_y0,nw,data/external/dartis/processed/verifier_negative/train/nw/hard/nw-1159-07-000081__hard_02__x224_y0.png,6d4674b520df90d998cfe57816df7185de87ca5e69403dae2a472b1517973e69,UNCERTAIN_BLOCK,0.013532366071428572,0.15832270408163265,False,0,0,False,OK,
nw:nw-1802-11-000036__easy_01__x224_y416,nw,data/external/dartis/processed/verifier_negative/train/nw/easy/nw-1802-11-000036__easy_01__x224_y416.png,109bf6b500247d60fb7f9616d46ebda85e2d6d476e546ae8a7a7003b4e03ebbf,ACCEPT_WATER,0.9728356186224489,0.02716438137755102,True,0,0,False,OK,
nw:nw-0875-05-000129,nw,data/derived/v06_water_masks/safe_water/nw/nw-0875-05-000129.png,3e8f4f997f71218b413032bfeda0957969e781fe928ca23500a478ba7aabf607,UNCERTAIN_BLOCK,0.0,4.8828125e-06,False,0,0,False,OK,
nw:nw-1710-10-000118,nw,data/external/dartis/raw/nw/nw-1710-10-000118.jpg,37ef153a96334399093762f87f6ece433a012eee16d183d8910d2269f4983362,UNCERTAIN_BLOCK,0.172509765625,0.29141357421875,False,0,0,False,OK,
nw:nw-1373-08-000124,nw,data/derived/v06_water_masks_homography/safe_water/nw/nw-1373-08-000124.png,3e8f4f997f71218b413032bfeda0957969e781fe928ca23500a478ba7aabf607,UNCERTAIN_BLOCK,0.0,4.8828125e-06,False,0,0,False,OK,
nw:nw-0789-05-000043,nw,data/external/dartis/cache/nw-0789-05-000043.jpg,1067bdf7540cd9176734d84762cc17322235421ba1e614304fa2a47ef7c7e566,ACCEPT_WATER,0.98859375,0.01140625,True,0,0,False,OK,
nw:nw-1398-08-000149,nw,data/external/dartis/cache/nw-1398-08-000149.jpg,e90f4838d24eb7e4b5d6584cd1719030741b3deb26d990436a2e2159d2f098b8,ACCEPT_WATER,0.96005859375,0.035146484375,True,3,3,True,OK,
nw:nw-1895-11-000129,nw,data/derived/v06_water_masks/safe_water/nw/nw-1895-11-000129.png,3e8f4f997f71218b413032bfeda0957969e781fe928ca23500a478ba7aabf607,UNCERTAIN_BLOCK,0.0,4.8828125e-06,False,0,0,False,OK,
nw:nw-1708-10-000116,nw,data/external/dartis/cache/nw-1708-10-000116.jpg,4f91c5182b24a346a11e5c0da10d350bd7553dd84ce1e1feb0d627c394b04658,UNCERTAIN_BLOCK,0.0346826171875,0.0840478515625,False,0,0,False,OK,
nw:nw-0566-03-000063__hard_02__x112_y336,nw,data/external/dartis/processed/verifier_negative/train/nw/hard/nw-0566-03-000063__hard_02__x112_y336.png,5a826c46235cba40f9f1a34bafa5d76a8b69009cd5ee85e9d0460b7b04b633be,UNCERTAIN_BLOCK,0.17898995535714285,0.5503627232142857,False,0,0,False,OK,
nw:nw-0244-01-000072,nw,data/external/dartis/cache/nw-0244-01-000072.jpg,395f455b113a0a691fccdae71443d366edae1d6bd0bec3739e9ab3409f93b799,ACCEPT_WATER,0.97599609375,0.02359375,True,1,1,True,OK,
nw:nw-1602-10-000010,nw,data/derived/v06_water_masks_homography/land/nw/nw-1602-10-000010.png,9305c81b3b022931ff5b53e1c1755182763b5cb1258826f24b9db309f797cd3b,ACCEPT_WATER,0.9026953125,0.0973046875,True,2,2,True,OK,
nw:nw-1006-06-000094,nw,data/external/dartis/cache/nw-1006-06-000094.jpg,bbf4c3511716c4e222a426a0c5df339a21cdb3c861375c298bb9c43a2ba819a2,ACCEPT_WATER,0.96767822265625,0.03231201171875,True,0,0,False,OK,
nw:nw-1216-07-000138,nw,data/derived/v06_water_masks/safe_water/nw/nw-1216-07-000138.png,3e8f4f997f71218b413032bfeda0957969e781fe928ca23500a478ba7aabf607,UNCERTAIN_BLOCK,0.0,4.8828125e-06,False,0,0,False,OK,
nw:nw-0383-02-000040,nw,data/derived/v06_water_masks/safe_water/nw/nw-0383-02-000040.png,3e8f4f997f71218b413032bfeda0957969e781fe928ca23500a478ba7aabf607,UNCERTAIN_BLOCK,0.0,4.8828125e-06,False,0,0,False,OK,
nw:nw-0608-03-000105,nw,data/external/dartis/raw/nw/nw-0608-03-000105.jpg,1fdfc4781157c453cd10dc6497cea8a8ac5097afa2e632304412ea6af313d025,ACCEPT_WATER,0.7998583984375,0.19641845703125,True,0,0,False,OK,
nw:nw-1667-10-000075,nw,data/derived/v06_water_masks/land/nw/nw-1667-10-000075.png,9305c81b3b022931ff5b53e1c1755182763b5cb1258826f24b9db309f797cd3b,ACCEPT_WATER,0.9026953125,0.0973046875,True,2,2,True,OK,
nw:nw-1925-11-000159__hard_02__x112_y224,nw,data/external/dartis/processed/verifier_negative/train/nw/hard/nw-1925-11-000159__hard_02__x112_y224.png,3d41c6acc7ca20e855256258c4c376a83ff862e06e5e01a3e1ad2a2d70c669de,ACCEPT_WATER,0.9198820153061225,0.07796556122448979,True,0,0,False,OK,
nw:nw-0679-04-000014__easy_01__x416_y224,nw,data/external/dartis/processed/verifier_negative/validation/nw/easy/nw-0679-04-000014__easy_01__x416_y224.png,fda894079d505ae52761477425917a0f4b8b9bfa927ad7da6f1810d9373525b8,ACCEPT_WATER,0.977897799744898,0.02210220025510204,True,0,0,False,OK,
6c907ee938ab407f7df29d42,nw,data/external/dartis/raw/nw/nw-0341-01-000169.jpg,206381d97362b7a53022c367010e2ef2789ccc566cd930a6e7a07feef6616c9e,ACCEPT_WATER,0.9700634765625,0.0299365234375,True,0,0,False,OK,
nw:nw-0145-00-000145,nw,data/derived/v06_water_masks/land/nw/nw-0145-00-000145.png,9305c81b3b022931ff5b53e1c1755182763b5cb1258826f24b9db309f797cd3b,ACCEPT_WATER,0.9026953125,0.0973046875,True,2,2,True,OK,
nw:nw-0157-00-000157,nw,data/derived/v06_water_masks/land/nw/nw-0157-00-000157.png,9305c81b3b022931ff5b53e1c1755182763b5cb1258826f24b9db309f797cd3b,ACCEPT_WATER,0.9026953125,0.0973046875,True,2,2,True,OK,
nw:nw-1619-10-000027,nw,data/derived/v06_water_masks_homography/land/nw/nw-1619-10-000027.png,9305c81b3b022931ff5b53e1c1755182763b5cb1258826f24b9db309f797cd3b,ACCEPT_WATER,0.9026953125,0.0973046875,True,2,2,True,OK,
nw:nw-1005-06-000093__hard_01__x0_y416,nw,data/external/dartis/processed/verifier_negative/validation/nw/hard/nw-1005-06-000093__hard_01__x0_y416.png,cc8778d8b043cbb8ae4713a1469a0d11bc13971c06420679db6c70462b58fd10,ACCEPT_WATER,0.9529257015306123,0.04707429846938776,True,0,0,False,OK,
nw:nw-0409-02-000066__easy_01__x112_y0,nw,data/external/dartis/processed/verifier_negative/validation/nw/easy/nw-0409-02-000066__easy_01__x112_y0.png,93013fe8aa1533c6c0433861b8836a433265c605a4de0ef35b79fdd2f779479d,ACCEPT_WATER,0.11465640943877552,0.11876195790816327,True,0,0,False,OK,
nw:nw-1275-08-000026,nw,data/derived/v06_water_masks_homography/land/nw/nw-1275-08-000026.png,9305c81b3b022931ff5b53e1c1755182763b5cb1258826f24b9db309f797cd3b,ACCEPT_WATER,0.9026953125,0.0973046875,True,2,2,True,OK,
nw:nw-0484-02-000141,nw,data/derived/v06_water_masks_homography/land/nw/nw-0484-02-000141.png,9305c81b3b022931ff5b53e1c1755182763b5cb1258826f24b9db309f797cd3b,ACCEPT_WATER,0.9026953125,0.0973046875,True,2,2,True,OK,
3e5f5c771ababc0b79fc8552,nw,data/external/dartis/raw/nw/nw-0471-02-000128.jpg,ace1355070fc9acd49ff8cb395b4c34b5ff95bf6f9ea546d2be43e24c5303240,UNCERTAIN_BLOCK,0.2616015625,0.59635009765625,False,0,0,False,OK,
nw:nw-0253-01-000081,nw,data/derived/v06_water_masks_homography/land/nw/nw-0253-01-000081.png,9305c81b3b022931ff5b53e1c1755182763b5cb1258826f24b9db309f797cd3b,ACCEPT_WATER,0.9026953125,0.0973046875,True,2,2,True,OK,
nw:nw-0953-06-000041,nw,data/derived/v06_water_masks_homography/safe_water/nw/nw-0953-06-000041.png,3e8f4f997f71218b413032bfeda0957969e781fe928ca23500a478ba7aabf607,UNCERTAIN_BLOCK,0.0,4.8828125e-06,False,0,0,False,OK,
nw:nw-1911-11-000145,nw,data/derived/v06_water_masks/land/nw/nw-1911-11-000145.png,9305c81b3b022931ff5b53e1c1755182763b5cb1258826f24b9db309f797cd3b,ACCEPT_WATER,0.9026953125,0.0973046875,True,2,2,True,OK,
nw:nw-1156-07-000078,nw,data/external/dartis/raw/nw/nw-1156-07-000078.jpg,8c6a7f90c15f6cb6cd35d473bd16d0338c13618686470f3f035a9cfdf3a2d2a3,ACCEPT_WATER,0.96897705078125,0.031015625,True,0,0,False,OK,
nw:nw-1401-08-000152__hard_02__x224_y416,nw,data/external/dartis/processed/verifier_negative/train/nw/hard/nw-1401-08-000152__hard_02__x224_y416.png,536886fb706bac435719df2d441e3dd6fb8a4c9b08dae63e67c4500c794da81f,UNCERTAIN_BLOCK,0.6378148915816326,0.25312898596938777,False,0,0,False,OK,
nw:nw-0071-00-000071,nw,data/derived/v06_water_masks_homography/safe_water/nw/nw-0071-00-000071.png,3e8f4f997f71218b413032bfeda0957969e781fe928ca23500a478ba7aabf607,UNCERTAIN_BLOCK,0.0,4.8828125e-06,False,0,0,False,OK,
nw:nw-0190-01-000018,nw,data/external/dartis/cache/nw-0190-01-000018.jpg,4a085c74154bbf206a4134f62902dd7abe39c526f0cc452eeada03f405d8413a,ACCEPT_WATER,0.98564453125,0.01435546875,True,0,0,False,OK,
nw:nw-1224-07-000146,nw,data/derived/v06_water_masks/safe_water/nw/nw-1224-07-000146.png,3e8f4f997f71218b413032bfeda0957969e781fe928ca23500a478ba7aabf607,UNCERTAIN_BLOCK,0.0,4.8828125e-06,False,0,0,False,OK,
nw:nw-1290-08-000041,nw,data/derived/v06_water_masks_homography/land/nw/nw-1290-08-000041.png,9305c81b3b022931ff5b53e1c1755182763b5cb1258826f24b9db309f797cd3b,ACCEPT_WATER,0.9026953125,0.0973046875,True,2,2,True,OK,
nw:nw-0019-00-000019,nw,data/derived/v06_water_masks_homography/land/nw/nw-0019-00-000019.png,9305c81b3b022931ff5b53e1c1755182763b5cb1258826f24b9db309f797cd3b,ACCEPT_WATER,0.9026953125,0.0973046875,True,2,2,True,OK,
nw:nw-1550-09-000126,nw,data/derived/v06_water_masks/safe_water/nw/nw-1550-09-000126.png,3e8f4f997f71218b413032bfeda0957969e781fe928ca23500a478ba7aabf607,UNCERTAIN_BLOCK,0.0,4.8828125e-06,False,0,0,False,OK,
nw:nw-1540-09-000116,nw,data/derived/v06_water_masks_homography/land/nw/nw-1540-09-000116.png,9305c81b3b022931ff5b53e1c1755182763b5cb1258826f24b9db309f797cd3b,ACCEPT_WATER,0.9026953125,0.0973046875,True,2,2,True,OK,
nw:nw-0246-01-000074,nw,data/derived/v06_water_masks_homography/safe_water/nw/nw-0246-01-000074.png,3e8f4f997f71218b413032bfeda0957969e781fe928ca23500a478ba7aabf607,UNCERTAIN_BLOCK,0.0,4.8828125e-06,False,0,0,False,OK,
nw:nw-0573-03-000070,nw,data/derived/v06_water_masks_homography/land/nw/nw-0573-03-000070.png,9305c81b3b022931ff5b53e1c1755182763b5cb1258826f24b9db309f797cd3b,ACCEPT_WATER,0.9026953125,0.0973046875,True,2,2,True,OK,
nw:nw-1112-07-000034,nw,data/derived/v06_water_masks/safe_water/nw/nw-1112-07-000034.png,3e8f4f997f71218b413032bfeda0957969e781fe928ca23500a478ba7aabf607,UNCERTAIN_BLOCK,0.0,4.8828125e-06,False,0,0,False,OK,
nw:nw-1813-11-000047__easy_01__x112_y224,nw,data/external/dartis/processed/verifier_negative/train/nw/easy/nw-1813-11-000047__easy_01__x112_y224.png,226e9be3c580f475f1084c74f7d788077f6f12c971e8c0d9b66e13e712cecca2,ACCEPT_WATER,0.9649633290816326,0.035036670918367346,True,0,0,False,OK,
nw:nw-1019-06-000107,nw,data/external/dartis/cache/nw-1019-06-000107.jpg,6813d0da540d1fb6739264a0ca152abd66786985b48853a73e0624b92c82288a,ACCEPT_WATER,0.964619140625,0.035380859375,True,0,0,False,OK,
nw:nw-1417-08-000168,nw,data/derived/v06_water_masks_homography/land/nw/nw-1417-08-000168.png,9305c81b3b022931ff5b53e1c1755182763b5cb1258826f24b9db309f797cd3b,ACCEPT_WATER,0.9026953125,0.0973046875,True,2,2,True,OK,
nw:nw-1674-10-000082__hard_01__x416_y416,nw,data/external/dartis/processed/verifier_negative/validation/nw/hard/nw-1674-10-000082__hard_01__x416_y416.png,20909d5a0ca3adc13ea11cde4774dec7d3039f50da69a3d1736a7d9bd146a3b5,ACCEPT_WATER,0.24156967474489796,0.1555125956632653,True,0,0,False,OK,
nw:nw-1179-07-000101,nw,data/external/dartis/cache/nw-1179-07-000101.jpg,23d9db24215d0446c257cb7c295af718f83f650a862cf0d9f189267f7bfbae53,ACCEPT_WATER,0.986103515625,0.01342041015625,True,0,0,False,OK,
nw:nw-1830-11-000064__hard_01__x224_y224,nw,data/external/dartis/processed/verifier_negative/train/nw/hard/nw-1830-11-000064__hard_01__x224_y224.png,1c2ebe979f96f4b8bcd4a7529cd385db842b6392b412f52dc209502ee286f25e,ACCEPT_WATER,0.9609175701530612,0.03908242984693878,True,3,3,True,OK,
nw:nw-1730-10-000138__easy_01__x224_y336,nw,data/external/dartis/processed/verifier_negative/train/nw/easy/nw-1730-10-000138__easy_01__x224_y336.png,417e3050d936950427a104f7aec6ea336c3cbe7d1c992e523c19d715836b1562,ACCEPT_WATER,0.6370575573979592,0.21731505102040816,True,0,0,False,OK,
nw:nw-1160-07-000082,nw,data/derived/v06_water_masks/land/nw/nw-1160-07-000082.png,9305c81b3b022931ff5b53e1c1755182763b5cb1258826f24b9db309f797cd3b,ACCEPT_WATER,0.9026953125,0.0973046875,True,2,2,True,OK,
nw:nw-0517-03-000014,nw,data/derived/v06_water_masks_homography/land/nw/nw-0517-03-000014.png,9305c81b3b022931ff5b53e1c1755182763b5cb1258826f24b9db309f797cd3b,ACCEPT_WATER,0.9026953125,0.0973046875,True,2,2,True,OK,
nw:nw-0838-05-000092__hard_02__x112_y416,nw,data/external/dartis/processed/verifier_negative/train/nw/hard/nw-0838-05-000092__hard_02__x112_y416.png,de91cf5690fc841a6fda3e40d1aefba85059056a23241e553eff62874e7bf02f,ACCEPT_WATER,0.9566326530612245,0.04336734693877551,True,0,0,False,OK,
nw:nw-0069-00-000069,nw,data/external/dartis/cache/nw-0069-00-000069.jpg,5e00c23bb6dc1b09ce93b800fe89c9f09cc0265e524e24469446207435f79cca,UNCERTAIN_BLOCK,0.0458984375,0.10017578125,False,0,0,False,OK,
nw:nw-0899-05-000153,nw,data/derived/v06_water_masks/safe_water/nw/nw-0899-05-000153.png,3e8f4f997f71218b413032bfeda0957969e781fe928ca23500a478ba7aabf607,UNCERTAIN_BLOCK,0.0,4.8828125e-06,False,0,0,False,OK,
nw:nw-0315-01-000143,nw,data/derived/v06_water_masks/land/nw/nw-0315-01-000143.png,9305c81b3b022931ff5b53e1c1755182763b5cb1258826f24b9db309f797cd3b,ACCEPT_WATER,0.9026953125,0.0973046875,True,2,2,True,OK,
nw:nw-1094-07-000016,nw,data/derived/v06_water_masks/land/nw/nw-1094-07-000016.png,9305c81b3b022931ff5b53e1c1755182763b5cb1258826f24b9db309f797cd3b,ACCEPT_WATER,0.9026953125,0.0973046875,True,2,2,True,OK,
nw:nw-1543-09-000119,nw,data/derived/v06_water_masks_homography/safe_water/nw/nw-1543-09-000119.png,3e8f4f997f71218b413032bfeda0957969e781fe928ca23500a478ba7aabf607,UNCERTAIN_BLOCK,0.0,4.8828125e-06,False,0,0,False,OK,
nw:nw-0452-02-000109,nw,data/external/dartis/raw/nw/nw-0452-02-000109.jpg,316d983162d19dc52cae7cd00937711d7646643aa0b3c84f60b92eac6e755fb3,ACCEPT_WATER,0.1015966796875,0.152109375,True,0,0,False,OK,
nw:nw-0914-06-000002,nw,data/external/dartis/cache/nw-0914-06-000002.jpg,ac152e491e75dfd7f30ad8bb4dda7c242f43346910cabd938f83380cd0827403,ACCEPT_WATER,0.98176513671875,0.01823486328125,True,0,0,False,OK,
nw:nw-1782-11-000016__hard_02__x224_y0,nw,data/external/dartis/processed/verifier_negative/train/nw/hard/nw-1782-11-000016__hard_02__x224_y0.png,edd9288b63a302a614e498f7f1f3861fecd50d123f8e8dfd99d4a91093d10bb1,ACCEPT_WATER,0.9610371492346939,0.038962850765306124,True,0,0,False,OK,
nw:nw-0260-01-000088,nw,data/external/dartis/cache/nw-0260-01-000088.jpg,7750a41a6060d39f2d77ddf9e5115ec1a7d310ece0b90bb0ffe39640df88990a,ACCEPT_WATER,0.9776513671875,0.0223486328125,True,0,0,False,OK,
nw:nw-1722-10-000130__hard_02__x0_y336,nw,data/external/dartis/processed/verifier_negative/validation/nw/hard/nw-1722-10-000130__hard_02__x0_y336.png,51755ec7b346b99503d9a993e4f29f626698f1af99790a5482fb69a44af9b1f4,ACCEPT_WATER,0.21079799107142858,0.24792729591836735,True,0,0,False,OK,
nw:nw-0619-03-000116,nw,data/external/dartis/cache/nw-0619-03-000116.jpg,c41925b1c8a6eeb4728b40c6bc3e1e8e6281f038cb34a48cd4363c4cbbdf9734,UNCERTAIN_BLOCK,0.1868701171875,0.42132080078125,False,0,0,False,OK,
nw:nw-0633-03-000130,nw,data/derived/v06_water_masks_homography/land/nw/nw-0633-03-000130.png,9305c81b3b022931ff5b53e1c1755182763b5cb1258826f24b9db309f797cd3b,ACCEPT_WATER,0.9026953125,0.0973046875,True,2,2,True,OK,
nw:nw-1309-08-000060,nw,data/external/dartis/cache/nw-1309-08-000060.jpg,f85af7ac753ae69c05170dec7e581c58aaf4a471c1f04c714c28bd71d9d84eed,UNCERTAIN_BLOCK,0.27990234375,0.56566650390625,False,0,0,False,OK,
nw:nw-0883-05-000137,nw,data/external/dartis/raw/nw/nw-0883-05-000137.jpg,dbe941dc10ebd4ecd4e238da0efcc02affa825f4f35a421983a1249836ec53b1,ACCEPT_WATER,0.9812744140625,0.0187255859375,True,0,0,False,OK,
nw:nw-0239-01-000067,nw,data/external/dartis/cache/nw-0239-01-000067.jpg,a2771ed7bf6cf40d913b1e0aee9b5907fb846eb6b0ca9eb7a8fcd6a3c8b5cf13,ACCEPT_WATER,0.9802294921875,0.0197705078125,True,0,0,False,OK,
nw:nw-1196-07-000118,nw,data/derived/v06_water_masks_homography/safe_water/nw/nw-1196-07-000118.png,3e8f4f997f71218b413032bfeda0957969e781fe928ca23500a478ba7aabf607,UNCERTAIN_BLOCK,0.0,4.8828125e-06,False,0,0,False,OK,
nw:nw-0533-03-000030,nw,data/derived/v06_water_masks_homography/land/nw/nw-0533-03-000030.png,9305c81b3b022931ff5b53e1c1755182763b5cb1258826f24b9db309f797cd3b,ACCEPT_WATER,0.9026953125,0.0973046875,True,2,2,True,OK,
nw:nw-1110-07-000032__easy_01__x0_y224,nw,data/external/dartis/processed/verifier_negative/validation/nw/easy/nw-1110-07-000032__easy_01__x0_y224.png,5800ea31e1bf837086bcbe275f10eaed0ca510ea5404f81370940bf0e5a328f5,ACCEPT_WATER,0.9644451530612245,0.03555484693877551,True,0,0,False,OK,
nw:nw-0494-02-000151__hard_01__x224_y0,nw,data/external/dartis/processed/verifier_negative/train/nw/hard/nw-0494-02-000151__hard_01__x224_y0.png,313dee3a511c61a9af9fb21571e9bd36be095fc3498e5aa82876b9b4f0a6f113,ACCEPT_WATER,0.6987005739795918,0.17940848214285715,True,2,2,True,OK,
nw:nw-1729-10-000137,nw,data/external/dartis/cache/nw-1729-10-000137.jpg,f2ceddc70e99c0356709b24ec1dfcda08f63b90a8b19950b45bfac824709725a,UNCERTAIN_BLOCK,0.19804443359375,0.281044921875,False,0,0,False,OK,
nw:nw-0710-04-000045,nw,data/derived/v06_water_masks/safe_water/nw/nw-0710-04-000045.png,3e8f4f997f71218b413032bfeda0957969e781fe928ca23500a478ba7aabf607,UNCERTAIN_BLOCK,0.0,4.8828125e-06,False,0,0,False,OK,
nw:nw-1664-10-000072,nw,data/derived/v06_water_masks_homography/safe_water/nw/nw-1664-10-000072.png,3e8f4f997f71218b413032bfeda0957969e781fe928ca23500a478ba7aabf607,UNCERTAIN_BLOCK,0.0,4.8828125e-06,False,0,0,False,OK,
nw:nw-1415-08-000166,nw,data/external/dartis/cache/nw-1415-08-000166.jpg,ad55128f18fb49d5cc0992ba4a2acb0f32f49f44e4a50903ddd73814be641823,UNCERTAIN_BLOCK,0.23537841796875,0.54478515625,False,0,0,False,OK,
nw:nw-1258-08-000009,nw,data/external/dartis/cache/nw-1258-08-000009.jpg,9797464bbb6d6262cd8df3f513e827978ab9ef19e173b749645eceea20126713,UNCERTAIN_BLOCK,0.3232861328125,0.59270751953125,False,0,0,False,OK,
nw:nw-0436-02-000093,nw,data/derived/v06_water_masks/land/nw/nw-0436-02-000093.png,9305c81b3b022931ff5b53e1c1755182763b5cb1258826f24b9db309f797cd3b,ACCEPT_WATER,0.9026953125,0.0973046875,True,2,2,True,OK,
nw:nw-1642-10-000050__easy_01__x416_y112,nw,data/external/dartis/processed/verifier_negative/train/nw/easy/nw-1642-10-000050__easy_01__x416_y112.png,aa9c87855aed8ef930ad4ac2f6d8e77548c5515df24f868c9556aa499c85d3af,ACCEPT_WATER,0.9500159438775511,0.04468271683673469,True,0,0,False,OK,
nw:nw-1857-11-000091,nw,data/external/dartis/cache/nw-1857-11-000091.jpg,682c745c2dc87d693e26b8fd3809e8a01e4ebfe68f88f46e8c32b7977929ff46,ACCEPT_WATER,0.92974853515625,0.06995849609375,True,0,0,False,OK,
nw:nw-0128-00-000128,nw,data/external/dartis/cache/nw-0128-00-000128.jpg,3ab60686ed48d7f6ecc77fdad35f943277decb25733fcac08585b11397600b2b,ACCEPT_WATER,0.051220703125,0.12263916015625,True,0,0,False,OK,
nw:nw-0455-02-000112,nw,data/external/dartis/raw/nw/nw-0455-02-000112.jpg,d26c423a62c7bc00da95e57d26aa5faaf087fd269ae48982c6919b60c8227bd8,ACCEPT_WATER,0.907275390625,0.09062255859375,True,0,0,False,OK,
nw:nw-0979-06-000067,nw,data/external/dartis/raw/nw/nw-0979-06-000067.jpg,63f943137ff8cf9297551fce62db8fee2c0f3de0f829eb78ab63ecbfdb823d76,ACCEPT_WATER,0.96279052734375,0.037109375,True,0,0,False,OK,
nw:nw-1741-10-000149__easy_01__x112_y0,nw,data/external/dartis/processed/verifier_negative/validation/nw/easy/nw-1741-10-000149__easy_01__x112_y0.png,de6a6b135e4fe91b012b19107b093a0f1c1f213e1b9f76e8a0c5085378f6a211,UNCERTAIN_BLOCK,0.3236607142857143,0.4248844068877551,False,0,0,False,OK,
nw:nw-1046-06-000134,nw,data/derived/v06_water_masks/safe_water/nw/nw-1046-06-000134.png,3e8f4f997f71218b413032bfeda0957969e781fe928ca23500a478ba7aabf607,UNCERTAIN_BLOCK,0.0,4.8828125e-06,False,0,0,False,OK,
nw:nw-1310-08-000061,nw,data/derived/v06_water_masks_homography/safe_water/nw/nw-1310-08-000061.png,3e8f4f997f71218b413032bfeda0957969e781fe928ca23500a478ba7aabf607,UNCERTAIN_BLOCK,0.0,4.8828125e-06,False,0,0,False,OK,
nw:nw-1862-11-000096__easy_01__x336_y112,nw,data/external/dartis/processed/verifier_negative/validation/nw/easy/nw-1862-11-000096__easy_01__x336_y112.png,782d0d6a3c2faf5650ac22bc1b557e4978288f9baf7c36ddc8ba4328f20a13c7,ACCEPT_WATER,0.976203762755102,0.02379623724489796,True,0,0,False,OK,
nw:nw-1160-07-000082,nw,data/derived/v06_water_masks_homography/safe_water/nw/nw-1160-07-000082.png,3e8f4f997f71218b413032bfeda0957969e781fe928ca23500a478ba7aabf607,UNCERTAIN_BLOCK,0.0,4.8828125e-06,False,0,0,False,OK,
nw:nw-0535-03-000032,nw,data/external/dartis/raw/nw/nw-0535-03-000032.jpg,d65d77b2f8f8f31bb01fb93fc29c5aab7bfc072a4350dd0008121721fc71fca5,ACCEPT_WATER,0.31751220703125,0.11924560546875,True,0,0,False,OK,
nw:nw-0109-00-000109,nw,data/derived/v06_water_masks/safe_water/nw/nw-0109-00-000109.png,3e8f4f997f71218b413032bfeda0957969e781fe928ca23500a478ba7aabf607,UNCERTAIN_BLOCK,0.0,4.8828125e-06,False,0,0,False,OK,
nw:nw-1627-10-000035,nw,data/external/dartis/raw/nw/nw-1627-10-000035.jpg,9f6292bb92abe74e2557d7bd7f31398d238e9c138844349e55a1725c60c7f432,ACCEPT_WATER,0.0630712890625,0.23261474609375,True,0,0,False,OK,
nw:nw-1092-07-000014,nw,data/derived/v06_water_masks_homography/safe_water/nw/nw-1092-07-000014.png,3e8f4f997f71218b413032bfeda0957969e781fe928ca23500a478ba7aabf607,UNCERTAIN_BLOCK,0.0,4.8828125e-06,False,0,0,False,OK,
nw:nw-1646-10-000054,nw,data/external/dartis/cache/nw-1646-10-000054.jpg,8916fe829f99c0996d2f759365153aae03c4ac446cda8e6f52f207ea3afbc3e7,UNCERTAIN_BLOCK,0.028583984375,0.0831689453125,False,0,0,False,OK,
nw:nw-0959-06-000047,nw,data/derived/v06_water_masks_homography/safe_water/nw/nw-0959-06-000047.png,3e8f4f997f71218b413032bfeda0957969e781fe928ca23500a478ba7aabf607,UNCERTAIN_BLOCK,0.0,4.8828125e-06,False,0,0,False,OK,
nw:nw-1913-11-000147,nw,data/external/dartis/raw/nw/nw-1913-11-000147.jpg,44955c9d836e6c1836ec552939aacb99a9105046247d222b2dac5de7f5fcf664,UNCERTAIN_BLOCK,0.35625244140625,0.4802587890625,False,0,0,False,OK,
nw:nw-1270-08-000021,nw,data/external/dartis/raw/nw/nw-1270-08-000021.jpg,583a0f34111d6d750b89f61ed0e9937973cd399cd39bb4dea52f12f1b1407541,ACCEPT_WATER,0.950458984375,0.0495166015625,True,4,4,True,OK,
nw:nw-1597-10-000005,nw,data/external/dartis/raw/nw/nw-1597-10-000005.jpg,eda3019750756e929aebb998eb34735bb9426ba3e3059f436c966cb72dff6aad,UNCERTAIN_BLOCK,0.12934326171875,0.32193603515625,False,0,0,False,OK,
nw:nw-1167-07-000089,nw,data/derived/v06_water_masks_homography/safe_water/nw/nw-1167-07-000089.png,3e8f4f997f71218b413032bfeda0957969e781fe928ca23500a478ba7aabf607,UNCERTAIN_BLOCK,0.0,4.8828125e-06,False,0,0,False,OK,
nw:nw-1550-09-000126__hard_02__x336_y336,nw,data/external/dartis/processed/verifier_negative/train/nw/hard/nw-1550-09-000126__hard_02__x336_y336.png,fe627e6bf55537750cb02fe8c9ae4a9bf63bfc8663f03377a0e520efc8114c7d,ACCEPT_WATER,0.8828523596938775,0.11714764030612244,True,0,0,False,OK,
nw:nw-1573-09-000149,nw,data/derived/v06_water_masks/land/nw/nw-1573-09-000149.png,9305c81b3b022931ff5b53e1c1755182763b5cb1258826f24b9db309f797cd3b,ACCEPT_WATER,0.9026953125,0.0973046875,True,2,2,True,OK,
nw:nw-1686-10-000094,nw,data/derived/v06_water_masks_homography/safe_water/nw/nw-1686-10-000094.png,3e8f4f997f71218b413032bfeda0957969e781fe928ca23500a478ba7aabf607,UNCERTAIN_BLOCK,0.0,4.8828125e-06,False,0,0,False,OK,
nw:nw-0038-00-000038__easy_01__x112_y112,nw,data/external/dartis/processed/verifier_negative/validation/nw/easy/nw-0038-00-000038__easy_01__x112_y112.png,b6c627738c9b1a553b7eff104a206b3efd575707a11d8ee0ecdb90f5af9bdcf9,ACCEPT_WATER,0.9695272640306123,0.030472735969387755,True,0,0,False,OK,
