candidate_id,label,label_source,sample_id,group,split_role,source_image_path,crop_path,component_index,bbox_x1,bbox_y1,bbox_x2,bbox_y2,crop_x1,crop_y1,crop_x2,crop_y2,area_pixels,area_percent_total,verifier_probability,verifier_threshold,safe_water_fraction,uncertain_fraction
nc-0063-00-000063:01,LOOK_ALIKE,DARTIS_CANONICAL_NO_OIL_NC_NW,nc-0063-00-000063,nc,calibration,data/external/dartis/raw/nc/nc-0063-00-000063.jpg,data/mined/v07_canonical_lookalike_candidates/crops/nc-0063-00-000063__candidate_01.png,1,250,402,288,420,221,363,317,459,242,0.05908203125,1.0,0.17347800436047464,0.6447119140625,0.0317626953125
nc-0174-02-000014:03,LOOK_ALIKE,DARTIS_CANONICAL_NO_OIL_NC_NW,nc-0174-02-000014,nc,calibration,data/external/dartis/raw/nc/nc-0174-02-000014.jpg,data/mined/v07_canonical_lookalike_candidates/crops/nc-0174-02-000014__candidate_03.png,3,265,41,302,111,236,16,332,135,1218,0.29736328125,1.0,0.17347800436047464,0.6871630859375,0.0392236328125
nc-0174-02-000014:04,LOOK_ALIKE,DARTIS_CANONICAL_NO_OIL_NC_NW,nc-0174-02-000014,nc,calibration,data/external/dartis/raw/nc/nc-0174-02-000014.jpg,data/mined/v07_canonical_lookalike_candidates/crops/nc-0174-02-000014__candidate_04.png,4,196,487,213,554,156,464,252,578,674,0.16455078125,1.0,0.17347800436047464,0.6871630859375,0.0392236328125
nc-0174-02-000014:06,LOOK_ALIKE,DARTIS_CANONICAL_NO_OIL_NC_NW,nc-0174-02-000014,nc,calibration,data/external/dartis/raw/nc/nc-0174-02-000014.jpg,data/mined/v07_canonical_lookalike_candidates/crops/nc-0174-02-000014__candidate_06.png,6,219,79,256,120,190,52,286,148,592,0.14453125,1.0,0.17347800436047464,0.6871630859375,0.0392236328125
nc-0174-02-000014:10,LOOK_ALIKE,DARTIS_CANONICAL_NO_OIL_NC_NW,nc-0174-02-000014,nc,calibration,data/external/dartis/raw/nc/nc-0174-02-000014.jpg,data/mined/v07_canonical_lookalike_candidates/crops/nc-0174-02-000014__candidate_10.png,10,287,13,304,46,248,0,344,96,253,0.06176757812499999,1.0,0.17347800436047464,0.6871630859375,0.0392236328125
nc-0314-04-000035:04,LOOK_ALIKE,DARTIS_CANONICAL_NO_OIL_NC_NW,nc-0314-04-000035,nc,calibration,data/external/dartis/raw/nc/nc-0314-04-000035.jpg,data/mined/v07_canonical_lookalike_candidates/crops/nc-0314-04-000035__candidate_04.png,4,605,383,640,458,544,356,640,484,1076,0.2626953125,1.0,0.17347800436047464,0.8849658203125,0.01947509765625
nc-0314-04-000035:05,LOOK_ALIKE,DARTIS_CANONICAL_NO_OIL_NC_NW,nc-0314-04-000035,nc,calibration,data/external/dartis/raw/nc/nc-0314-04-000035.jpg,data/mined/v07_canonical_lookalike_candidates/crops/nc-0314-04-000035__candidate_05.png,5,571,404,613,453,544,380,640,476,1044,0.2548828125,1.0,0.17347800436047464,0.8849658203125,0.01947509765625
nc-0314-04-000035:07,LOOK_ALIKE,DARTIS_CANONICAL_NO_OIL_NC_NW,nc-0314-04-000035,nc,calibration,data/external/dartis/raw/nc/nc-0314-04-000035.jpg,data/mined/v07_canonical_lookalike_candidates/crops/nc-0314-04-000035__candidate_07.png,7,25,564,61,609,0,538,96,634,534,0.13037109375,1.0,0.17347800436047464,0.8849658203125,0.01947509765625
nc-0314-04-000035:09,LOOK_ALIKE,DARTIS_CANONICAL_NO_OIL_NC_NW,nc-0314-04-000035,nc,calibration,data/external/dartis/raw/nc/nc-0314-04-000035.jpg,data/mined/v07_canonical_lookalike_candidates/crops/nc-0314-04-000035__candidate_09.png,9,58,532,71,563,16,500,112,596,259,0.063232421875,1.0,0.17347800436047464,0.8849658203125,0.01947509765625
nc-0314-04-000035:11,LOOK_ALIKE,DARTIS_CANONICAL_NO_OIL_NC_NW,nc-0314-04-000035,nc,calibration,data/external/dartis/raw/nc/nc-0314-04-000035.jpg,data/mined/v07_canonical_lookalike_candidates/crops/nc-0314-04-000035__candidate_11.png,11,549,449,573,466,513,410,609,506,254,0.06201171875,1.0,0.17347800436047464,0.8849658203125,0.01947509765625
nc-0295-04-000016:03,LOOK_ALIKE,DARTIS_CANONICAL_NO_OIL_NC_NW,nc-0295-04-000016,nc,calibration,data/external/dartis/raw/nc/nc-0295-04-000016.jpg,data/mined/v07_canonical_lookalike_candidates/crops/nc-0295-04-000016__candidate_03.png,3,259,623,321,639,238,544,343,640,484,0.1181640625,1.0,0.17347800436047464,0.5595458984375,0.051904296875
nc-0034-00-000034:04,LOOK_ALIKE,DARTIS_CANONICAL_NO_OIL_NC_NW,nc-0034-00-000034,nc,calibration,data/external/dartis/raw/nc/nc-0034-00-000034.jpg,data/mined/v07_canonical_lookalike_candidates/crops/nc-0034-00-000034__candidate_04.png,4,173,243,205,289,141,218,237,314,726,0.17724609375,1.0,0.17347800436047464,0.9731884765625,0.02253173828125
nc-0034-00-000034:05,LOOK_ALIKE,DARTIS_CANONICAL_NO_OIL_NC_NW,nc-0034-00-000034,nc,calibration,data/external/dartis/raw/nc/nc-0034-00-000034.jpg,data/mined/v07_canonical_lookalike_candidates/crops/nc-0034-00-000034__candidate_05.png,5,350,139,368,163,311,103,407,199,245,0.05981445312500001,1.0,0.17347800436047464,0.9731884765625,0.02253173828125
nc-0034-00-000034:06,LOOK_ALIKE,DARTIS_CANONICAL_NO_OIL_NC_NW,nc-0034-00-000034,nc,calibration,data/external/dartis/raw/nc/nc-0034-00-000034.jpg,data/mined/v07_canonical_lookalike_candidates/crops/nc-0034-00-000034__candidate_06.png,6,342,270,369,284,308,229,404,325,220,0.05371093750000001,1.0,0.17347800436047464,0.9731884765625,0.02253173828125
nc-0174-02-000014:09,LOOK_ALIKE,DARTIS_CANONICAL_NO_OIL_NC_NW,nc-0174-02-000014,nc,calibration,data/external/dartis/raw/nc/nc-0174-02-000014.jpg,data/mined/v07_canonical_lookalike_candidates/crops/nc-0174-02-000014__candidate_09.png,9,310,2,349,32,282,0,378,96,363,0.088623046875,0.9999998807907104,0.17347800436047464,0.6871630859375,0.0392236328125
nc-0119-01-000043:01,LOOK_ALIKE,DARTIS_CANONICAL_NO_OIL_NC_NW,nc-0119-01-000043,nc,calibration,data/external/dartis/raw/nc/nc-0119-01-000043.jpg,data/mined/v07_canonical_lookalike_candidates/crops/nc-0119-01-000043__candidate_01.png,1,388,75,422,114,357,46,453,142,330,0.08056640625,0.9999889135360718,0.17347800436047464,0.39307373046875,0.11150146484375
nw-1249-07-000171:01,LOOK_ALIKE,DARTIS_CANONICAL_NO_OIL_NC_NW,nw-1249-07-000171,nw,calibration,data/external/dartis/raw/nw/nw-1249-07-000171.jpg,data/mined/v07_canonical_lookalike_candidates/crops/nw-1249-07-000171__candidate_01.png,1,550,157,580,183,517,122,613,218,260,0.0634765625,0.9999849796295166,0.17347800436047464,0.9548095703125,0.04509033203125
nc-0295-04-000016:02,LOOK_ALIKE,DARTIS_CANONICAL_NO_OIL_NC_NW,nc-0295-04-000016,nc,calibration,data/external/dartis/raw/nc/nc-0295-04-000016.jpg,data/mined/v07_canonical_lookalike_candidates/crops/nc-0295-04-000016__candidate_02.png,2,303,124,323,268,265,74,361,319,1308,0.3193359375,0.9999678134918213,0.17347800436047464,0.5595458984375,0.051904296875
nc-0034-00-000034:03,LOOK_ALIKE,DARTIS_CANONICAL_NO_OIL_NC_NW,nc-0034-00-000034,nc,calibration,data/external/dartis/raw/nc/nc-0034-00-000034.jpg,data/mined/v07_canonical_lookalike_candidates/crops/nc-0034-00-000034__candidate_03.png,3,0,381,18,614,0,244,96,640,1763,0.430419921875,0.9999363422393799,0.17347800436047464,0.9731884765625,0.02253173828125
nc-0250-03-000015:01,LOOK_ALIKE,DARTIS_CANONICAL_NO_OIL_NC_NW,nc-0250-03-000015,nc,calibration,data/external/dartis/raw/nc/nc-0250-03-000015.jpg,data/mined/v07_canonical_lookalike_candidates/crops/nc-0250-03-000015__candidate_01.png,1,501,291,526,400,466,253,562,438,424,0.103515625,0.9999113082885742,0.17347800436047464,0.80616455078125,0.00916259765625
nw-1280-08-000031:01,LOOK_ALIKE,DARTIS_CANONICAL_NO_OIL_NC_NW,nw-1280-08-000031,nw,calibration,data/external/dartis/raw/nw/nw-1280-08-000031.jpg,data/mined/v07_canonical_lookalike_candidates/crops/nw-1280-08-000031__candidate_01.png,1,477,111,544,187,454,84,568,213,2429,0.593017578125,0.9997804760932922,0.17347800436047464,0.794619140625,0.158505859375
nc-0034-00-000034:02,LOOK_ALIKE,DARTIS_CANONICAL_NO_OIL_NC_NW,nc-0034-00-000034,nc,calibration,data/external/dartis/raw/nc/nc-0034-00-000034.jpg,data/mined/v07_canonical_lookalike_candidates/crops/nc-0034-00-000034__candidate_02.png,2,1,176,53,347,0,116,96,407,2429,0.593017578125,0.9996532201766968,0.17347800436047464,0.9731884765625,0.02253173828125
nc-0295-04-000016:01,LOOK_ALIKE,DARTIS_CANONICAL_NO_OIL_NC_NW,nc-0295-04-000016,nc,calibration,data/external/dartis/raw/nc/nc-0295-04-000016.jpg,data/mined/v07_canonical_lookalike_candidates/crops/nc-0295-04-000016__candidate_01.png,1,228,1,306,618,200,0,333,640,15189,3.7082519531249996,0.9906392097473145,0.17347800436047464,0.5595458984375,0.051904296875
nc-0297-04-000018:06,LOOK_ALIKE,DARTIS_CANONICAL_NO_OIL_NC_NW,nc-0297-04-000018,nc,locked_test,data/external/dartis/raw/nc/nc-0297-04-000018.jpg,data/mined/v07_canonical_lookalike_candidates/crops/nc-0297-04-000018__candidate_06.png,6,395,93,428,120,364,58,460,154,352,0.0859375,1.0,0.17347800436047464,0.678564453125,0.17513671875
nc-0297-04-000018:07,LOOK_ALIKE,DARTIS_CANONICAL_NO_OIL_NC_NW,nc-0297-04-000018,nc,locked_test,data/external/dartis/raw/nc/nc-0297-04-000018.jpg,data/mined/v07_canonical_lookalike_candidates/crops/nc-0297-04-000018__candidate_07.png,7,178,155,211,176,146,118,242,214,314,0.07666015625,1.0,0.17347800436047464,0.678564453125,0.17513671875
nc-0297-04-000018:08,LOOK_ALIKE,DARTIS_CANONICAL_NO_OIL_NC_NW,nc-0297-04-000018,nc,locked_test,data/external/dartis/raw/nc/nc-0297-04-000018.jpg,data/mined/v07_canonical_lookalike_candidates/crops/nc-0297-04-000018__candidate_08.png,8,376,138,397,164,338,103,434,199,259,0.063232421875,1.0,0.17347800436047464,0.678564453125,0.17513671875
nc-0297-04-000018:10,LOOK_ALIKE,DARTIS_CANONICAL_NO_OIL_NC_NW,nc-0297-04-000018,nc,locked_test,data/external/dartis/raw/nc/nc-0297-04-000018.jpg,data/mined/v07_canonical_lookalike_candidates/crops/nc-0297-04-000018__candidate_10.png,10,219,155,245,176,184,118,280,214,231,0.056396484375,1.0,0.17347800436047464,0.678564453125,0.17513671875
nc-0184-02-000024:03,LOOK_ALIKE,DARTIS_CANONICAL_NO_OIL_NC_NW,nc-0184-02-000024,nc,locked_test,data/external/dartis/raw/nc/nc-0184-02-000024.jpg,data/mined/v07_canonical_lookalike_candidates/crops/nc-0184-02-000024__candidate_03.png,3,15,24,36,71,0,0,96,96,465,0.11352539062500001,0.9999998807907104,0.17347800436047464,0.8905322265625,0.07371826171875
nc-0297-04-000018:04,LOOK_ALIKE,DARTIS_CANONICAL_NO_OIL_NC_NW,nc-0297-04-000018,nc,locked_test,data/external/dartis/raw/nc/nc-0297-04-000018.jpg,data/mined/v07_canonical_lookalike_candidates/crops/nc-0297-04-000018__candidate_04.png,4,364,72,407,138,338,49,434,161,723,0.176513671875,0.9999998807907104,0.17347800436047464,0.678564453125,0.17513671875
nc-0066-00-000066:02,LOOK_ALIKE,DARTIS_CANONICAL_NO_OIL_NC_NW,nc-0066-00-000066,nc,locked_test,data/external/dartis/raw/nc/nc-0066-00-000066.jpg,data/mined/v07_canonical_lookalike_candidates/crops/nc-0066-00-000066__candidate_02.png,2,544,575,559,606,504,542,600,638,246,0.06005859375,0.9999997615814209,0.17347800436047464,0.6100146484375,0.03546630859375
nc-0066-00-000066:01,LOOK_ALIKE,DARTIS_CANONICAL_NO_OIL_NC_NW,nc-0066-00-000066,nc,locked_test,data/external/dartis/raw/nc/nc-0066-00-000066.jpg,data/mined/v07_canonical_lookalike_candidates/crops/nc-0066-00-000066__candidate_01.png,1,44,328,105,418,22,296,126,449,685,0.167236328125,0.9999996423721313,0.17347800436047464,0.6100146484375,0.03546630859375
nc-0116-01-000040:04,LOOK_ALIKE,DARTIS_CANONICAL_NO_OIL_NC_NW,nc-0116-01-000040,nc,locked_test,data/external/dartis/raw/nc/nc-0116-01-000040.jpg,data/mined/v07_canonical_lookalike_candidates/crops/nc-0116-01-000040__candidate_04.png,4,233,160,253,185,195,124,291,220,293,0.071533203125,0.9999992847442627,0.17347800436047464,0.65471435546875,0.01969970703125
nc-0184-02-000024:02,LOOK_ALIKE,DARTIS_CANONICAL_NO_OIL_NC_NW,nc-0184-02-000024,nc,locked_test,data/external/dartis/raw/nc/nc-0184-02-000024.jpg,data/mined/v07_canonical_lookalike_candidates/crops/nc-0184-02-000024__candidate_02.png,2,22,251,53,354,0,215,96,390,1630,0.39794921875,0.9999991655349731,0.17347800436047464,0.8905322265625,0.07371826171875
nc-0286-04-000007:02,LOOK_ALIKE,DARTIS_CANONICAL_NO_OIL_NC_NW,nc-0286-04-000007,nc,locked_test,data/external/dartis/raw/nc/nc-0286-04-000007.jpg,data/mined/v07_canonical_lookalike_candidates/crops/nc-0286-04-000007__candidate_02.png,2,369,2,404,63,338,0,434,104,412,0.1005859375,0.9999974966049194,0.17347800436047464,0.89118408203125,0.09043212890625
nc-0116-01-000040:06,LOOK_ALIKE,DARTIS_CANONICAL_NO_OIL_NC_NW,nc-0116-01-000040,nc,locked_test,data/external/dartis/raw/nc/nc-0116-01-000040.jpg,data/mined/v07_canonical_lookalike_candidates/crops/nc-0116-01-000040__candidate_06.png,6,519,392,546,441,484,368,580,464,221,0.053955078125,0.9999963045120239,0.17347800436047464,0.65471435546875,0.01969970703125
nc-0116-01-000040:05,LOOK_ALIKE,DARTIS_CANONICAL_NO_OIL_NC_NW,nc-0116-01-000040,nc,locked_test,data/external/dartis/raw/nc/nc-0116-01-000040.jpg,data/mined/v07_canonical_lookalike_candidates/crops/nc-0116-01-000040__candidate_05.png,5,306,118,329,144,270,83,366,179,251,0.06127929687499999,0.9999960660934448,0.17347800436047464,0.65471435546875,0.01969970703125
nc-0116-01-000040:03,LOOK_ALIKE,DARTIS_CANONICAL_NO_OIL_NC_NW,nc-0116-01-000040,nc,locked_test,data/external/dartis/raw/nc/nc-0116-01-000040.jpg,data/mined/v07_canonical_lookalike_candidates/crops/nc-0116-01-000040__candidate_03.png,3,519,316,537,364,480,292,576,388,323,0.078857421875,0.9999947547912598,0.17347800436047464,0.65471435546875,0.01969970703125
nc-0287-04-000008:02,LOOK_ALIKE,DARTIS_CANONICAL_NO_OIL_NC_NW,nc-0287-04-000008,nc,locked_test,data/external/dartis/raw/nc/nc-0287-04-000008.jpg,data/mined/v07_canonical_lookalike_candidates/crops/nc-0287-04-000008__candidate_02.png,2,529,370,595,424,506,349,618,445,496,0.12109375,0.9999791383743286,0.17347800436047464,0.22998046875,0.1016455078125
nc-0017-00-000017:01,LOOK_ALIKE,DARTIS_CANONICAL_NO_OIL_NC_NW,nc-0017-00-000017,nc,locked_test,data/external/dartis/raw/nc/nc-0017-00-000017.jpg,data/mined/v07_canonical_lookalike_candidates/crops/nc-0017-00-000017__candidate_01.png,1,262,524,276,568,221,498,317,594,234,0.05712890625,0.9999772310256958,0.17347800436047464,0.9126513671875,0.04289794921875
nc-0066-00-000066:03,LOOK_ALIKE,DARTIS_CANONICAL_NO_OIL_NC_NW,nc-0066-00-000066,nc,locked_test,data/external/dartis/raw/nc/nc-0066-00-000066.jpg,data/mined/v07_canonical_lookalike_candidates/crops/nc-0066-00-000066__candidate_03.png,3,335,397,368,424,304,362,400,458,208,0.05078125,0.9999696016311646,0.17347800436047464,0.6100146484375,0.03546630859375
nc-0286-04-000007:04,LOOK_ALIKE,DARTIS_CANONICAL_NO_OIL_NC_NW,nc-0286-04-000007,nc,locked_test,data/external/dartis/raw/nc/nc-0286-04-000007.jpg,data/mined/v07_canonical_lookalike_candidates/crops/nc-0286-04-000007__candidate_04.png,4,445,231,507,239,424,187,529,283,209,0.051025390625,0.9999591112136841,0.17347800436047464,0.89118408203125,0.09043212890625
nc-0286-04-000007:03,LOOK_ALIKE,DARTIS_CANONICAL_NO_OIL_NC_NW,nc-0286-04-000007,nc,locked_test,data/external/dartis/raw/nc/nc-0286-04-000007.jpg,data/mined/v07_canonical_lookalike_candidates/crops/nc-0286-04-000007__candidate_03.png,3,354,7,381,41,320,0,416,96,262,0.06396484375,0.9999223947525024,0.17347800436047464,0.89118408203125,0.09043212890625
nc-0116-01-000040:02,LOOK_ALIKE,DARTIS_CANONICAL_NO_OIL_NC_NW,nc-0116-01-000040,nc,locked_test,data/external/dartis/raw/nc/nc-0116-01-000040.jpg,data/mined/v07_canonical_lookalike_candidates/crops/nc-0116-01-000040__candidate_02.png,2,520,466,538,592,481,422,577,636,548,0.1337890625,0.9999138116836548,0.17347800436047464,0.65471435546875,0.01969970703125
nc-0184-02-000024:01,LOOK_ALIKE,DARTIS_CANONICAL_NO_OIL_NC_NW,nc-0184-02-000024,nc,locked_test,data/external/dartis/raw/nc/nc-0184-02-000024.jpg,data/mined/v07_canonical_lookalike_candidates/crops/nc-0184-02-000024__candidate_01.png,1,29,404,105,640,2,239,131,640,5642,1.37744140625,0.9983561635017395,0.17347800436047464,0.8905322265625,0.07371826171875
nc-0287-04-000008:03,LOOK_ALIKE,DARTIS_CANONICAL_NO_OIL_NC_NW,nc-0287-04-000008,nc,locked_test,data/external/dartis/raw/nc/nc-0287-04-000008.jpg,data/mined/v07_canonical_lookalike_candidates/crops/nc-0287-04-000008__candidate_03.png,3,176,630,233,639,156,544,253,640,329,0.080322265625,0.9981928467750549,0.17347800436047464,0.22998046875,0.1016455078125
nc-0286-04-000007:01,LOOK_ALIKE,DARTIS_CANONICAL_NO_OIL_NC_NW,nc-0286-04-000007,nc,locked_test,data/external/dartis/raw/nc/nc-0286-04-000007.jpg,data/mined/v07_canonical_lookalike_candidates/crops/nc-0286-04-000007__candidate_01.png,1,509,227,632,263,431,197,640,293,810,0.19775390625,0.9912387728691101,0.17347800436047464,0.89118408203125,0.09043212890625
nc-0016-00-000016:01,LOOK_ALIKE,DARTIS_CANONICAL_NO_OIL_NC_NW,nc-0016-00-000016,nc,locked_test,data/external/dartis/raw/nc/nc-0016-00-000016.jpg,data/mined/v07_canonical_lookalike_candidates/crops/nc-0016-00-000016__candidate_01.png,1,277,154,398,359,234,82,440,430,1908,0.46582031249999994,0.9742120504379272,0.17347800436047464,0.73180419921875,0.0609716796875
nc-0287-04-000008:01,LOOK_ALIKE,DARTIS_CANONICAL_NO_OIL_NC_NW,nc-0287-04-000008,nc,locked_test,data/external/dartis/raw/nc/nc-0287-04-000008.jpg,data/mined/v07_canonical_lookalike_candidates/crops/nc-0287-04-000008__candidate_01.png,1,444,232,601,318,373,202,640,348,5196,1.2685546875,0.49549221992492676,0.17347800436047464,0.22998046875,0.1016455078125
nc-0289-04-000010:02,LOOK_ALIKE,DARTIS_CANONICAL_NO_OIL_NC_NW,nc-0289-04-000010,nc,train,data/external/dartis/raw/nc/nc-0289-04-000010.jpg,data/mined/v07_canonical_lookalike_candidates/crops/nc-0289-04-000010__candidate_02.png,2,128,132,173,170,102,103,198,199,832,0.203125,1.0,0.17347800436047464,0.34119384765625,0.06414794921875
nc-0289-04-000010:04,LOOK_ALIKE,DARTIS_CANONICAL_NO_OIL_NC_NW,nc-0289-04-000010,nc,train,data/external/dartis/raw/nc/nc-0289-04-000010.jpg,data/mined/v07_canonical_lookalike_candidates/crops/nc-0289-04-000010__candidate_04.png,4,33,56,56,80,0,20,96,116,299,0.072998046875,1.0,0.17347800436047464,0.34119384765625,0.06414794921875
nc-0152-01-000076:06,LOOK_ALIKE,DARTIS_CANONICAL_NO_OIL_NC_NW,nc-0152-01-000076,nc,train,data/external/dartis/raw/nc/nc-0152-01-000076.jpg,data/mined/v07_canonical_lookalike_candidates/crops/nc-0152-01-000076__candidate_06.png,6,237,272,302,305,214,240,324,336,979,0.23901367187499997,1.0,0.17347800436047464,0.64014892578125,0.011279296875
nc-0152-01-000076:10,LOOK_ALIKE,DARTIS_CANONICAL_NO_OIL_NC_NW,nc-0152-01-000076,nc,train,data/external/dartis/raw/nc/nc-0152-01-000076.jpg,data/mined/v07_canonical_lookalike_candidates/crops/nc-0152-01-000076__candidate_10.png,10,441,629,479,640,412,544,508,640,246,0.06005859375,1.0,0.17347800436047464,0.64014892578125,0.011279296875
nc-0328-04-000049:02,LOOK_ALIKE,DARTIS_CANONICAL_NO_OIL_NC_NW,nc-0328-04-000049,nc,train,data/external/dartis/raw/nc/nc-0328-04-000049.jpg,data/mined/v07_canonical_lookalike_candidates/crops/nc-0328-04-000049__candidate_02.png,2,556,102,611,130,536,68,632,164,867,0.211669921875,1.0,0.17347800436047464,0.673779296875,0.16056396484375
nc-0328-04-000049:05,LOOK_ALIKE,DARTIS_CANONICAL_NO_OIL_NC_NW,nc-0328-04-000049,nc,train,data/external/dartis/raw/nc/nc-0328-04-000049.jpg,data/mined/v07_canonical_lookalike_candidates/crops/nc-0328-04-000049__candidate_05.png,5,370,84,415,107,344,48,440,144,404,0.0986328125,1.0,0.17347800436047464,0.673779296875,0.16056396484375
nc-0328-04-000049:06,LOOK_ALIKE,DARTIS_CANONICAL_NO_OIL_NC_NW,nc-0328-04-000049,nc,train,data/external/dartis/raw/nc/nc-0328-04-000049.jpg,data/mined/v07_canonical_lookalike_candidates/crops/nc-0328-04-000049__candidate_06.png,6,230,58,262,74,198,18,294,114,293,0.071533203125,1.0,0.17347800436047464,0.673779296875,0.16056396484375
nc-0288-04-000009:05,LOOK_ALIKE,DARTIS_CANONICAL_NO_OIL_NC_NW,nc-0288-04-000009,nc,train,data/external/dartis/raw/nc/nc-0288-04-000009.jpg,data/mined/v07_canonical_lookalike_candidates/crops/nc-0288-04-000009__candidate_05.png,5,1,357,44,422,0,334,96,444,1324,0.3232421875,1.0,0.17347800436047464,0.3428466796875,0.1111328125
nc-0288-04-000009:07,LOOK_ALIKE,DARTIS_CANONICAL_NO_OIL_NC_NW,nc-0288-04-000009,nc,train,data/external/dartis/raw/nc/nc-0288-04-000009.jpg,data/mined/v07_canonical_lookalike_candidates/crops/nc-0288-04-000009__candidate_07.png,7,101,171,139,221,72,148,168,244,557,0.135986328125,1.0,0.17347800436047464,0.3428466796875,0.1111328125
nc-0288-04-000009:09,LOOK_ALIKE,DARTIS_CANONICAL_NO_OIL_NC_NW,nc-0288-04-000009,nc,train,data/external/dartis/raw/nc/nc-0288-04-000009.jpg,data/mined/v07_canonical_lookalike_candidates/crops/nc-0288-04-000009__candidate_09.png,9,625,378,640,433,544,358,640,454,397,0.096923828125,1.0,0.17347800436047464,0.3428466796875,0.1111328125
nc-0288-04-000009:11,LOOK_ALIKE,DARTIS_CANONICAL_NO_OIL_NC_NW,nc-0288-04-000009,nc,train,data/external/dartis/raw/nc/nc-0288-04-000009.jpg,data/mined/v07_canonical_lookalike_candidates/crops/nc-0288-04-000009__candidate_11.png,11,44,404,103,422,24,365,124,461,255,0.06225585937499999,1.0,0.17347800436047464,0.3428466796875,0.1111328125
nc-0129-01-000053:03,LOOK_ALIKE,DARTIS_CANONICAL_NO_OIL_NC_NW,nc-0129-01-000053,nc,train,data/external/dartis/raw/nc/nc-0129-01-000053.jpg,data/mined/v07_canonical_lookalike_candidates/crops/nc-0129-01-000053__candidate_03.png,3,377,243,425,331,353,212,449,362,2055,0.501708984375,1.0,0.17347800436047464,0.46747314453125,0.048798828125
nc-0129-01-000053:14,LOOK_ALIKE,DARTIS_CANONICAL_NO_OIL_NC_NW,nc-0129-01-000053,nc,train,data/external/dartis/raw/nc/nc-0129-01-000053.jpg,data/mined/v07_canonical_lookalike_candidates/crops/nc-0129-01-000053__candidate_14.png,14,522,313,548,342,487,280,583,376,366,0.08935546875,1.0,0.17347800436047464,0.46747314453125,0.048798828125
nc-0129-01-000053:17,LOOK_ALIKE,DARTIS_CANONICAL_NO_OIL_NC_NW,nc-0129-01-000053,nc,train,data/external/dartis/raw/nc/nc-0129-01-000053.jpg,data/mined/v07_canonical_lookalike_candidates/crops/nc-0129-01-000053__candidate_17.png,17,171,275,206,288,140,234,236,330,273,0.066650390625,1.0,0.17347800436047464,0.46747314453125,0.048798828125
nc-0129-01-000053:18,LOOK_ALIKE,DARTIS_CANONICAL_NO_OIL_NC_NW,nc-0129-01-000053,nc,train,data/external/dartis/raw/nc/nc-0129-01-000053.jpg,data/mined/v07_canonical_lookalike_candidates/crops/nc-0129-01-000053__candidate_18.png,18,180,261,223,287,154,226,250,322,217,0.052978515625,1.0,0.17347800436047464,0.46747314453125,0.048798828125
nc-0270-03-000035:01,LOOK_ALIKE,DARTIS_CANONICAL_NO_OIL_NC_NW,nc-0270-03-000035,nc,train,data/external/dartis/raw/nc/nc-0270-03-000035.jpg,data/mined/v07_canonical_lookalike_candidates/crops/nc-0270-03-000035__candidate_01.png,1,463,627,506,638,436,544,532,640,226,0.05517578124999999,1.0,0.17347800436047464,0.13140625,0.167958984375
nc-0170-02-000010:05,LOOK_ALIKE,DARTIS_CANONICAL_NO_OIL_NC_NW,nc-0170-02-000010,nc,train,data/external/dartis/raw/nc/nc-0170-02-000010.jpg,data/mined/v07_canonical_lookalike_candidates/crops/nc-0170-02-000010__candidate_05.png,5,31,547,84,605,10,526,106,625,1507,0.367919921875,1.0,0.17347800436047464,0.17598876953125,0.2175830078125
nc-0170-02-000010:06,LOOK_ALIKE,DARTIS_CANONICAL_NO_OIL_NC_NW,nc-0170-02-000010,nc,train,data/external/dartis/raw/nc/nc-0170-02-000010.jpg,data/mined/v07_canonical_lookalike_candidates/crops/nc-0170-02-000010__candidate_06.png,6,63,603,120,640,43,544,140,640,1023,0.249755859375,1.0,0.17347800436047464,0.17598876953125,0.2175830078125
nc-0170-02-000010:07,LOOK_ALIKE,DARTIS_CANONICAL_NO_OIL_NC_NW,nc-0170-02-000010,nc,train,data/external/dartis/raw/nc/nc-0170-02-000010.jpg,data/mined/v07_canonical_lookalike_candidates/crops/nc-0170-02-000010__candidate_07.png,7,149,520,187,580,120,499,216,601,894,0.21826171875,1.0,0.17347800436047464,0.17598876953125,0.2175830078125
nc-0170-02-000010:08,LOOK_ALIKE,DARTIS_CANONICAL_NO_OIL_NC_NW,nc-0170-02-000010,nc,train,data/external/dartis/raw/nc/nc-0170-02-000010.jpg,data/mined/v07_canonical_lookalike_candidates/crops/nc-0170-02-000010__candidate_08.png,8,0,550,31,613,0,528,96,635,839,0.204833984375,1.0,0.17347800436047464,0.17598876953125,0.2175830078125
nc-0170-02-000010:09,LOOK_ALIKE,DARTIS_CANONICAL_NO_OIL_NC_NW,nc-0170-02-000010,nc,train,data/external/dartis/raw/nc/nc-0170-02-000010.jpg,data/mined/v07_canonical_lookalike_candidates/crops/nc-0170-02-000010__candidate_09.png,9,414,453,465,491,392,424,488,520,749,0.182861328125,1.0,0.17347800436047464,0.17598876953125,0.2175830078125
nc-0067-00-000067:01,LOOK_ALIKE,DARTIS_CANONICAL_NO_OIL_NC_NW,nc-0067-00-000067,nc,train,data/external/dartis/raw/nc/nc-0067-00-000067.jpg,data/mined/v07_canonical_lookalike_candidates/crops/nc-0067-00-000067__candidate_01.png,1,433,436,483,496,410,415,506,517,521,0.127197265625,1.0,0.17347800436047464,0.36545166015625,0.11495361328125
nc-0067-00-000067:02,LOOK_ALIKE,DARTIS_CANONICAL_NO_OIL_NC_NW,nc-0067-00-000067,nc,train,data/external/dartis/raw/nc/nc-0067-00-000067.jpg,data/mined/v07_canonical_lookalike_candidates/crops/nc-0067-00-000067__candidate_02.png,2,414,330,450,354,384,294,480,390,417,0.101806640625,1.0,0.17347800436047464,0.36545166015625,0.11495361328125
nc-0293-04-000014:10,LOOK_ALIKE,DARTIS_CANONICAL_NO_OIL_NC_NW,nc-0293-04-000014,nc,train,data/external/dartis/raw/nc/nc-0293-04-000014.jpg,data/mined/v07_canonical_lookalike_candidates/crops/nc-0293-04-000014__candidate_10.png,10,453,186,477,238,417,164,513,260,716,0.1748046875,1.0,0.17347800436047464,0.4196923828125,0.05982421875
nc-0293-04-000014:13,LOOK_ALIKE,DARTIS_CANONICAL_NO_OIL_NC_NW,nc-0293-04-000014,nc,train,data/external/dartis/raw/nc/nc-0293-04-000014.jpg,data/mined/v07_canonical_lookalike_candidates/crops/nc-0293-04-000014__candidate_13.png,13,114,511,134,528,76,472,172,568,228,0.05566406249999999,1.0,0.17347800436047464,0.4196923828125,0.05982421875
nc-0150-01-000074:06,LOOK_ALIKE,DARTIS_CANONICAL_NO_OIL_NC_NW,nc-0150-01-000074,nc,train,data/external/dartis/raw/nc/nc-0150-01-000074.jpg,data/mined/v07_canonical_lookalike_candidates/crops/nc-0150-01-000074__candidate_06.png,6,441,591,477,639,411,544,507,640,240,0.05859375,1.0,0.17347800436047464,0.7152734375,0.0410009765625
nc-0323-04-000044:06,LOOK_ALIKE,DARTIS_CANONICAL_NO_OIL_NC_NW,nc-0323-04-000044,nc,train,data/external/dartis/raw/nc/nc-0323-04-000044.jpg,data/mined/v07_canonical_lookalike_candidates/crops/nc-0323-04-000044__candidate_06.png,6,373,263,422,311,350,239,446,335,942,0.22998046875,1.0,0.17347800436047464,0.546796875,0.162197265625
nc-0323-04-000044:11,LOOK_ALIKE,DARTIS_CANONICAL_NO_OIL_NC_NW,nc-0323-04-000044,nc,train,data/external/dartis/raw/nc/nc-0323-04-000044.jpg,data/mined/v07_canonical_lookalike_candidates/crops/nc-0323-04-000044__candidate_11.png,11,462,0,519,30,442,0,539,96,482,0.11767578125,1.0,0.17347800436047464,0.546796875,0.162197265625
nc-0323-04-000044:12,LOOK_ALIKE,DARTIS_CANONICAL_NO_OIL_NC_NW,nc-0323-04-000044,nc,train,data/external/dartis/raw/nc/nc-0323-04-000044.jpg,data/mined/v07_canonical_lookalike_candidates/crops/nc-0323-04-000044__candidate_12.png,12,536,55,569,96,504,28,600,124,407,0.099365234375,1.0,0.17347800436047464,0.546796875,0.162197265625
nc-0323-04-000044:13,LOOK_ALIKE,DARTIS_CANONICAL_NO_OIL_NC_NW,nc-0323-04-000044,nc,train,data/external/dartis/raw/nc/nc-0323-04-000044.jpg,data/mined/v07_canonical_lookalike_candidates/crops/nc-0323-04-000044__candidate_13.png,13,296,210,316,246,258,180,354,276,331,0.080810546875,1.0,0.17347800436047464,0.546796875,0.162197265625
nc-0323-04-000044:14,LOOK_ALIKE,DARTIS_CANONICAL_NO_OIL_NC_NW,nc-0323-04-000044,nc,train,data/external/dartis/raw/nc/nc-0323-04-000044.jpg,data/mined/v07_canonical_lookalike_candidates/crops/nc-0323-04-000044__candidate_14.png,14,418,260,438,285,380,224,476,320,253,0.06176757812499999,1.0,0.17347800436047464,0.546796875,0.162197265625
nc-0103-01-000027:05,LOOK_ALIKE,DARTIS_CANONICAL_NO_OIL_NC_NW,nc-0103-01-000027,nc,train,data/external/dartis/raw/nc/nc-0103-01-000027.jpg,data/mined/v07_canonical_lookalike_candidates/crops/nc-0103-01-000027__candidate_05.png,5,545,244,577,267,513,208,609,304,418,0.10205078125,1.0,0.17347800436047464,0.7508203125,0.01364990234375
nc-0103-01-000027:08,LOOK_ALIKE,DARTIS_CANONICAL_NO_OIL_NC_NW,nc-0103-01-000027,nc,train,data/external/dartis/raw/nc/nc-0103-01-000027.jpg,data/mined/v07_canonical_lookalike_candidates/crops/nc-0103-01-000027__candidate_08.png,8,398,46,430,72,366,11,462,107,309,0.075439453125,1.0,0.17347800436047464,0.7508203125,0.01364990234375
nc-0103-01-000027:10,LOOK_ALIKE,DARTIS_CANONICAL_NO_OIL_NC_NW,nc-0103-01-000027,nc,train,data/external/dartis/raw/nc/nc-0103-01-000027.jpg,data/mined/v07_canonical_lookalike_candidates/crops/nc-0103-01-000027__candidate_10.png,10,433,1,473,10,405,0,501,96,205,0.05004882812499999,1.0,0.17347800436047464,0.7508203125,0.01364990234375
nc-0317-04-000038:01,LOOK_ALIKE,DARTIS_CANONICAL_NO_OIL_NC_NW,nc-0317-04-000038,nc,train,data/external/dartis/raw/nc/nc-0317-04-000038.jpg,data/mined/v07_canonical_lookalike_candidates/crops/nc-0317-04-000038__candidate_01.png,1,313,536,366,614,292,507,388,640,1490,0.36376953125,1.0,0.17347800436047464,0.71239013671875,0.026123046875
nc-0317-04-000038:05,LOOK_ALIKE,DARTIS_CANONICAL_NO_OIL_NC_NW,nc-0317-04-000038,nc,train,data/external/dartis/raw/nc/nc-0317-04-000038.jpg,data/mined/v07_canonical_lookalike_candidates/crops/nc-0317-04-000038__candidate_05.png,5,61,492,87,536,26,466,122,562,517,0.126220703125,1.0,0.17347800436047464,0.71239013671875,0.026123046875
nc-0317-04-000038:06,LOOK_ALIKE,DARTIS_CANONICAL_NO_OIL_NC_NW,nc-0317-04-000038,nc,train,data/external/dartis/raw/nc/nc-0317-04-000038.jpg,data/mined/v07_canonical_lookalike_candidates/crops/nc-0317-04-000038__candidate_06.png,6,8,393,20,454,0,372,96,476,314,0.07666015625,1.0,0.17347800436047464,0.71239013671875,0.026123046875
nc-0156-01-000080:02,LOOK_ALIKE,DARTIS_CANONICAL_NO_OIL_NC_NW,nc-0156-01-000080,nc,train,data/external/dartis/raw/nc/nc-0156-01-000080.jpg,data/mined/v07_canonical_lookalike_candidates/crops/nc-0156-01-000080__candidate_02.png,2,0,587,16,639,0,544,96,640,256,0.0625,1.0,0.17347800436047464,0.91408447265625,0.03225341796875
nc-0083-01-000007:04,LOOK_ALIKE,DARTIS_CANONICAL_NO_OIL_NC_NW,nc-0083-01-000007,nc,train,data/external/dartis/raw/nc/nc-0083-01-000007.jpg,data/mined/v07_canonical_lookalike_candidates/crops/nc-0083-01-000007__candidate_04.png,4,580,226,624,282,544,206,640,302,922,0.22509765625000003,1.0,0.17347800436047464,0.87675537109375,0.01270751953125
nc-0083-01-000007:05,LOOK_ALIKE,DARTIS_CANONICAL_NO_OIL_NC_NW,nc-0083-01-000007,nc,train,data/external/dartis/raw/nc/nc-0083-01-000007.jpg,data/mined/v07_canonical_lookalike_candidates/crops/nc-0083-01-000007__candidate_05.png,5,563,277,589,305,528,243,624,339,302,0.07373046875,1.0,0.17347800436047464,0.87675537109375,0.01270751953125
nc-0062-00-000062:04,LOOK_ALIKE,DARTIS_CANONICAL_NO_OIL_NC_NW,nc-0062-00-000062,nc,train,data/external/dartis/raw/nc/nc-0062-00-000062.jpg,data/mined/v07_canonical_lookalike_candidates/crops/nc-0062-00-000062__candidate_04.png,4,122,536,176,578,101,509,197,605,1039,0.253662109375,1.0,0.17347800436047464,0.52542236328125,0.11405517578125
nc-0062-00-000062:06,LOOK_ALIKE,DARTIS_CANONICAL_NO_OIL_NC_NW,nc-0062-00-000062,nc,train,data/external/dartis/raw/nc/nc-0062-00-000062.jpg,data/mined/v07_canonical_lookalike_candidates/crops/nc-0062-00-000062__candidate_06.png,6,546,280,587,321,518,252,614,348,828,0.20214843749999997,1.0,0.17347800436047464,0.52542236328125,0.11405517578125
nc-0062-00-000062:08,LOOK_ALIKE,DARTIS_CANONICAL_NO_OIL_NC_NW,nc-0062-00-000062,nc,train,data/external/dartis/raw/nc/nc-0062-00-000062.jpg,data/mined/v07_canonical_lookalike_candidates/crops/nc-0062-00-000062__candidate_08.png,8,494,116,532,145,465,82,561,178,490,0.11962890625000001,1.0,0.17347800436047464,0.52542236328125,0.11405517578125
nc-0062-00-000062:10,LOOK_ALIKE,DARTIS_CANONICAL_NO_OIL_NC_NW,nc-0062-00-000062,nc,train,data/external/dartis/raw/nc/nc-0062-00-000062.jpg,data/mined/v07_canonical_lookalike_candidates/crops/nc-0062-00-000062__candidate_10.png,10,559,427,580,463,522,397,618,493,407,0.099365234375,1.0,0.17347800436047464,0.52542236328125,0.11405517578125
nc-0062-00-000062:12,LOOK_ALIKE,DARTIS_CANONICAL_NO_OIL_NC_NW,nc-0062-00-000062,nc,train,data/external/dartis/raw/nc/nc-0062-00-000062.jpg,data/mined/v07_canonical_lookalike_candidates/crops/nc-0062-00-000062__candidate_12.png,12,509,286,536,317,474,254,570,350,354,0.08642578125,1.0,0.17347800436047464,0.52542236328125,0.11405517578125
nc-0191-02-000031:06,LOOK_ALIKE,DARTIS_CANONICAL_NO_OIL_NC_NW,nc-0191-02-000031,nc,train,data/external/dartis/raw/nc/nc-0191-02-000031.jpg,data/mined/v07_canonical_lookalike_candidates/crops/nc-0191-02-000031__candidate_06.png,6,563,220,597,245,532,184,628,280,405,0.098876953125,1.0,0.17347800436047464,0.73097900390625,0.22482666015625
nc-0012-00-000012:04,LOOK_ALIKE,DARTIS_CANONICAL_NO_OIL_NC_NW,nc-0012-00-000012,nc,train,data/external/dartis/raw/nc/nc-0012-00-000012.jpg,data/mined/v07_canonical_lookalike_candidates/crops/nc-0012-00-000012__candidate_04.png,4,70,494,116,531,45,464,141,560,905,0.22094726562500003,1.0,0.17347800436047464,0.8575830078125,0.0377978515625
nc-0082-01-000006:03,LOOK_ALIKE,DARTIS_CANONICAL_NO_OIL_NC_NW,nc-0082-01-000006,nc,train,data/external/dartis/raw/nc/nc-0082-01-000006.jpg,data/mined/v07_canonical_lookalike_candidates/crops/nc-0082-01-000006__candidate_03.png,3,105,436,157,510,83,410,179,536,1093,0.266845703125,1.0,0.17347800436047464,0.54695556640625,0.09062744140625
nc-0082-01-000006:04,LOOK_ALIKE,DARTIS_CANONICAL_NO_OIL_NC_NW,nc-0082-01-000006,nc,train,data/external/dartis/raw/nc/nc-0082-01-000006.jpg,data/mined/v07_canonical_lookalike_candidates/crops/nc-0082-01-000006__candidate_04.png,4,312,454,366,474,291,416,387,512,468,0.1142578125,1.0,0.17347800436047464,0.54695556640625,0.09062744140625
nc-0082-01-000006:06,LOOK_ALIKE,DARTIS_CANONICAL_NO_OIL_NC_NW,nc-0082-01-000006,nc,train,data/external/dartis/raw/nc/nc-0082-01-000006.jpg,data/mined/v07_canonical_lookalike_candidates/crops/nc-0082-01-000006__candidate_06.png,6,428,567,454,592,393,532,489,628,222,0.05419921875000001,1.0,0.17347800436047464,0.54695556640625,0.09062744140625
nc-0159-01-000083:04,LOOK_ALIKE,DARTIS_CANONICAL_NO_OIL_NC_NW,nc-0159-01-000083,nc,train,data/external/dartis/raw/nc/nc-0159-01-000083.jpg,data/mined/v07_canonical_lookalike_candidates/crops/nc-0159-01-000083__candidate_04.png,4,292,43,316,67,256,7,352,103,298,0.07275390625,1.0,0.17347800436047464,0.61051513671875,0.031572265625
nc-0341-04-000062:02,LOOK_ALIKE,DARTIS_CANONICAL_NO_OIL_NC_NW,nc-0341-04-000062,nc,train,data/external/dartis/raw/nc/nc-0341-04-000062.jpg,data/mined/v07_canonical_lookalike_candidates/crops/nc-0341-04-000062__candidate_02.png,2,359,1,403,34,333,0,429,96,699,0.170654296875,1.0,0.17347800436047464,0.88560302734375,0.06984130859375
nc-0218-02-000058:10,LOOK_ALIKE,DARTIS_CANONICAL_NO_OIL_NC_NW,nc-0218-02-000058,nc,train,data/external/dartis/raw/nc/nc-0218-02-000058.jpg,data/mined/v07_canonical_lookalike_candidates/crops/nc-0218-02-000058__candidate_10.png,10,223,619,266,640,196,544,292,640,410,0.10009765624999999,1.0,0.17347800436047464,0.80545166015625,0.02314697265625
nc-0218-02-000058:12,LOOK_ALIKE,DARTIS_CANONICAL_NO_OIL_NC_NW,nc-0218-02-000058,nc,train,data/external/dartis/raw/nc/nc-0218-02-000058.jpg,data/mined/v07_canonical_lookalike_candidates/crops/nc-0218-02-000058__candidate_12.png,12,1,553,20,582,0,520,96,616,380,0.0927734375,1.0,0.17347800436047464,0.80545166015625,0.02314697265625
nc-0058-00-000058:04,LOOK_ALIKE,DARTIS_CANONICAL_NO_OIL_NC_NW,nc-0058-00-000058,nc,train,data/external/dartis/raw/nc/nc-0058-00-000058.jpg,data/mined/v07_canonical_lookalike_candidates/crops/nc-0058-00-000058__candidate_04.png,4,248,228,291,296,222,204,318,320,985,0.240478515625,1.0,0.17347800436047464,0.44115234375,0.10679443359375
nc-0058-00-000058:06,LOOK_ALIKE,DARTIS_CANONICAL_NO_OIL_NC_NW,nc-0058-00-000058,nc,train,data/external/dartis/raw/nc/nc-0058-00-000058.jpg,data/mined/v07_canonical_lookalike_candidates/crops/nc-0058-00-000058__candidate_06.png,6,1,251,34,316,0,228,96,338,711,0.173583984375,1.0,0.17347800436047464,0.44115234375,0.10679443359375
nc-0058-00-000058:08,LOOK_ALIKE,DARTIS_CANONICAL_NO_OIL_NC_NW,nc-0058-00-000058,nc,train,data/external/dartis/raw/nc/nc-0058-00-000058.jpg,data/mined/v07_canonical_lookalike_candidates/crops/nc-0058-00-000058__candidate_08.png,8,129,135,153,175,93,107,189,203,579,0.141357421875,1.0,0.17347800436047464,0.44115234375,0.10679443359375
nc-0058-00-000058:10,LOOK_ALIKE,DARTIS_CANONICAL_NO_OIL_NC_NW,nc-0058-00-000058,nc,train,data/external/dartis/raw/nc/nc-0058-00-000058.jpg,data/mined/v07_canonical_lookalike_candidates/crops/nc-0058-00-000058__candidate_10.png,10,34,447,73,474,6,412,102,508,337,0.082275390625,1.0,0.17347800436047464,0.44115234375,0.10679443359375
nc-0258-03-000023:06,LOOK_ALIKE,DARTIS_CANONICAL_NO_OIL_NC_NW,nc-0258-03-000023,nc,train,data/external/dartis/raw/nc/nc-0258-03-000023.jpg,data/mined/v07_canonical_lookalike_candidates/crops/nc-0258-03-000023__candidate_06.png,6,509,228,562,265,488,198,584,294,402,0.09814453124999999,1.0,0.17347800436047464,0.30166748046875,0.08154296875
nc-0053-00-000053:01,LOOK_ALIKE,DARTIS_CANONICAL_NO_OIL_NC_NW,nc-0053-00-000053,nc,train,data/external/dartis/raw/nc/nc-0053-00-000053.jpg,data/mined/v07_canonical_lookalike_candidates/crops/nc-0053-00-000053__candidate_01.png,1,401,316,444,383,374,292,470,406,1314,0.32080078125,1.0,0.17347800436047464,0.410068359375,0.05098388671875
nc-0053-00-000053:03,LOOK_ALIKE,DARTIS_CANONICAL_NO_OIL_NC_NW,nc-0053-00-000053,nc,train,data/external/dartis/raw/nc/nc-0053-00-000053.jpg,data/mined/v07_canonical_lookalike_candidates/crops/nc-0053-00-000053__candidate_03.png,3,447,359,461,403,406,333,502,429,393,0.095947265625,1.0,0.17347800436047464,0.410068359375,0.05098388671875
nc-0223-02-000063:04,LOOK_ALIKE,DARTIS_CANONICAL_NO_OIL_NC_NW,nc-0223-02-000063,nc,train,data/external/dartis/raw/nc/nc-0223-02-000063.jpg,data/mined/v07_canonical_lookalike_candidates/crops/nc-0223-02-000063__candidate_04.png,4,291,36,348,51,271,0,368,96,452,0.11035156249999999,1.0,0.17347800436047464,0.63349365234375,0.0465771484375
nc-0223-02-000063:05,LOOK_ALIKE,DARTIS_CANONICAL_NO_OIL_NC_NW,nc-0223-02-000063,nc,train,data/external/dartis/raw/nc/nc-0223-02-000063.jpg,data/mined/v07_canonical_lookalike_candidates/crops/nc-0223-02-000063__candidate_05.png,5,324,309,351,341,290,277,386,373,356,0.0869140625,1.0,0.17347800436047464,0.63349365234375,0.0465771484375
nc-0223-02-000063:06,LOOK_ALIKE,DARTIS_CANONICAL_NO_OIL_NC_NW,nc-0223-02-000063,nc,train,data/external/dartis/raw/nc/nc-0223-02-000063.jpg,data/mined/v07_canonical_lookalike_candidates/crops/nc-0223-02-000063__candidate_06.png,6,1,109,9,187,0,82,96,215,279,0.068115234375,1.0,0.17347800436047464,0.63349365234375,0.0465771484375
nc-0165-02-000005:02,LOOK_ALIKE,DARTIS_CANONICAL_NO_OIL_NC_NW,nc-0165-02-000005,nc,train,data/external/dartis/raw/nc/nc-0165-02-000005.jpg,data/mined/v07_canonical_lookalike_candidates/crops/nc-0165-02-000005__candidate_02.png,2,133,38,191,76,112,9,211,105,600,0.146484375,1.0,0.17347800436047464,0.7801123046875,0.01648193359375
nc-0165-02-000005:04,LOOK_ALIKE,DARTIS_CANONICAL_NO_OIL_NC_NW,nc-0165-02-000005,nc,train,data/external/dartis/raw/nc/nc-0165-02-000005.jpg,data/mined/v07_canonical_lookalike_candidates/crops/nc-0165-02-000005__candidate_04.png,4,606,386,640,426,544,358,640,454,492,0.1201171875,1.0,0.17347800436047464,0.7801123046875,0.01648193359375
nc-0165-02-000005:05,LOOK_ALIKE,DARTIS_CANONICAL_NO_OIL_NC_NW,nc-0165-02-000005,nc,train,data/external/dartis/raw/nc/nc-0165-02-000005.jpg,data/mined/v07_canonical_lookalike_candidates/crops/nc-0165-02-000005__candidate_05.png,5,457,176,499,196,430,138,526,234,476,0.1162109375,1.0,0.17347800436047464,0.7801123046875,0.01648193359375
nc-0165-02-000005:06,LOOK_ALIKE,DARTIS_CANONICAL_NO_OIL_NC_NW,nc-0165-02-000005,nc,train,data/external/dartis/raw/nc/nc-0165-02-000005.jpg,data/mined/v07_canonical_lookalike_candidates/crops/nc-0165-02-000005__candidate_06.png,6,193,7,226,46,162,0,258,96,472,0.115234375,1.0,0.17347800436047464,0.7801123046875,0.01648193359375
nc-0165-02-000005:08,LOOK_ALIKE,DARTIS_CANONICAL_NO_OIL_NC_NW,nc-0165-02-000005,nc,train,data/external/dartis/raw/nc/nc-0165-02-000005.jpg,data/mined/v07_canonical_lookalike_candidates/crops/nc-0165-02-000005__candidate_08.png,8,152,213,177,240,116,178,212,274,363,0.088623046875,1.0,0.17347800436047464,0.7801123046875,0.01648193359375
nc-0173-02-000013:05,LOOK_ALIKE,DARTIS_CANONICAL_NO_OIL_NC_NW,nc-0173-02-000013,nc,train,data/external/dartis/raw/nc/nc-0173-02-000013.jpg,data/mined/v07_canonical_lookalike_candidates/crops/nc-0173-02-000013__candidate_05.png,5,330,175,374,197,304,138,400,234,323,0.078857421875,1.0,0.17347800436047464,0.73796630859375,0.09494873046875
nw-1282-08-000033:04,LOOK_ALIKE,DARTIS_CANONICAL_NO_OIL_NC_NW,nw-1282-08-000033,nw,train,data/external/dartis/raw/nw/nw-1282-08-000033.jpg,data/mined/v07_canonical_lookalike_candidates/crops/nw-1282-08-000033__candidate_04.png,4,422,93,455,142,390,70,486,166,824,0.201171875,1.0,0.17347800436047464,0.14966552734375,0.21948974609375
nw-1282-08-000033:06,LOOK_ALIKE,DARTIS_CANONICAL_NO_OIL_NC_NW,nw-1282-08-000033,nw,train,data/external/dartis/raw/nw/nw-1282-08-000033.jpg,data/mined/v07_canonical_lookalike_candidates/crops/nw-1282-08-000033__candidate_06.png,6,600,398,632,427,544,364,640,460,348,0.0849609375,1.0,0.17347800436047464,0.14966552734375,0.21948974609375
nw-0674-04-000009:07,LOOK_ALIKE,DARTIS_CANONICAL_NO_OIL_NC_NW,nw-0674-04-000009,nw,train,data/external/dartis/raw/nw/nw-0674-04-000009.jpg,data/mined/v07_canonical_lookalike_candidates/crops/nw-0674-04-000009__candidate_07.png,7,468,354,496,391,434,324,530,420,351,0.085693359375,1.0,0.17347800436047464,0.85304931640625,0.1364208984375
nw-0674-04-000009:09,LOOK_ALIKE,DARTIS_CANONICAL_NO_OIL_NC_NW,nw-0674-04-000009,nw,train,data/external/dartis/raw/nw/nw-0674-04-000009.jpg,data/mined/v07_canonical_lookalike_candidates/crops/nw-0674-04-000009__candidate_09.png,9,565,184,592,216,530,152,626,248,331,0.080810546875,1.0,0.17347800436047464,0.85304931640625,0.1364208984375
nc-0152-01-000076:04,LOOK_ALIKE,DARTIS_CANONICAL_NO_OIL_NC_NW,nc-0152-01-000076,nc,train,data/external/dartis/raw/nc/nc-0152-01-000076.jpg,data/mined/v07_canonical_lookalike_candidates/crops/nc-0152-01-000076__candidate_04.png,4,90,517,166,584,64,494,193,608,2869,0.700439453125,0.9999998807907104,0.17347800436047464,0.64014892578125,0.011279296875
nc-0152-01-000076:07,LOOK_ALIKE,DARTIS_CANONICAL_NO_OIL_NC_NW,nc-0152-01-000076,nc,train,data/external/dartis/raw/nc/nc-0152-01-000076.jpg,data/mined/v07_canonical_lookalike_candidates/crops/nc-0152-01-000076__candidate_07.png,7,229,326,300,360,204,295,325,391,960,0.234375,0.9999998807907104,0.17347800436047464,0.64014892578125,0.011279296875
nc-0152-01-000076:09,LOOK_ALIKE,DARTIS_CANONICAL_NO_OIL_NC_NW,nc-0152-01-000076,nc,train,data/external/dartis/raw/nc/nc-0152-01-000076.jpg,data/mined/v07_canonical_lookalike_candidates/crops/nc-0152-01-000076__candidate_09.png,9,132,21,162,77,99,1,195,97,308,0.0751953125,0.9999998807907104,0.17347800436047464,0.64014892578125,0.011279296875
nc-0288-04-000009:08,LOOK_ALIKE,DARTIS_CANONICAL_NO_OIL_NC_NW,nc-0288-04-000009,nc,train,data/external/dartis/raw/nc/nc-0288-04-000009.jpg,data/mined/v07_canonical_lookalike_candidates/crops/nc-0288-04-000009__candidate_08.png,8,537,541,586,564,514,504,610,600,445,0.108642578125,0.9999998807907104,0.17347800436047464,0.3428466796875,0.1111328125
nc-0067-00-000067:03,LOOK_ALIKE,DARTIS_CANONICAL_NO_OIL_NC_NW,nc-0067-00-000067,nc,train,data/external/dartis/raw/nc/nc-0067-00-000067.jpg,data/mined/v07_canonical_lookalike_candidates/crops/nc-0067-00-000067__candidate_03.png,3,388,618,414,638,353,544,449,640,317,0.077392578125,0.9999998807907104,0.17347800436047464,0.36545166015625,0.11495361328125
nc-0293-04-000014:06,LOOK_ALIKE,DARTIS_CANONICAL_NO_OIL_NC_NW,nc-0293-04-000014,nc,train,data/external/dartis/raw/nc/nc-0293-04-000014.jpg,data/mined/v07_canonical_lookalike_candidates/crops/nc-0293-04-000014__candidate_06.png,6,584,479,639,537,544,458,640,557,1730,0.42236328125,0.9999998807907104,0.17347800436047464,0.4196923828125,0.05982421875
nc-0150-01-000074:01,LOOK_ALIKE,DARTIS_CANONICAL_NO_OIL_NC_NW,nc-0150-01-000074,nc,train,data/external/dartis/raw/nc/nc-0150-01-000074.jpg,data/mined/v07_canonical_lookalike_candidates/crops/nc-0150-01-000074__candidate_01.png,1,218,163,268,212,195,140,291,236,1290,0.31494140625,0.9999998807907104,0.17347800436047464,0.7152734375,0.0410009765625
nc-0103-01-000027:03,LOOK_ALIKE,DARTIS_CANONICAL_NO_OIL_NC_NW,nc-0103-01-000027,nc,train,data/external/dartis/raw/nc/nc-0103-01-000027.jpg,data/mined/v07_canonical_lookalike_candidates/crops/nc-0103-01-000027__candidate_03.png,3,407,514,431,583,371,490,467,607,1167,0.284912109375,0.9999998807907104,0.17347800436047464,0.7508203125,0.01364990234375
nc-0103-01-000027:04,LOOK_ALIKE,DARTIS_CANONICAL_NO_OIL_NC_NW,nc-0103-01-000027,nc,train,data/external/dartis/raw/nc/nc-0103-01-000027.jpg,data/mined/v07_canonical_lookalike_candidates/crops/nc-0103-01-000027__candidate_04.png,4,526,435,545,473,488,406,584,502,420,0.1025390625,0.9999998807907104,0.17347800436047464,0.7508203125,0.01364990234375
nc-0191-02-000031:07,LOOK_ALIKE,DARTIS_CANONICAL_NO_OIL_NC_NW,nc-0191-02-000031,nc,train,data/external/dartis/raw/nc/nc-0191-02-000031.jpg,data/mined/v07_canonical_lookalike_candidates/crops/nc-0191-02-000031__candidate_07.png,7,622,243,640,270,544,208,640,304,240,0.05859375,0.9999998807907104,0.17347800436047464,0.73097900390625,0.22482666015625
nc-0012-00-000012:05,LOOK_ALIKE,DARTIS_CANONICAL_NO_OIL_NC_NW,nc-0012-00-000012,nc,train,data/external/dartis/raw/nc/nc-0012-00-000012.jpg,data/mined/v07_canonical_lookalike_candidates/crops/nc-0012-00-000012__candidate_05.png,5,72,263,119,288,48,228,144,324,637,0.155517578125,0.9999998807907104,0.17347800436047464,0.8575830078125,0.0377978515625
nc-0059-00-000059:02,LOOK_ALIKE,DARTIS_CANONICAL_NO_OIL_NC_NW,nc-0059-00-000059,nc,train,data/external/dartis/raw/nc/nc-0059-00-000059.jpg,data/mined/v07_canonical_lookalike_candidates/crops/nc-0059-00-000059__candidate_02.png,2,289,274,327,288,260,233,356,329,219,0.053466796875,0.9999998807907104,0.17347800436047464,0.4652197265625,0.14505126953125
nc-0331-04-000052:06,LOOK_ALIKE,DARTIS_CANONICAL_NO_OIL_NC_NW,nc-0331-04-000052,nc,train,data/external/dartis/raw/nc/nc-0331-04-000052.jpg,data/mined/v07_canonical_lookalike_candidates/crops/nc-0331-04-000052__candidate_06.png,6,30,547,54,567,0,509,96,605,308,0.0751953125,0.9999998807907104,0.17347800436047464,0.36776123046875,0.08464111328125
nc-0341-04-000062:01,LOOK_ALIKE,DARTIS_CANONICAL_NO_OIL_NC_NW,nc-0341-04-000062,nc,train,data/external/dartis/raw/nc/nc-0341-04-000062.jpg,data/mined/v07_canonical_lookalike_candidates/crops/nc-0341-04-000062__candidate_01.png,1,403,13,457,42,382,0,478,96,784,0.19140625,0.9999998807907104,0.17347800436047464,0.88560302734375,0.06984130859375
nc-0058-00-000058:09,LOOK_ALIKE,DARTIS_CANONICAL_NO_OIL_NC_NW,nc-0058-00-000058,nc,train,data/external/dartis/raw/nc/nc-0058-00-000058.jpg,data/mined/v07_canonical_lookalike_candidates/crops/nc-0058-00-000058__candidate_09.png,9,34,514,74,544,6,481,102,577,499,0.121826171875,0.9999998807907104,0.17347800436047464,0.44115234375,0.10679443359375
nc-0258-03-000023:10,LOOK_ALIKE,DARTIS_CANONICAL_NO_OIL_NC_NW,nc-0258-03-000023,nc,train,data/external/dartis/raw/nc/nc-0258-03-000023.jpg,data/mined/v07_canonical_lookalike_candidates/crops/nc-0258-03-000023__candidate_10.png,10,419,192,460,217,392,156,488,252,274,0.06689453125,0.9999998807907104,0.17347800436047464,0.30166748046875,0.08154296875
nc-0258-03-000023:11,LOOK_ALIKE,DARTIS_CANONICAL_NO_OIL_NC_NW,nc-0258-03-000023,nc,train,data/external/dartis/raw/nc/nc-0258-03-000023.jpg,data/mined/v07_canonical_lookalike_candidates/crops/nc-0258-03-000023__candidate_11.png,11,423,149,452,167,390,110,486,206,216,0.052734375,0.9999998807907104,0.17347800436047464,0.30166748046875,0.08154296875
nc-0173-02-000013:06,LOOK_ALIKE,DARTIS_CANONICAL_NO_OIL_NC_NW,nc-0173-02-000013,nc,train,data/external/dartis/raw/nc/nc-0173-02-000013.jpg,data/mined/v07_canonical_lookalike_candidates/crops/nc-0173-02-000013__candidate_06.png,6,401,276,430,297,368,238,464,334,265,0.064697265625,0.9999998807907104,0.17347800436047464,0.73796630859375,0.09494873046875
nc-0173-02-000013:07,LOOK_ALIKE,DARTIS_CANONICAL_NO_OIL_NC_NW,nc-0173-02-000013,nc,train,data/external/dartis/raw/nc/nc-0173-02-000013.jpg,data/mined/v07_canonical_lookalike_candidates/crops/nc-0173-02-000013__candidate_07.png,7,330,331,355,349,294,292,390,388,221,0.053955078125,0.9999998807907104,0.17347800436047464,0.73796630859375,0.09494873046875
nc-0173-02-000013:08,LOOK_ALIKE,DARTIS_CANONICAL_NO_OIL_NC_NW,nc-0173-02-000013,nc,train,data/external/dartis/raw/nc/nc-0173-02-000013.jpg,data/mined/v07_canonical_lookalike_candidates/crops/nc-0173-02-000013__candidate_08.png,8,351,385,378,404,316,346,412,442,205,0.05004882812499999,0.9999998807907104,0.17347800436047464,0.73796630859375,0.09494873046875
nw-1282-08-000033:05,LOOK_ALIKE,DARTIS_CANONICAL_NO_OIL_NC_NW,nw-1282-08-000033,nw,train,data/external/dartis/raw/nw/nw-1282-08-000033.jpg,data/mined/v07_canonical_lookalike_candidates/crops/nw-1282-08-000033__candidate_05.png,5,161,2,203,37,134,0,230,96,550,0.13427734375,0.9999998807907104,0.17347800436047464,0.14966552734375,0.21948974609375
nw-1282-08-000033:07,LOOK_ALIKE,DARTIS_CANONICAL_NO_OIL_NC_NW,nw-1282-08-000033,nw,train,data/external/dartis/raw/nw/nw-1282-08-000033.jpg,data/mined/v07_canonical_lookalike_candidates/crops/nw-1282-08-000033__candidate_07.png,7,426,136,456,155,393,98,489,194,242,0.05908203125,0.9999998807907104,0.17347800436047464,0.14966552734375,0.21948974609375
nc-0328-04-000049:03,LOOK_ALIKE,DARTIS_CANONICAL_NO_OIL_NC_NW,nc-0328-04-000049,nc,train,data/external/dartis/raw/nc/nc-0328-04-000049.jpg,data/mined/v07_canonical_lookalike_candidates/crops/nc-0328-04-000049__candidate_03.png,3,308,62,369,95,286,30,390,126,639,0.156005859375,0.9999997615814209,0.17347800436047464,0.673779296875,0.16056396484375
nc-0328-04-000049:04,LOOK_ALIKE,DARTIS_CANONICAL_NO_OIL_NC_NW,nc-0328-04-000049,nc,train,data/external/dartis/raw/nc/nc-0328-04-000049.jpg,data/mined/v07_canonical_lookalike_candidates/crops/nc-0328-04-000049__candidate_04.png,4,68,0,108,19,40,0,136,96,404,0.0986328125,0.9999997615814209,0.17347800436047464,0.673779296875,0.16056396484375
nc-0150-01-000074:07,LOOK_ALIKE,DARTIS_CANONICAL_NO_OIL_NC_NW,nc-0150-01-000074,nc,train,data/external/dartis/raw/nc/nc-0150-01-000074.jpg,data/mined/v07_canonical_lookalike_candidates/crops/nc-0150-01-000074__candidate_07.png,7,117,630,159,640,90,544,186,640,213,0.052001953125,0.9999997615814209,0.17347800436047464,0.7152734375,0.0410009765625
nc-0331-04-000052:05,LOOK_ALIKE,DARTIS_CANONICAL_NO_OIL_NC_NW,nc-0331-04-000052,nc,train,data/external/dartis/raw/nc/nc-0331-04-000052.jpg,data/mined/v07_canonical_lookalike_candidates/crops/nc-0331-04-000052__candidate_05.png,5,406,151,440,194,375,124,471,220,510,0.12451171874999999,0.9999997615814209,0.17347800436047464,0.36776123046875,0.08464111328125
nc-0251-03-000016:03,LOOK_ALIKE,DARTIS_CANONICAL_NO_OIL_NC_NW,nc-0251-03-000016,nc,train,data/external/dartis/raw/nc/nc-0251-03-000016.jpg,data/mined/v07_canonical_lookalike_candidates/crops/nc-0251-03-000016__candidate_03.png,3,257,579,303,639,232,538,328,640,1368,0.333984375,0.9999997615814209,0.17347800436047464,0.56949462890625,0.02099609375
nw-1282-08-000033:02,LOOK_ALIKE,DARTIS_CANONICAL_NO_OIL_NC_NW,nw-1282-08-000033,nw,train,data/external/dartis/raw/nw/nw-1282-08-000033.jpg,data/mined/v07_canonical_lookalike_candidates/crops/nw-1282-08-000033__candidate_02.png,2,238,2,287,60,214,0,310,99,1424,0.34765625,0.9999997615814209,0.17347800436047464,0.14966552734375,0.21948974609375
nc-0289-04-000010:03,LOOK_ALIKE,DARTIS_CANONICAL_NO_OIL_NC_NW,nc-0289-04-000010,nc,train,data/external/dartis/raw/nc/nc-0289-04-000010.jpg,data/mined/v07_canonical_lookalike_candidates/crops/nc-0289-04-000010__candidate_03.png,3,500,256,528,282,466,221,562,317,327,0.079833984375,0.9999996423721313,0.17347800436047464,0.34119384765625,0.06414794921875
nc-0092-01-000016:03,LOOK_ALIKE,DARTIS_CANONICAL_NO_OIL_NC_NW,nc-0092-01-000016,nc,train,data/external/dartis/raw/nc/nc-0092-01-000016.jpg,data/mined/v07_canonical_lookalike_candidates/crops/nc-0092-01-000016__candidate_03.png,3,175,225,190,261,134,195,230,291,224,0.05468750000000001,0.9999996423721313,0.17347800436047464,0.5337109375,0.15488037109375
nc-0012-00-000012:06,LOOK_ALIKE,DARTIS_CANONICAL_NO_OIL_NC_NW,nc-0012-00-000012,nc,train,data/external/dartis/raw/nc/nc-0012-00-000012.jpg,data/mined/v07_canonical_lookalike_candidates/crops/nc-0012-00-000012__candidate_06.png,6,47,554,95,601,23,530,119,626,548,0.1337890625,0.9999996423721313,0.17347800436047464,0.8575830078125,0.0377978515625
nc-0218-02-000058:09,LOOK_ALIKE,DARTIS_CANONICAL_NO_OIL_NC_NW,nc-0218-02-000058,nc,train,data/external/dartis/raw/nc/nc-0218-02-000058.jpg,data/mined/v07_canonical_lookalike_candidates/crops/nc-0218-02-000058__candidate_09.png,9,406,359,423,408,366,336,462,432,429,0.104736328125,0.9999996423721313,0.17347800436047464,0.80545166015625,0.02314697265625
nc-0173-02-000013:03,LOOK_ALIKE,DARTIS_CANONICAL_NO_OIL_NC_NW,nc-0173-02-000013,nc,train,data/external/dartis/raw/nc/nc-0173-02-000013.jpg,data/mined/v07_canonical_lookalike_candidates/crops/nc-0173-02-000013__candidate_03.png,3,350,225,396,251,325,190,421,286,436,0.10644531250000001,0.9999996423721313,0.17347800436047464,0.73796630859375,0.09494873046875
nc-0251-03-000016:09,LOOK_ALIKE,DARTIS_CANONICAL_NO_OIL_NC_NW,nc-0251-03-000016,nc,train,data/external/dartis/raw/nc/nc-0251-03-000016.jpg,data/mined/v07_canonical_lookalike_candidates/crops/nc-0251-03-000016__candidate_09.png,9,55,540,71,574,15,509,111,605,267,0.065185546875,0.9999996423721313,0.17347800436047464,0.56949462890625,0.02099609375
nc-0027-00-000027:01,LOOK_ALIKE,DARTIS_CANONICAL_NO_OIL_NC_NW,nc-0027-00-000027,nc,train,data/external/dartis/raw/nc/nc-0027-00-000027.jpg,data/mined/v07_canonical_lookalike_candidates/crops/nc-0027-00-000027__candidate_01.png,1,500,591,548,628,476,544,572,640,456,0.11132812499999999,0.9999995231628418,0.17347800436047464,0.9379296875,0.04782958984375
nc-0191-02-000031:03,LOOK_ALIKE,DARTIS_CANONICAL_NO_OIL_NC_NW,nc-0191-02-000031,nc,train,data/external/dartis/raw/nc/nc-0191-02-000031.jpg,data/mined/v07_canonical_lookalike_candidates/crops/nc-0191-02-000031__candidate_03.png,3,527,407,588,501,506,374,610,534,2136,0.521484375,0.9999995231628418,0.17347800436047464,0.73097900390625,0.22482666015625
nc-0258-03-000023:08,LOOK_ALIKE,DARTIS_CANONICAL_NO_OIL_NC_NW,nc-0258-03-000023,nc,train,data/external/dartis/raw/nc/nc-0258-03-000023.jpg,data/mined/v07_canonical_lookalike_candidates/crops/nc-0258-03-000023__candidate_08.png,8,517,283,547,305,484,246,580,342,305,0.074462890625,0.9999995231628418,0.17347800436047464,0.30166748046875,0.08154296875
nc-0053-00-000053:04,LOOK_ALIKE,DARTIS_CANONICAL_NO_OIL_NC_NW,nc-0053-00-000053,nc,train,data/external/dartis/raw/nc/nc-0053-00-000053.jpg,data/mined/v07_canonical_lookalike_candidates/crops/nc-0053-00-000053__candidate_04.png,4,364,335,383,366,326,302,422,398,210,0.05126953125,0.9999995231628418,0.17347800436047464,0.410068359375,0.05098388671875
nc-0137-01-000061:02,LOOK_ALIKE,DARTIS_CANONICAL_NO_OIL_NC_NW,nc-0137-01-000061,nc,train,data/external/dartis/raw/nc/nc-0137-01-000061.jpg,data/mined/v07_canonical_lookalike_candidates/crops/nc-0137-01-000061__candidate_02.png,2,0,468,49,557,0,437,96,588,1780,0.4345703125,0.9999995231628418,0.17347800436047464,0.76579345703125,0.19789794921875
nw-0674-04-000009:03,LOOK_ALIKE,DARTIS_CANONICAL_NO_OIL_NC_NW,nw-0674-04-000009,nw,train,data/external/dartis/raw/nw/nw-0674-04-000009.jpg,data/mined/v07_canonical_lookalike_candidates/crops/nw-0674-04-000009__candidate_03.png,3,407,355,458,398,384,328,480,424,976,0.23828125,0.9999995231628418,0.17347800436047464,0.85304931640625,0.1364208984375
nc-0293-04-000014:11,LOOK_ALIKE,DARTIS_CANONICAL_NO_OIL_NC_NW,nc-0293-04-000014,nc,train,data/external/dartis/raw/nc/nc-0293-04-000014.jpg,data/mined/v07_canonical_lookalike_candidates/crops/nc-0293-04-000014__candidate_11.png,11,1,155,28,186,0,122,96,218,556,0.1357421875,0.9999992847442627,0.17347800436047464,0.4196923828125,0.05982421875
nc-0258-03-000023:09,LOOK_ALIKE,DARTIS_CANONICAL_NO_OIL_NC_NW,nc-0258-03-000023,nc,train,data/external/dartis/raw/nc/nc-0258-03-000023.jpg,data/mined/v07_canonical_lookalike_candidates/crops/nc-0258-03-000023__candidate_09.png,9,364,228,393,255,330,194,426,290,292,0.0712890625,0.9999992847442627,0.17347800436047464,0.30166748046875,0.08154296875
nc-0129-01-000053:16,LOOK_ALIKE,DARTIS_CANONICAL_NO_OIL_NC_NW,nc-0129-01-000053,nc,train,data/external/dartis/raw/nc/nc-0129-01-000053.jpg,data/mined/v07_canonical_lookalike_candidates/crops/nc-0129-01-000053__candidate_16.png,16,474,242,538,275,452,210,561,306,296,0.072265625,0.9999991655349731,0.17347800436047464,0.46747314453125,0.048798828125
nc-0098-01-000022:03,LOOK_ALIKE,DARTIS_CANONICAL_NO_OIL_NC_NW,nc-0098-01-000022,nc,train,data/external/dartis/raw/nc/nc-0098-01-000022.jpg,data/mined/v07_canonical_lookalike_candidates/crops/nc-0098-01-000022__candidate_03.png,3,544,182,564,234,506,160,602,256,401,0.097900390625,0.9999990463256836,0.17347800436047464,0.5045947265625,0.03258544921875
nc-0059-00-000059:01,LOOK_ALIKE,DARTIS_CANONICAL_NO_OIL_NC_NW,nc-0059-00-000059,nc,train,data/external/dartis/raw/nc/nc-0059-00-000059.jpg,data/mined/v07_canonical_lookalike_candidates/crops/nc-0059-00-000059__candidate_01.png,1,316,311,339,341,280,278,376,374,245,0.05981445312500001,0.999998927116394,0.17347800436047464,0.4652197265625,0.14505126953125
nc-0218-02-000058:06,LOOK_ALIKE,DARTIS_CANONICAL_NO_OIL_NC_NW,nc-0218-02-000058,nc,train,data/external/dartis/raw/nc/nc-0218-02-000058.jpg,data/mined/v07_canonical_lookalike_candidates/crops/nc-0218-02-000058__candidate_06.png,6,362,286,410,353,338,262,434,376,1327,0.323974609375,0.999998927116394,0.17347800436047464,0.80545166015625,0.02314697265625
nc-0218-02-000058:13,LOOK_ALIKE,DARTIS_CANONICAL_NO_OIL_NC_NW,nc-0218-02-000058,nc,train,data/external/dartis/raw/nc/nc-0218-02-000058.jpg,data/mined/v07_canonical_lookalike_candidates/crops/nc-0218-02-000058__candidate_13.png,13,617,614,640,637,544,544,640,640,253,0.06176757812499999,0.999998927116394,0.17347800436047464,0.80545166015625,0.02314697265625
nw-0674-04-000009:04,LOOK_ALIKE,DARTIS_CANONICAL_NO_OIL_NC_NW,nw-0674-04-000009,nw,train,data/external/dartis/raw/nw/nw-0674-04-000009.jpg,data/mined/v07_canonical_lookalike_candidates/crops/nw-0674-04-000009__candidate_04.png,4,526,262,570,291,500,228,596,324,634,0.15478515625,0.9999988079071045,0.17347800436047464,0.85304931640625,0.1364208984375
nw-1472-09-000048:01,LOOK_ALIKE,DARTIS_CANONICAL_NO_OIL_NC_NW,nw-1472-09-000048,nw,train,data/external/dartis/raw/nw/nw-1472-09-000048.jpg,data/mined/v07_canonical_lookalike_candidates/crops/nw-1472-09-000048__candidate_01.png,1,56,573,83,607,22,542,118,638,311,0.075927734375,0.9999986886978149,0.17347800436047464,0.952490234375,0.047431640625
nc-0191-02-000031:05,LOOK_ALIKE,DARTIS_CANONICAL_NO_OIL_NC_NW,nc-0191-02-000031,nc,train,data/external/dartis/raw/nc/nc-0191-02-000031.jpg,data/mined/v07_canonical_lookalike_candidates/crops/nc-0191-02-000031__candidate_05.png,5,587,393,640,485,544,361,640,517,1447,0.353271484375,0.9999985694885254,0.17347800436047464,0.73097900390625,0.22482666015625
nc-0036-00-000036:08,LOOK_ALIKE,DARTIS_CANONICAL_NO_OIL_NC_NW,nc-0036-00-000036,nc,train,data/external/dartis/raw/nc/nc-0036-00-000036.jpg,data/mined/v07_canonical_lookalike_candidates/crops/nc-0036-00-000036__candidate_08.png,8,0,348,64,377,0,314,109,410,234,0.05712890625,0.9999985694885254,0.17347800436047464,0.707724609375,0.05110595703125
nc-0268-03-000033:03,LOOK_ALIKE,DARTIS_CANONICAL_NO_OIL_NC_NW,nc-0268-03-000033,nc,train,data/external/dartis/raw/nc/nc-0268-03-000033.jpg,data/mined/v07_canonical_lookalike_candidates/crops/nc-0268-03-000033__candidate_03.png,3,199,71,232,108,168,42,264,138,287,0.070068359375,0.9999984502792358,0.17347800436047464,0.46904296875,0.026357421875
nc-0293-04-000014:12,LOOK_ALIKE,DARTIS_CANONICAL_NO_OIL_NC_NW,nc-0293-04-000014,nc,train,data/external/dartis/raw/nc/nc-0293-04-000014.jpg,data/mined/v07_canonical_lookalike_candidates/crops/nc-0293-04-000014__candidate_12.png,12,354,186,378,208,318,149,414,245,350,0.08544921875,0.9999984502792358,0.17347800436047464,0.4196923828125,0.05982421875
nc-0036-00-000036:06,LOOK_ALIKE,DARTIS_CANONICAL_NO_OIL_NC_NW,nc-0036-00-000036,nc,train,data/external/dartis/raw/nc/nc-0036-00-000036.jpg,data/mined/v07_canonical_lookalike_candidates/crops/nc-0036-00-000036__candidate_06.png,6,612,588,639,640,544,544,640,640,498,0.12158203125000001,0.9999984502792358,0.17347800436047464,0.707724609375,0.05110595703125
nc-0012-00-000012:03,LOOK_ALIKE,DARTIS_CANONICAL_NO_OIL_NC_NW,nc-0012-00-000012,nc,train,data/external/dartis/raw/nc/nc-0012-00-000012.jpg,data/mined/v07_canonical_lookalike_candidates/crops/nc-0012-00-000012__candidate_03.png,3,102,389,166,420,80,356,189,452,1056,0.2578125,0.9999983310699463,0.17347800436047464,0.8575830078125,0.0377978515625
nw-1776-11-000010:04,LOOK_ALIKE,DARTIS_CANONICAL_NO_OIL_NC_NW,nw-1776-11-000010,nw,train,data/external/dartis/raw/nw/nw-1776-11-000010.jpg,data/mined/v07_canonical_lookalike_candidates/crops/nw-1776-11-000010__candidate_04.png,4,384,611,412,630,350,544,446,640,208,0.05078125,0.9999983310699463,0.17347800436047464,0.96211669921875,0.037880859375
nc-0098-01-000022:05,LOOK_ALIKE,DARTIS_CANONICAL_NO_OIL_NC_NW,nc-0098-01-000022,nc,train,data/external/dartis/raw/nc/nc-0098-01-000022.jpg,data/mined/v07_canonical_lookalike_candidates/crops/nc-0098-01-000022__candidate_05.png,5,606,150,618,188,544,121,640,217,291,0.071044921875,0.9999982118606567,0.17347800436047464,0.5045947265625,0.03258544921875
nc-0075-00-000075:01,LOOK_ALIKE,DARTIS_CANONICAL_NO_OIL_NC_NW,nc-0075-00-000075,nc,train,data/external/dartis/raw/nc/nc-0075-00-000075.jpg,data/mined/v07_canonical_lookalike_candidates/crops/nc-0075-00-000075__candidate_01.png,1,382,186,403,242,344,166,440,262,262,0.06396484375,0.9999982118606567,0.17347800436047464,0.24330322265625,0.2266845703125
nw-0674-04-000009:08,LOOK_ALIKE,DARTIS_CANONICAL_NO_OIL_NC_NW,nw-0674-04-000009,nw,train,data/external/dartis/raw/nw/nw-0674-04-000009.jpg,data/mined/v07_canonical_lookalike_candidates/crops/nw-0674-04-000009__candidate_08.png,8,612,302,639,334,544,270,640,366,343,0.083740234375,0.9999982118606567,0.17347800436047464,0.85304931640625,0.1364208984375
nw-1776-11-000010:03,LOOK_ALIKE,DARTIS_CANONICAL_NO_OIL_NC_NW,nw-1776-11-000010,nw,train,data/external/dartis/raw/nw/nw-1776-11-000010.jpg,data/mined/v07_canonical_lookalike_candidates/crops/nw-1776-11-000010__candidate_03.png,3,398,583,430,608,366,544,462,640,224,0.05468750000000001,0.9999980926513672,0.17347800436047464,0.96211669921875,0.037880859375
nc-0036-00-000036:07,LOOK_ALIKE,DARTIS_CANONICAL_NO_OIL_NC_NW,nc-0036-00-000036,nc,train,data/external/dartis/raw/nc/nc-0036-00-000036.jpg,data/mined/v07_canonical_lookalike_candidates/crops/nc-0036-00-000036__candidate_07.png,7,448,371,483,396,418,336,514,432,289,0.070556640625,0.9999978542327881,0.17347800436047464,0.707724609375,0.05110595703125
nw-0492-02-000149:01,LOOK_ALIKE,DARTIS_CANONICAL_NO_OIL_NC_NW,nw-0492-02-000149,nw,train,data/external/dartis/raw/nw/nw-0492-02-000149.jpg,data/mined/v07_canonical_lookalike_candidates/crops/nw-0492-02-000149__candidate_01.png,1,284,419,305,459,246,391,342,487,461,0.11254882812500001,0.9999977350234985,0.17347800436047464,0.9385009765625,0.05576904296875
nc-0082-01-000006:05,LOOK_ALIKE,DARTIS_CANONICAL_NO_OIL_NC_NW,nc-0082-01-000006,nc,train,data/external/dartis/raw/nc/nc-0082-01-000006.jpg,data/mined/v07_canonical_lookalike_candidates/crops/nc-0082-01-000006__candidate_05.png,5,469,492,491,529,432,462,528,558,250,0.06103515625,0.9999970197677612,0.17347800436047464,0.54695556640625,0.09062744140625
nc-0156-01-000080:03,LOOK_ALIKE,DARTIS_CANONICAL_NO_OIL_NC_NW,nc-0156-01-000080,nc,train,data/external/dartis/raw/nc/nc-0156-01-000080.jpg,data/mined/v07_canonical_lookalike_candidates/crops/nc-0156-01-000080__candidate_03.png,3,178,10,207,79,144,0,240,117,250,0.06103515625,0.9999969005584717,0.17347800436047464,0.91408447265625,0.03225341796875
nc-0292-04-000013:01,LOOK_ALIKE,DARTIS_CANONICAL_NO_OIL_NC_NW,nc-0292-04-000013,nc,train,data/external/dartis/raw/nc/nc-0292-04-000013.jpg,data/mined/v07_canonical_lookalike_candidates/crops/nc-0292-04-000013__candidate_01.png,1,40,5,48,66,0,0,96,104,327,0.079833984375,0.9999967813491821,0.17347800436047464,0.6914306640625,0.041064453125
nc-0191-02-000031:04,LOOK_ALIKE,DARTIS_CANONICAL_NO_OIL_NC_NW,nc-0191-02-000031,nc,train,data/external/dartis/raw/nc/nc-0191-02-000031.jpg,data/mined/v07_canonical_lookalike_candidates/crops/nc-0191-02-000031__candidate_04.png,4,478,270,543,340,456,246,566,365,1565,0.382080078125,0.9999967813491821,0.17347800436047464,0.73097900390625,0.22482666015625
nc-0251-03-000016:05,LOOK_ALIKE,DARTIS_CANONICAL_NO_OIL_NC_NW,nc-0251-03-000016,nc,train,data/external/dartis/raw/nc/nc-0251-03-000016.jpg,data/mined/v07_canonical_lookalike_candidates/crops/nc-0251-03-000016__candidate_05.png,5,120,259,141,328,82,235,178,352,468,0.1142578125,0.999996542930603,0.17347800436047464,0.56949462890625,0.02099609375
nc-0092-01-000016:04,LOOK_ALIKE,DARTIS_CANONICAL_NO_OIL_NC_NW,nc-0092-01-000016,nc,train,data/external/dartis/raw/nc/nc-0092-01-000016.jpg,data/mined/v07_canonical_lookalike_candidates/crops/nc-0092-01-000016__candidate_04.png,4,76,156,106,174,43,117,139,213,214,0.05224609375,0.9999946355819702,0.17347800436047464,0.5337109375,0.15488037109375
nc-0251-03-000016:08,LOOK_ALIKE,DARTIS_CANONICAL_NO_OIL_NC_NW,nc-0251-03-000016,nc,train,data/external/dartis/raw/nc/nc-0251-03-000016.jpg,data/mined/v07_canonical_lookalike_candidates/crops/nc-0251-03-000016__candidate_08.png,8,484,477,502,506,445,444,541,540,280,0.068359375,0.9999926090240479,0.17347800436047464,0.56949462890625,0.02099609375
nw-0722-04-000057:03,LOOK_ALIKE,DARTIS_CANONICAL_NO_OIL_NC_NW,nw-0722-04-000057,nw,train,data/external/dartis/raw/nw/nw-0722-04-000057.jpg,data/mined/v07_canonical_lookalike_candidates/crops/nw-0722-04-000057__candidate_03.png,3,380,17,427,66,356,0,452,96,289,0.070556640625,0.9999921321868896,0.17347800436047464,0.96601806640625,0.0337158203125
nw-0539-03-000036:03,LOOK_ALIKE,DARTIS_CANONICAL_NO_OIL_NC_NW,nw-0539-03-000036,nw,train,data/external/dartis/raw/nw/nw-0539-03-000036.jpg,data/mined/v07_canonical_lookalike_candidates/crops/nw-0539-03-000036__candidate_03.png,3,522,557,549,579,488,520,584,616,227,0.055419921875,0.9999914169311523,0.17347800436047464,0.93822509765625,0.0340625
nw-0006-00-000006:01,LOOK_ALIKE,DARTIS_CANONICAL_NO_OIL_NC_NW,nw-0006-00-000006,nw,train,data/external/dartis/raw/nw/nw-0006-00-000006.jpg,data/mined/v07_canonical_lookalike_candidates/crops/nw-0006-00-000006__candidate_01.png,1,123,516,140,568,84,494,180,590,378,0.09228515625,0.9999908208847046,0.17347800436047464,0.91915283203125,0.07980224609375
nc-0331-04-000052:04,LOOK_ALIKE,DARTIS_CANONICAL_NO_OIL_NC_NW,nc-0331-04-000052,nc,train,data/external/dartis/raw/nc/nc-0331-04-000052.jpg,data/mined/v07_canonical_lookalike_candidates/crops/nc-0331-04-000052__candidate_04.png,4,309,258,399,313,278,238,431,334,1877,0.458251953125,0.9999897480010986,0.17347800436047464,0.36776123046875,0.08464111328125
nc-0098-01-000022:06,LOOK_ALIKE,DARTIS_CANONICAL_NO_OIL_NC_NW,nc-0098-01-000022,nc,train,data/external/dartis/raw/nc/nc-0098-01-000022.jpg,data/mined/v07_canonical_lookalike_candidates/crops/nc-0098-01-000022__candidate_06.png,6,318,222,341,280,282,202,378,301,249,0.06079101562500001,0.9999891519546509,0.17347800436047464,0.5045947265625,0.03258544921875
nw-0523-03-000020:01,LOOK_ALIKE,DARTIS_CANONICAL_NO_OIL_NC_NW,nw-0523-03-000020,nw,train,data/external/dartis/raw/nw/nw-0523-03-000020.jpg,data/mined/v07_canonical_lookalike_candidates/crops/nw-0523-03-000020__candidate_01.png,1,222,360,248,418,187,340,283,439,391,0.095458984375,0.9999887943267822,0.17347800436047464,0.5967138671875,0.040029296875
nw-1301-08-000052:01,LOOK_ALIKE,DARTIS_CANONICAL_NO_OIL_NC_NW,nw-1301-08-000052,nw,train,data/external/dartis/raw/nw/nw-1301-08-000052.jpg,data/mined/v07_canonical_lookalike_candidates/crops/nw-1301-08-000052__candidate_01.png,1,67,559,138,603,42,533,163,629,1857,0.453369140625,0.9999880790710449,0.17347800436047464,0.9137109375,0.06408203125
nc-0251-03-000016:06,LOOK_ALIKE,DARTIS_CANONICAL_NO_OIL_NC_NW,nc-0251-03-000016,nc,train,data/external/dartis/raw/nc/nc-0251-03-000016.jpg,data/mined/v07_canonical_lookalike_candidates/crops/nc-0251-03-000016__candidate_06.png,6,472,532,509,555,442,496,538,592,336,0.08203125,0.9999878406524658,0.17347800436047464,0.56949462890625,0.02099609375
nc-0083-01-000007:03,LOOK_ALIKE,DARTIS_CANONICAL_NO_OIL_NC_NW,nc-0083-01-000007,nc,train,data/external/dartis/raw/nc/nc-0083-01-000007.jpg,data/mined/v07_canonical_lookalike_candidates/crops/nc-0083-01-000007__candidate_03.png,3,257,42,319,112,236,18,341,137,972,0.23730468750000003,0.9999858140945435,0.17347800436047464,0.87675537109375,0.01270751953125
nc-0098-01-000022:04,LOOK_ALIKE,DARTIS_CANONICAL_NO_OIL_NC_NW,nc-0098-01-000022,nc,train,data/external/dartis/raw/nc/nc-0098-01-000022.jpg,data/mined/v07_canonical_lookalike_candidates/crops/nc-0098-01-000022__candidate_04.png,4,1,285,62,344,0,264,104,364,340,0.0830078125,0.9999854564666748,0.17347800436047464,0.5045947265625,0.03258544921875
nc-0083-01-000007:02,LOOK_ALIKE,DARTIS_CANONICAL_NO_OIL_NC_NW,nc-0083-01-000007,nc,train,data/external/dartis/raw/nc/nc-0083-01-000007.jpg,data/mined/v07_canonical_lookalike_candidates/crops/nc-0083-01-000007__candidate_02.png,2,580,112,640,233,538,70,640,276,1238,0.30224609375,0.9999853372573853,0.17347800436047464,0.87675537109375,0.01270751953125
nc-0268-03-000033:02,LOOK_ALIKE,DARTIS_CANONICAL_NO_OIL_NC_NW,nc-0268-03-000033,nc,train,data/external/dartis/raw/nc/nc-0268-03-000033.jpg,data/mined/v07_canonical_lookalike_candidates/crops/nc-0268-03-000033__candidate_02.png,2,162,1,191,56,128,0,224,96,311,0.075927734375,0.9999834299087524,0.17347800436047464,0.46904296875,0.026357421875
nw-0539-03-000036:02,LOOK_ALIKE,DARTIS_CANONICAL_NO_OIL_NC_NW,nw-0539-03-000036,nw,train,data/external/dartis/raw/nw/nw-0539-03-000036.jpg,data/mined/v07_canonical_lookalike_candidates/crops/nw-0539-03-000036__candidate_02.png,2,560,516,590,546,527,483,623,579,357,0.087158203125,0.9999774694442749,0.17347800436047464,0.93822509765625,0.0340625
nw-0722-04-000057:05,LOOK_ALIKE,DARTIS_CANONICAL_NO_OIL_NC_NW,nw-0722-04-000057,nw,train,data/external/dartis/raw/nw/nw-0722-04-000057.jpg,data/mined/v07_canonical_lookalike_candidates/crops/nw-0722-04-000057__candidate_05.png,5,379,42,423,80,353,13,449,109,234,0.05712890625,0.999975323677063,0.17347800436047464,0.96601806640625,0.0337158203125
nc-0159-01-000083:03,LOOK_ALIKE,DARTIS_CANONICAL_NO_OIL_NC_NW,nc-0159-01-000083,nc,train,data/external/dartis/raw/nc/nc-0159-01-000083.jpg,data/mined/v07_canonical_lookalike_candidates/crops/nc-0159-01-000083__candidate_03.png,3,291,1,424,24,244,0,470,96,1561,0.381103515625,0.9999551773071289,0.17347800436047464,0.61051513671875,0.031572265625
nc-0060-00-000060:02,LOOK_ALIKE,DARTIS_CANONICAL_NO_OIL_NC_NW,nc-0060-00-000060,nc,train,data/external/dartis/raw/nc/nc-0060-00-000060.jpg,data/mined/v07_canonical_lookalike_candidates/crops/nc-0060-00-000060__candidate_02.png,2,71,164,89,255,32,132,128,287,452,0.11035156249999999,0.9999358654022217,0.17347800436047464,0.69070556640625,0.0262646484375
nc-0317-04-000038:03,LOOK_ALIKE,DARTIS_CANONICAL_NO_OIL_NC_NW,nc-0317-04-000038,nc,train,data/external/dartis/raw/nc/nc-0317-04-000038.jpg,data/mined/v07_canonical_lookalike_candidates/crops/nc-0317-04-000038__candidate_03.png,3,562,534,593,604,530,510,626,629,645,0.157470703125,0.9999344348907471,0.17347800436047464,0.71239013671875,0.026123046875
nc-0150-01-000074:05,LOOK_ALIKE,DARTIS_CANONICAL_NO_OIL_NC_NW,nc-0150-01-000074,nc,train,data/external/dartis/raw/nc/nc-0150-01-000074.jpg,data/mined/v07_canonical_lookalike_candidates/crops/nc-0150-01-000074__candidate_05.png,5,86,563,115,631,52,524,148,640,350,0.08544921875,0.9999312162399292,0.17347800436047464,0.7152734375,0.0410009765625
nc-0150-01-000074:04,LOOK_ALIKE,DARTIS_CANONICAL_NO_OIL_NC_NW,nc-0150-01-000074,nc,train,data/external/dartis/raw/nc/nc-0150-01-000074.jpg,data/mined/v07_canonical_lookalike_candidates/crops/nc-0150-01-000074__candidate_04.png,4,114,466,127,562,72,432,168,595,375,0.091552734375,0.9999245405197144,0.17347800436047464,0.7152734375,0.0410009765625
nw-1924-11-000158:01,LOOK_ALIKE,DARTIS_CANONICAL_NO_OIL_NC_NW,nw-1924-11-000158,nw,train,data/external/dartis/raw/nw/nw-1924-11-000158.jpg,data/mined/v07_canonical_lookalike_candidates/crops/nw-1924-11-000158__candidate_01.png,1,127,370,177,412,104,343,200,439,319,0.077880859375,0.999913215637207,0.17347800436047464,0.9639453125,0.0360546875
nc-0053-00-000053:02,LOOK_ALIKE,DARTIS_CANONICAL_NO_OIL_NC_NW,nc-0053-00-000053,nc,train,data/external/dartis/raw/nc/nc-0053-00-000053.jpg,data/mined/v07_canonical_lookalike_candidates/crops/nc-0053-00-000053__candidate_02.png,2,386,373,408,498,349,330,445,542,691,0.168701171875,0.9998935461044312,0.17347800436047464,0.410068359375,0.05098388671875
nw-0523-03-000020:02,LOOK_ALIKE,DARTIS_CANONICAL_NO_OIL_NC_NW,nw-0523-03-000020,nw,train,data/external/dartis/raw/nw/nw-0523-03-000020.jpg,data/mined/v07_canonical_lookalike_candidates/crops/nw-0523-03-000020__candidate_02.png,2,302,406,334,421,270,366,366,462,307,0.074951171875,0.9998825788497925,0.17347800436047464,0.5967138671875,0.040029296875
nc-0060-00-000060:01,LOOK_ALIKE,DARTIS_CANONICAL_NO_OIL_NC_NW,nc-0060-00-000060,nc,train,data/external/dartis/raw/nc/nc-0060-00-000060.jpg,data/mined/v07_canonical_lookalike_candidates/crops/nc-0060-00-000060__candidate_01.png,1,102,269,172,306,78,240,197,336,506,0.12353515624999999,0.9998667240142822,0.17347800436047464,0.69070556640625,0.0262646484375
nw-0722-04-000057:04,LOOK_ALIKE,DARTIS_CANONICAL_NO_OIL_NC_NW,nw-0722-04-000057,nw,train,data/external/dartis/raw/nw/nw-0722-04-000057.jpg,data/mined/v07_canonical_lookalike_candidates/crops/nw-0722-04-000057__candidate_04.png,4,143,348,195,376,121,314,217,410,239,0.058349609375,0.9998667240142822,0.17347800436047464,0.96601806640625,0.0337158203125
nw-1924-11-000158:02,LOOK_ALIKE,DARTIS_CANONICAL_NO_OIL_NC_NW,nw-1924-11-000158,nw,train,data/external/dartis/raw/nw/nw-1924-11-000158.jpg,data/mined/v07_canonical_lookalike_candidates/crops/nw-1924-11-000158__candidate_02.png,2,1,398,30,494,0,364,96,527,255,0.06225585937499999,0.9997953772544861,0.17347800436047464,0.9639453125,0.0360546875
nc-0279-03-000044:04,LOOK_ALIKE,DARTIS_CANONICAL_NO_OIL_NC_NW,nc-0279-03-000044,nc,train,data/external/dartis/raw/nc/nc-0279-03-000044.jpg,data/mined/v07_canonical_lookalike_candidates/crops/nc-0279-03-000044__candidate_04.png,4,136,1,178,176,109,0,205,298,1549,0.378173828125,0.9997490048408508,0.17347800436047464,0.50758544921875,0.0171923828125
nc-0060-00-000060:03,LOOK_ALIKE,DARTIS_CANONICAL_NO_OIL_NC_NW,nc-0060-00-000060,nc,train,data/external/dartis/raw/nc/nc-0060-00-000060.jpg,data/mined/v07_canonical_lookalike_candidates/crops/nc-0060-00-000060__candidate_03.png,3,332,558,392,626,311,524,413,640,347,0.084716796875,0.9997400641441345,0.17347800436047464,0.69070556640625,0.0262646484375
nc-0082-01-000006:02,LOOK_ALIKE,DARTIS_CANONICAL_NO_OIL_NC_NW,nc-0082-01-000006,nc,train,data/external/dartis/raw/nc/nc-0082-01-000006.jpg,data/mined/v07_canonical_lookalike_candidates/crops/nc-0082-01-000006__candidate_02.png,2,140,513,211,608,115,478,236,640,1978,0.48291015625,0.9996092915534973,0.17347800436047464,0.54695556640625,0.09062744140625
nc-0156-01-000080:01,LOOK_ALIKE,DARTIS_CANONICAL_NO_OIL_NC_NW,nc-0156-01-000080,nc,train,data/external/dartis/raw/nc/nc-0156-01-000080.jpg,data/mined/v07_canonical_lookalike_candidates/crops/nc-0156-01-000080__candidate_01.png,1,0,101,87,195,0,68,148,228,1952,0.4765625,0.999514102935791,0.17347800436047464,0.91408447265625,0.03225341796875
nc-0317-04-000038:04,LOOK_ALIKE,DARTIS_CANONICAL_NO_OIL_NC_NW,nc-0317-04-000038,nc,train,data/external/dartis/raw/nc/nc-0317-04-000038.jpg,data/mined/v07_canonical_lookalike_candidates/crops/nc-0317-04-000038__candidate_04.png,4,488,447,556,534,464,416,580,564,549,0.134033203125,0.9994126558303833,0.17347800436047464,0.71239013671875,0.026123046875
nw-1776-11-000010:02,LOOK_ALIKE,DARTIS_CANONICAL_NO_OIL_NC_NW,nw-1776-11-000010,nw,train,data/external/dartis/raw/nw/nw-1776-11-000010.jpg,data/mined/v07_canonical_lookalike_candidates/crops/nw-1776-11-000010__candidate_02.png,2,54,94,119,114,32,56,142,152,262,0.06396484375,0.9993144273757935,0.17347800436047464,0.96211669921875,0.037880859375
nc-0279-03-000044:02,LOOK_ALIKE,DARTIS_CANONICAL_NO_OIL_NC_NW,nc-0279-03-000044,nc,train,data/external/dartis/raw/nc/nc-0279-03-000044.jpg,data/mined/v07_canonical_lookalike_candidates/crops/nc-0279-03-000044__candidate_02.png,2,174,171,290,222,134,148,331,244,1631,0.39819335937499994,0.9983330368995667,0.17347800436047464,0.50758544921875,0.0171923828125
nw-0722-04-000057:01,LOOK_ALIKE,DARTIS_CANONICAL_NO_OIL_NC_NW,nw-0722-04-000057,nw,train,data/external/dartis/raw/nw/nw-0722-04-000057.jpg,data/mined/v07_canonical_lookalike_candidates/crops/nw-0722-04-000057__candidate_01.png,1,240,140,335,231,206,108,368,263,949,0.231689453125,0.9974602460861206,0.17347800436047464,0.96601806640625,0.0337158203125
nc-0331-04-000052:03,LOOK_ALIKE,DARTIS_CANONICAL_NO_OIL_NC_NW,nc-0331-04-000052,nc,train,data/external/dartis/raw/nc/nc-0331-04-000052.jpg,data/mined/v07_canonical_lookalike_candidates/crops/nc-0331-04-000052__candidate_03.png,3,561,316,639,639,507,91,640,640,14697,3.588134765625,0.997369647026062,0.17347800436047464,0.36776123046875,0.08464111328125
nc-0092-01-000016:02,LOOK_ALIKE,DARTIS_CANONICAL_NO_OIL_NC_NW,nc-0092-01-000016,nc,train,data/external/dartis/raw/nc/nc-0092-01-000016.jpg,data/mined/v07_canonical_lookalike_candidates/crops/nc-0092-01-000016__candidate_02.png,2,43,37,66,177,6,0,102,238,1094,0.26708984375,0.9970158338546753,0.17347800436047464,0.5337109375,0.15488037109375
nc-0036-00-000036:05,LOOK_ALIKE,DARTIS_CANONICAL_NO_OIL_NC_NW,nc-0036-00-000036,nc,train,data/external/dartis/raw/nc/nc-0036-00-000036.jpg,data/mined/v07_canonical_lookalike_candidates/crops/nc-0036-00-000036__candidate_05.png,5,75,328,214,350,26,291,262,387,514,0.12548828125,0.9969417452812195,0.17347800436047464,0.707724609375,0.05110595703125
nc-0027-00-000027:02,LOOK_ALIKE,DARTIS_CANONICAL_NO_OIL_NC_NW,nc-0027-00-000027,nc,train,data/external/dartis/raw/nc/nc-0027-00-000027.jpg,data/mined/v07_canonical_lookalike_candidates/crops/nc-0027-00-000027__candidate_02.png,2,104,363,169,393,82,330,192,426,453,0.110595703125,0.9963942170143127,0.17347800436047464,0.9379296875,0.04782958984375
nc-0012-00-000012:01,LOOK_ALIKE,DARTIS_CANONICAL_NO_OIL_NC_NW,nc-0012-00-000012,nc,train,data/external/dartis/raw/nc/nc-0012-00-000012.jpg,data/mined/v07_canonical_lookalike_candidates/crops/nc-0012-00-000012__candidate_01.png,1,171,395,289,457,130,374,331,479,2637,0.643798828125,0.9960642457008362,0.17347800436047464,0.8575830078125,0.0377978515625
nw-0722-04-000057:02,LOOK_ALIKE,DARTIS_CANONICAL_NO_OIL_NC_NW,nw-0722-04-000057,nw,train,data/external/dartis/raw/nw/nw-0722-04-000057.jpg,data/mined/v07_canonical_lookalike_candidates/crops/nw-0722-04-000057__candidate_02.png,2,500,375,580,411,472,345,608,441,324,0.0791015625,0.9957640171051025,0.17347800436047464,0.96601806640625,0.0337158203125
nw-1776-11-000010:01,LOOK_ALIKE,DARTIS_CANONICAL_NO_OIL_NC_NW,nw-1776-11-000010,nw,train,data/external/dartis/raw/nw/nw-1776-11-000010.jpg,data/mined/v07_canonical_lookalike_candidates/crops/nw-1776-11-000010__candidate_01.png,1,12,127,90,151,0,91,133,187,379,0.092529296875,0.9952287673950195,0.17347800436047464,0.96211669921875,0.037880859375
nc-0036-00-000036:04,LOOK_ALIKE,DARTIS_CANONICAL_NO_OIL_NC_NW,nc-0036-00-000036,nc,train,data/external/dartis/raw/nc/nc-0036-00-000036.jpg,data/mined/v07_canonical_lookalike_candidates/crops/nc-0036-00-000036__candidate_04.png,4,204,242,304,294,169,220,339,316,891,0.217529296875,0.993841290473938,0.17347800436047464,0.707724609375,0.05110595703125
nc-0279-03-000044:01,LOOK_ALIKE,DARTIS_CANONICAL_NO_OIL_NC_NW,nc-0279-03-000044,nc,train,data/external/dartis/raw/nc/nc-0279-03-000044.jpg,data/mined/v07_canonical_lookalike_candidates/crops/nc-0279-03-000044__candidate_01.png,1,360,404,433,639,334,240,458,640,2833,0.691650390625,0.9888603091239929,0.17347800436047464,0.50758544921875,0.0171923828125
nw-1924-11-000158:03,LOOK_ALIKE,DARTIS_CANONICAL_NO_OIL_NC_NW,nw-1924-11-000158,nw,train,data/external/dartis/raw/nw/nw-1924-11-000158.jpg,data/mined/v07_canonical_lookalike_candidates/crops/nw-1924-11-000158__candidate_03.png,3,141,418,221,483,113,396,249,506,255,0.06225585937499999,0.9878492951393127,0.17347800436047464,0.9639453125,0.0360546875
nc-0098-01-000022:01,LOOK_ALIKE,DARTIS_CANONICAL_NO_OIL_NC_NW,nc-0098-01-000022,nc,train,data/external/dartis/raw/nc/nc-0098-01-000022.jpg,data/mined/v07_canonical_lookalike_candidates/crops/nc-0098-01-000022__candidate_01.png,1,391,106,639,389,218,7,640,488,2142,0.52294921875,0.6901244521141052,0.17347800436047464,0.5045947265625,0.03258544921875
nc-0268-03-000033:01,LOOK_ALIKE,DARTIS_CANONICAL_NO_OIL_NC_NW,nc-0268-03-000033,nc,train,data/external/dartis/raw/nc/nc-0268-03-000033.jpg,data/mined/v07_canonical_lookalike_candidates/crops/nc-0268-03-000033__candidate_01.png,1,255,132,350,261,222,87,384,306,1350,0.32958984375,0.6645872592926025,0.17347800436047464,0.46904296875,0.026357421875
nw-0539-03-000036:01,LOOK_ALIKE,DARTIS_CANONICAL_NO_OIL_NC_NW,nw-0539-03-000036,nw,train,data/external/dartis/raw/nw/nw-0539-03-000036.jpg,data/mined/v07_canonical_lookalike_candidates/crops/nw-0539-03-000036__candidate_01.png,1,394,501,523,586,349,472,568,616,5100,1.2451171875,0.6322444677352905,0.17347800436047464,0.93822509765625,0.0340625
nc-0092-01-000016:01,LOOK_ALIKE,DARTIS_CANONICAL_NO_OIL_NC_NW,nc-0092-01-000016,nc,train,data/external/dartis/raw/nc/nc-0092-01-000016.jpg,data/mined/v07_canonical_lookalike_candidates/crops/nc-0092-01-000016__candidate_01.png,1,110,176,212,381,74,104,247,452,2221,0.542236328125,0.5961296558380127,0.17347800436047464,0.5337109375,0.15488037109375
nc-0083-01-000007:01,LOOK_ALIKE,DARTIS_CANONICAL_NO_OIL_NC_NW,nc-0083-01-000007,nc,train,data/external/dartis/raw/nc/nc-0083-01-000007.jpg,data/mined/v07_canonical_lookalike_candidates/crops/nc-0083-01-000007__candidate_01.png,1,1,0,283,407,0,0,479,640,7404,1.8076171875000002,0.5534913539886475,0.17347800436047464,0.87675537109375,0.01270751953125
nc-0223-02-000063:01,LOOK_ALIKE,DARTIS_CANONICAL_NO_OIL_NC_NW,nc-0223-02-000063,nc,train,data/external/dartis/raw/nc/nc-0223-02-000063.jpg,data/mined/v07_canonical_lookalike_candidates/crops/nc-0223-02-000063__candidate_01.png,1,197,384,484,640,96,205,584,640,32900,8.0322265625,0.20586545765399933,0.17347800436047464,0.63349365234375,0.0465771484375
